-0.00011,1.72912,0.50358,400.00000
0.00382,1.72232,0.51394,500.00000
-0.00009,1.72113,0.48698,400.00000
0.00203,1.75009,0.50419,650.00000
0.00215,1.72925,0.48936,350.00000
0.00316,1.73074,0.49243,400.00000
0.00545,1.74702,0.49753,200.00000
0.00341,1.73193,0.51227,0.00000
-0.00014,1.75123,0.51766,100.00000
0.00235,1.71832,0.49602,600.00000
0.00476,1.74493,0.50291,300.00000
0.00358,1.71931,0.50394,550.00000
0.00435,1.74498,0.52244,350.00000
0.00432,1.72766,0.48918,350.00000
0.00168,1.72267,0.49386,650.00000
0.00360,1.73978,0.49211,500.00000
0.00286,1.71465,0.48874,0.00000
0.00185,1.72879,0.52496,650.00000
0.00213,1.72860,0.50107,500.00000
0.00363,1.71765,0.50182,700.00000
-0.00013,1.71435,0.49629,400.00000
0.00213,1.72333,0.51501,750.00000
0.00204,1.71596,0.49290,300.00000
-0.00010,1.72530,0.49533,550.00000
0.00334,1.72470,0.52327,350.00000
0.00308,1.74003,0.49166,750.00000
0.00273,1.75587,0.49900,400.00000
0.00305,1.73294,0.49090,500.00000
0.00212,1.71298,0.50933,500.00000
0.00252,1.75041,0.52292,450.00000
0.00281,1.73001,0.47671,300.00000
0.00237,1.73005,0.50189,800.00000
0.00410,1.77264,0.46500,200.00000
0.00300,1.72230,0.49365,350.00000
0.00386,1.77054,0.51578,650.00000
-0.00011,1.75042,0.50541,350.00000
-0.00006,1.72786,0.50117,450.00000
0.00152,1.73775,0.50027,800.00000
-0.00012,1.74589,0.51184,300.00000
0.00149,1.74921,0.50326,350.00000
0.00151,1.72775,0.50156,550.00000
0.00300,1.71767,0.48585,650.00000
0.00316,1.74268,0.51645,850.00000
0.00355,1.72961,0.50000,350.00000
0.00160,1.74783,0.50261,700.00000
0.00284,1.71650,0.49451,500.00000
0.00216,1.77516,0.50433,100.00000
0.00331,1.72594,0.48532,150.00000
0.00173,1.72448,0.50553,350.00000
-0.00014,1.71650,0.49864,250.00000
0.00323,1.74306,0.50205,550.00000
0.00660,1.74161,0.52721,350.00000
0.00360,1.73463,0.49327,200.00000
0.00349,1.74114,0.50977,300.00000
0.00355,1.75329,0.51398,300.00000
0.00296,1.73746,0.51494,750.00000
0.00356,1.74301,0.51176,150.00000
0.00222,1.74608,0.50816,300.00000
-0.00009,1.74954,0.51638,700.00000
0.00376,1.73064,0.50548,550.00000
0.00295,1.77342,0.51209,100.00000
0.00200,1.73354,0.49686,750.00000
0.00241,1.75280,0.51829,500.00000
-0.00007,1.72733,0.49326,750.00000
0.00329,1.72106,0.50150,1000.00000
0.00347,1.72548,0.49366,250.00000
0.00355,1.77204,0.51768,200.00000
0.00314,1.75718,0.49521,350.00000
0.00322,1.72897,0.50373,800.00000
-0.00011,1.74930,0.50022,750.00000
0.00172,1.74722,0.50679,400.00000
0.00474,1.76895,0.48558,300.00000
0.00195,1.76996,0.50467,300.00000
0.00271,1.76740,0.52655,500.00000
0.00263,1.78657,0.49528,750.00000
0.00370,1.74919,0.50633,700.00000
0.00342,1.76260,0.49461,100.00000
0.00168,1.74457,0.49688,600.00000
0.00383,1.75739,0.48573,500.00000
-0.00016,1.76292,0.49789,450.00000
0.00350,1.72498,0.49964,550.00000
0.00339,1.75660,0.49806,550.00000
-0.00014,1.74443,0.49296,600.00000
0.00508,1.66329,0.52762,200.00000
0.00213,1.73512,0.51277,150.00000
0.00263,1.74789,0.49945,200.00000
0.00307,1.71741,0.48446,800.00000
0.00275,1.74553,0.50874,550.00000
0.00279,1.76162,0.48454,400.00000
0.00284,1.73936,0.51009,200.00000
-0.00009,1.74408,0.51155,400.00000
0.00347,1.75398,0.49321,300.00000
0.00560,1.73709,0.46799,100.00000
0.00261,1.80065,0.49733,250.00000
0.00381,1.77934,0.50733,400.00000
-0.00015,1.73867,0.50165,450.00000
0.00203,1.72808,0.52466,750.00000
0.00409,1.72650,0.48817,450.00000
0.00291,1.77489,0.51406,200.00000
0.00320,1.75333,0.50798,200.00000
0.00387,1.74621,0.52099,100.00000
0.00371,1.77617,0.49236,200.00000
0.00299,1.73865,0.50044,750.00000
0.00203,1.73383,0.49726,450.00000
0.00341,1.73242,0.49173,700.00000
0.00845,1.75298,0.48978,50.00000
0.00182,1.72922,0.48632,900.00000
0.00322,1.75639,0.49028,400.00000
0.00306,1.73305,0.48616,300.00000
0.00353,1.73497,0.51451,500.00000
0.00254,1.74226,0.51670,250.00000
-0.00012,1.73311,0.49913,0.00000
0.00349,1.74983,0.50174,100.00000
-0.00013,1.73348,0.50146,300.00000
0.00180,1.73447,0.50335,800.00000
0.00310,1.75457,0.48678,600.00000
0.00396,1.72158,0.48663,400.00000
0.00382,1.71646,0.48730,0.00000
0.00363,1.75959,0.49793,350.00000
0.00313,1.74051,0.53925,400.00000
0.00366,1.74645,0.47454,500.00000
0.00243,1.72421,0.48881,350.00000
-0.00008,1.72090,0.48449,450.00000
0.00244,1.73012,0.48980,250.00000
0.00269,1.75851,0.50002,350.00000
0.00312,1.76222,0.50641,350.00000
0.00354,1.77056,0.49961,300.00000
0.00327,1.75113,0.51784,950.00000
0.00324,1.71854,0.48258,300.00000
0.00257,1.73998,0.49318,250.00000
0.00391,1.74143,0.48808,850.00000
0.00385,1.75916,0.49929,250.00000
0.00367,1.75826,0.50932,250.00000
0.00341,1.75602,0.49762,550.00000
0.00428,1.75979,0.51588,300.00000
0.00165,1.72992,0.50291,900.00000
0.00300,1.73822,0.51282,400.00000
0.00446,1.75159,0.53141,450.00000
0.00331,1.72288,0.50233,400.00000
0.00342,1.73386,0.50454,500.00000
0.00374,1.76146,0.50189,400.00000
0.00198,1.74319,0.51792,550.00000
-0.00012,1.78034,0.52360,700.00000
0.00431,1.75485,0.51119,550.00000
-0.00008,1.73898,0.49305,400.00000
0.00428,1.77455,0.52307,450.00000
-0.00013,1.73364,0.49424,700.00000
-0.00011,1.73630,0.49675,650.00000
0.00295,1.75375,0.50165,550.00000
-0.00009,1.73814,0.52950,600.00000
0.00324,1.73474,0.51563,600.00000
0.00287,1.72419,0.51213,500.00000
0.00250,1.73929,0.48625,500.00000
0.00304,1.76548,0.51504,750.00000
0.00208,1.74698,0.50568,500.00000
0.00398,1.72760,0.50219,650.00000
-0.00009,1.74148,0.51132,850.00000
0.00282,1.72329,0.50200,900.00000
0.00187,1.74414,0.52005,450.00000
0.00171,1.73916,0.51178,300.00000
0.00373,1.75148,0.52181,500.00000
0.00403,1.75707,0.47946,300.00000
0.00377,1.73991,0.52862,600.00000
0.00420,1.70673,0.48912,700.00000
0.00329,1.72376,0.47673,300.00000
0.00556,1.73515,0.51258,350.00000
0.00385,1.73534,0.49035,250.00000
0.00397,1.76145,0.50743,200.00000
0.00410,1.76520,0.49817,400.00000
0.00339,1.74035,0.49281,600.00000
-0.00011,1.73751,0.51900,750.00000
0.00293,1.71512,0.51066,700.00000
0.00252,1.73629,0.50626,250.00000
-0.00006,1.73655,0.49897,350.00000
0.00191,1.76243,0.49119,400.00000
0.00504,1.73493,0.49977,250.00000
-0.00012,1.72640,0.50230,400.00000
0.00405,1.78061,0.52138,250.00000
0.00285,1.74462,0.49887,900.00000
0.00367,1.73982,0.49509,450.00000
0.00327,1.74395,0.51710,300.00000
0.00418,1.73990,0.48586,300.00000
0.00406,1.70925,0.48910,550.00000
-0.00018,1.72182,0.55034,0.00000
0.00443,1.75067,0.52991,350.00000
0.00501,1.73958,0.51105,400.00000
0.00457,1.74524,0.51377,250.00000
0.00279,1.74263,0.49762,650.00000
0.00532,1.75261,0.51469,450.00000
0.00336,1.74162,0.49969,550.00000
0.00548,1.75657,0.48831,100.00000
0.00291,1.74225,0.51185,350.00000
0.00390,1.73373,0.49622,400.00000
-0.00012,1.72481,0.49803,400.00000
0.00200,1.72990,0.50248,550.00000
-0.00008,1.71914,0.48713,700.00000
0.00397,1.77052,0.47403,450.00000
0.00260,1.72193,0.49473,400.00000
0.00299,1.74989,0.50636,700.00000
0.00251,1.75524,0.49383,350.00000
0.00487,1.74737,0.49896,400.00000
0.00270,1.73840,0.47729,500.00000
0.00274,1.74362,0.50453,550.00000
-0.00052,1.76931,0.53254,550.00000
0.00207,1.74683,0.49458,300.00000
0.00327,1.70500,0.48927,600.00000
0.00315,1.74720,0.51229,600.00000
0.00243,1.75549,0.50630,800.00000
0.00300,1.74505,0.50535,500.00000
0.00433,1.75237,0.50432,150.00000
0.00265,1.73174,0.50609,300.00000
0.00396,1.75750,0.50472,500.00000
0.00288,1.77121,0.50560,350.00000
0.00210,1.72311,0.50416,800.00000
0.00215,1.74909,0.50147,200.00000
-0.00008,1.73247,0.50175,850.00000
0.00250,1.72592,0.49252,500.00000
0.00345,1.77031,0.52090,400.00000
0.00291,1.74131,0.51971,550.00000
-0.00031,1.75756,0.49702,350.00000
0.00269,1.74427,0.50219,500.00000
0.00182,1.75772,0.50792,900.00000
0.00492,1.73434,0.49977,700.00000
0.00239,1.73700,0.48643,400.00000
-0.00009,1.74699,0.50933,450.00000
0.00254,1.73825,0.49285,500.00000
0.00204,1.74543,0.50547,650.00000
0.00271,1.74521,0.50436,350.00000
0.00288,1.71657,0.50743,750.00000
0.00871,1.70757,0.52144,150.00000
-0.00010,1.75862,0.52624,450.00000
0.00424,1.73564,0.50397,0.00000
0.00513,1.72735,0.48653,200.00000
0.00237,1.73873,0.48853,650.00000
0.00548,1.67333,0.55517,200.00000
0.00233,1.73706,0.49658,450.00000
0.00462,1.74692,0.49807,300.00000
0.00386,1.74617,0.51998,650.00000
0.00452,1.76796,0.50853,550.00000
0.00148,1.73581,0.50978,700.00000
0.00490,1.76417,0.50957,550.00000
0.00416,1.75576,0.50314,650.00000
0.00226,1.74321,0.50678,650.00000
0.00381,1.75761,0.49772,550.00000
0.00342,1.74378,0.48737,200.00000
0.00201,1.74159,0.51211,400.00000
0.00246,1.75078,0.50027,850.00000
0.00324,1.73998,0.50954,200.00000
0.00227,1.74179,0.49486,300.00000
-0.00011,1.73443,0.50618,500.00000
0.00395,1.72814,0.50875,350.00000
0.00319,1.72990,0.49356,550.00000
0.00213,1.72576,0.49946,850.00000
-0.00008,1.74527,0.52139,1000.00000
0.00399,1.76773,0.49002,350.00000
0.00281,1.74291,0.49672,650.00000
0.00300,1.71387,0.50854,50.00000
0.00289,1.74049,0.51066,300.00000
0.00411,1.72950,0.50167,500.00000
-0.00009,1.71193,0.49752,550.00000
0.00390,1.72445,0.49167,600.00000
0.00236,1.75271,0.49952,450.00000
0.00295,1.72669,0.49633,300.00000
-0.00011,1.74322,0.50817,300.00000
0.00385,1.76963,0.52031,400.00000
0.00399,1.72904,0.50268,250.00000
0.00305,1.74068,0.49376,550.00000
0.00346,1.71247,0.48109,400.00000
0.00248,1.75384,0.49024,300.00000
0.00269,1.77142,0.48439,500.00000
-0.00013,1.74212,0.50738,0.00000
0.00298,1.72772,0.47786,550.00000
0.00267,1.73124,0.48682,400.00000
0.00552,1.77308,0.51595,400.00000
0.00184,1.71573,0.51615,600.00000
0.00289,1.74570,0.49669,300.00000
0.00419,1.74544,0.51567,350.00000
0.00328,1.73600,0.51274,550.00000
0.00529,1.73373,0.48685,350.00000
0.00209,1.75361,0.51579,850.00000
0.00358,1.74727,0.48175,650.00000
-0.00010,1.75559,0.47446,400.00000
0.00280,1.74215,0.49394,350.00000
-0.00055,1.70505,0.49887,600.00000
0.00265,1.75411,0.49390,100.00000
-0.00012,1.74152,0.49829,700.00000
0.00250,1.74434,0.49487,950.00000
0.00233,1.75503,0.52281,500.00000
0.00485,1.75913,0.50518,350.00000
0.00383,1.72885,0.49191,950.00000
0.00417,1.75848,0.50798,150.00000
0.00316,1.72055,0.49782,550.00000
0.00464,1.74363,0.50213,0.00000
0.00235,1.72620,0.49035,400.00000
0.00461,1.70792,0.50718,600.00000
-0.00016,1.77454,0.51056,350.00000
0.00562,1.69923,0.56075,0.00000
0.00405,1.74277,0.49465,0.00000
0.00213,1.74131,0.49630,350.00000
0.00185,1.73493,0.49421,750.00000
-0.00009,1.71191,0.49827,950.00000
0.00212,1.72384,0.50080,550.00000
0.00324,1.77323,0.51065,600.00000
0.00245,1.72859,0.49485,400.00000
0.00353,1.74424,0.49910,1000.00000
0.00446,1.76093,0.51514,200.00000
0.00353,1.74314,0.48963,250.00000
0.00472,1.73335,0.49778,0.00000
0.00320,1.75463,0.50013,300.00000
0.00186,1.73745,0.49555,350.00000
-0.00013,1.72048,0.49508,250.00000
0.00454,1.73554,0.48610,350.00000
0.00407,1.74748,0.52236,450.00000
-0.00009,1.70221,0.49642,500.00000
0.00418,1.74845,0.50117,400.00000
0.00304,1.70288,0.48453,750.00000
0.00200,1.70077,0.50502,500.00000
0.00432,1.72866,0.51039,350.00000
0.00342,1.73307,0.48894,350.00000
0.00434,1.74625,0.48032,500.00000
0.00274,1.73467,0.50375,450.00000
0.00202,1.74817,0.48602,850.00000
0.00223,1.71443,0.50474,400.00000
0.00289,1.71805,0.48601,600.00000
0.00350,1.75523,0.49562,500.00000
-0.00013,1.72796,0.50087,250.00000
0.00358,1.70780,0.48312,300.00000
0.00295,1.75845,0.49619,700.00000
0.00421,1.74556,0.50130,550.00000
0.00315,1.76028,0.49324,400.00000
-0.00010,1.75561,0.51027,300.00000
0.00358,1.74553,0.50906,500.00000
0.00295,1.72249,0.51789,300.00000
0.00181,1.73660,0.49687,750.00000
0.00263,1.77122,0.51342,850.00000
0.00292,1.72830,0.50166,100.00000
0.00399,1.74496,0.52453,450.00000
0.00244,1.75836,0.51435,600.00000
-0.00009,1.72256,0.48617,800.00000
0.00267,1.73535,0.49467,300.00000
0.00535,1.76685,0.50892,250.00000
0.00288,1.76769,0.50276,350.00000
0.00388,1.74526,0.51208,1000.00000
-0.00009,1.71990,0.52660,750.00000
-0.00008,1.73640,0.49366,350.00000
0.00318,1.77564,0.49514,600.00000
0.00260,1.74526,0.50354,500.00000
0.00299,1.78037,0.50218,350.00000
0.00270,1.74009,0.49545,200.00000
0.00159,1.74274,0.50199,500.00000
0.00103,1.75092,0.50443,850.00000
0.00537,1.74260,0.48497,350.00000
0.00376,1.75161,0.51269,0.00000
0.00340,1.76257,0.50082,550.00000
0.00332,1.74131,0.50224,550.00000
0.00380,1.76345,0.50240,400.00000
0.00416,1.72672,0.50311,700.00000
0.00254,1.72087,0.51775,500.00000
0.00226,1.74431,0.50838,450.00000
0.00196,1.72188,0.49765,1000.00000
0.00227,1.76115,0.50070,600.00000
0.00360,1.75194,0.51239,300.00000
0.00398,1.72989,0.47872,250.00000
0.00313,1.71598,0.50449,350.00000
0.00349,1.78286,0.50651,100.00000
0.00195,1.71791,0.49462,700.00000
0.00228,1.73584,0.49643,600.00000
0.01283,1.65274,0.48065,100.00000
0.00239,1.73010,0.50427,650.00000
-0.00012,1.74310,0.50001,350.00000
0.00315,1.74189,0.51388,150.00000
0.00462,1.74354,0.49542,0.00000
0.00277,1.73443,0.50612,600.00000
0.00235,1.74176,0.50627,800.00000
0.00313,1.74541,0.51411,900.00000
0.00343,1.74389,0.49951,350.00000
0.00282,1.75286,0.50205,950.00000
0.00438,1.71537,0.49731,600.00000
0.00194,1.73529,0.50098,800.00000
0.00305,1.75590,0.51871,400.00000
0.00352,1.72119,0.46939,650.00000
0.00210,1.77381,0.50236,800.00000
0.00379,1.77402,0.50580,500.00000
0.00367,1.75992,0.51021,100.00000
0.00343,1.73669,0.50340,450.00000
0.00294,1.73347,0.50403,950.00000
0.00340,1.77950,0.49175,200.00000
0.00258,1.73590,0.48099,450.00000
0.00410,1.72905,0.49436,700.00000
0.00339,1.74726,0.51885,200.00000
0.00243,1.73592,0.49326,650.00000
0.00277,1.74566,0.50247,650.00000
0.00336,1.75395,0.49679,550.00000
0.00239,1.73364,0.51594,500.00000
0.00275,1.74245,0.50229,400.00000
0.00330,1.74655,0.50467,600.00000
0.00432,1.77054,0.48703,650.00000
0.00240,1.74333,0.50305,250.00000
0.00248,1.75703,0.49906,400.00000
0.00238,1.73388,0.48918,400.00000
0.00160,1.71603,0.49283,900.00000
0.00267,1.72651,0.48232,750.00000
0.00392,1.76161,0.51580,650.00000
0.00358,1.72761,0.51816,700.00000
0.00209,1.72806,0.49681,750.00000
0.00463,1.74042,0.47722,550.00000
0.00238,1.74763,0.50662,500.00000
0.00337,1.74324,0.50960,350.00000
0.00207,1.73027,0.50811,900.00000
0.00279,1.73307,0.47051,1000.00000
0.00279,1.75961,0.51540,350.00000
-0.00019,1.72865,0.48901,0.00000
0.00229,1.73269,0.52336,550.00000
0.00216,1.76403,0.50166,850.00000
0.00433,1.74313,0.48929,450.00000
-0.00012,1.75943,0.48980,400.00000
-0.00009,1.74186,0.49184,400.00000
0.00325,1.74119,0.49318,600.00000
0.00439,1.74359,0.49062,300.00000
-0.00007,1.73526,0.51167,800.00000
0.00204,1.74444,0.52539,850.00000
0.00249,1.72563,0.48631,450.00000
0.00290,1.74317,0.53421,700.00000
0.00245,1.75491,0.50946,300.00000
0.00184,1.72288,0.50142,400.00000
0.00425,1.75665,0.49485,250.00000
-0.00009,1.73803,0.48970,350.00000
0.00334,1.72463,0.50466,600.00000
0.00432,1.75269,0.49270,300.00000
-0.00012,1.71678,0.52073,250.00000
0.00234,1.72906,0.50631,500.00000
0.00365,1.72455,0.50162,400.00000
0.00276,1.70274,0.48369,600.00000
-0.00010,1.72792,0.50316,350.00000
0.00180,1.73378,0.49834,550.00000
0.00263,1.75156,0.48114,450.00000
0.00260,1.74538,0.51953,650.00000
0.00273,1.75396,0.51394,500.00000
0.00300,1.74432,0.50158,150.00000
0.00259,1.73015,0.49419,350.00000
0.00542,1.75032,0.49641,250.00000
0.00276,1.74454,0.49294,650.00000
0.00165,1.72783,0.49624,250.00000
-0.00027,1.74109,0.53367,550.00000
0.00369,1.75254,0.51383,450.00000
-0.00010,1.74236,0.50661,400.00000
0.00087,1.73997,0.51082,200.00000
0.00237,1.72954,0.50296,900.00000
0.00346,1.73339,0.50205,400.00000
-0.00009,1.72844,0.48973,750.00000
0.00296,1.76206,0.48323,350.00000
0.00359,1.75699,0.54680,550.00000
0.00488,1.76095,0.51198,150.00000
0.00216,1.75551,0.51861,600.00000
0.00503,1.76526,0.49623,350.00000
0.00329,1.73838,0.51444,250.00000
0.00271,1.73060,0.49282,400.00000
0.00257,1.73229,0.50066,400.00000
0.00408,1.74896,0.52238,450.00000
0.00318,1.75200,0.50235,850.00000
0.00377,1.72854,0.50296,150.00000
0.00303,1.72860,0.51502,650.00000
0.00422,1.73255,0.49739,450.00000
0.00263,1.75510,0.48349,400.00000
0.00520,1.75978,0.50495,600.00000
0.00269,1.75520,0.50633,350.00000
0.00244,1.75595,0.51353,850.00000
0.00633,1.67966,0.55510,0.00000
-0.00012,1.75291,0.51235,1000.00000
-0.00009,1.73584,0.51317,700.00000
0.00186,1.72613,0.49806,450.00000
0.00291,1.71946,0.49706,650.00000
0.00432,1.76697,0.50033,650.00000
0.00399,1.73094,0.49462,350.00000
0.00298,1.76419,0.49694,650.00000
0.00204,1.74986,0.51562,500.00000
0.00552,1.72717,0.50050,400.00000
0.00257,1.74785,0.49372,400.00000
-0.00010,1.73275,0.52407,400.00000
0.00180,1.73797,0.48710,400.00000
0.00183,1.75251,0.52251,750.00000
0.00355,1.76273,0.50719,350.00000
-0.00011,1.74595,0.49822,300.00000
0.00257,1.76067,0.50347,200.00000
0.00240,1.75414,0.49723,550.00000
0.00225,1.75557,0.51742,800.00000
0.00234,1.74146,0.49908,450.00000
0.00400,1.73531,0.50382,300.00000
0.00206,1.73793,0.51177,850.00000
0.00268,1.73225,0.51298,950.00000
0.00231,1.75150,0.50979,350.00000
0.00459,1.74378,0.50598,550.00000
0.00322,1.73155,0.49318,900.00000
0.00270,1.73638,0.49710,900.00000
-0.00010,1.72417,0.50207,850.00000
0.00466,1.74187,0.51388,300.00000
0.00226,1.73902,0.47868,250.00000
0.00368,1.71070,0.49009,650.00000
0.00291,1.77488,0.50090,300.00000
0.00369,1.73877,0.49021,300.00000
0.00299,1.74747,0.50151,500.00000
0.00366,1.77425,0.50043,300.00000
0.00340,1.73511,0.49645,200.00000
0.00528,1.72389,0.48843,300.00000
0.00354,1.74641,0.51673,450.00000
0.00410,1.76360,0.49963,0.00000
0.00238,1.71133,0.49769,600.00000
0.00363,1.73354,0.51486,600.00000
0.00549,1.75239,0.49380,600.00000
0.00398,1.74293,0.49998,100.00000
0.00389,1.73081,0.52607,350.00000
0.00637,1.73871,0.48109,250.00000
0.00162,1.74404,0.50074,650.00000
0.00443,1.72955,0.50977,750.00000
0.00260,1.74566,0.50246,800.00000
0.00562,1.67837,0.53769,350.00000
-0.00010,1.74186,0.50481,550.00000
0.00245,1.76513,0.51056,950.00000
0.00309,1.74549,0.52863,800.00000
0.00242,1.72862,0.50401,550.00000
0.00433,1.74711,0.48973,900.00000
0.00465,1.76753,0.49945,850.00000
0.00141,1.75428,0.51280,1000.00000
0.00252,1.73472,0.48360,550.00000
0.00913,1.71879,0.49576,0.00000
0.00583,1.75834,0.51262,400.00000
0.00172,1.73896,0.52497,750.00000
0.00336,1.73671,0.49483,650.00000
0.00333,1.75259,0.51306,700.00000
0.00223,1.73630,0.50225,600.00000
0.00279,1.74097,0.51774,450.00000
0.00218,1.73232,0.49485,600.00000
0.00257,1.75534,0.50439,450.00000
0.00324,1.78707,0.50402,450.00000
0.00372,1.77119,0.49577,400.00000
0.00232,1.74543,0.50352,700.00000
0.00182,1.75688,0.50856,1000.00000
0.00247,1.74507,0.49687,500.00000
0.00363,1.73133,0.48961,400.00000
0.00285,1.76129,0.49640,800.00000
-0.00011,1.72057,0.49568,350.00000
0.00345,1.73751,0.52876,500.00000
0.00245,1.73494,0.50705,500.00000
0.00256,1.74655,0.50093,450.00000
0.00236,1.77286,0.51526,750.00000
0.00080,1.70629,0.51193,350.00000
0.00324,1.74976,0.49741,250.00000
-0.00011,1.75447,0.49987,600.00000
0.00219,1.73017,0.49880,500.00000
0.00446,1.75036,0.50689,550.00000
-0.00007,1.73428,0.49382,800.00000
0.00317,1.74773,0.51106,300.00000
-0.00011,1.72178,0.50029,500.00000
0.00275,1.72843,0.51473,400.00000
0.00235,1.74692,0.49949,500.00000
0.00264,1.73382,0.49507,750.00000
-0.00014,1.73069,0.51456,300.00000
0.00169,1.75417,0.50581,500.00000
-0.00008,1.73752,0.52666,400.00000
-0.00016,1.74075,0.51863,700.00000
-0.00013,1.72556,0.52143,350.00000
0.00009,1.75812,0.51100,800.00000
0.00420,1.76081,0.50104,700.00000
0.00382,1.76106,0.50393,350.00000
0.00405,1.74227,0.49927,300.00000
0.00313,1.73058,0.50905,650.00000
0.00281,1.78010,0.51977,350.00000
0.00304,1.73960,0.51260,800.00000
0.00422,1.71283,0.47956,150.00000
-0.00008,1.76344,0.51287,500.00000
-0.00009,1.72828,0.50670,600.00000
0.00293,1.72572,0.51409,250.00000
0.00315,1.73523,0.51281,300.00000
0.00239,1.74540,0.49426,350.00000
0.00567,1.74899,0.47966,300.00000
-0.00012,1.75842,0.51122,600.00000
0.00295,1.73973,0.49368,250.00000
0.00339,1.77256,0.51829,400.00000
0.00409,1.72879,0.51356,350.00000
0.00354,1.76634,0.51103,850.00000
-0.00010,1.72562,0.50744,750.00000
0.00452,1.74143,0.52746,250.00000
0.00247,1.72541,0.48334,450.00000
0.00352,1.74450,0.50403,350.00000
0.00348,1.75027,0.51839,900.00000
-0.00011,1.72547,0.49880,550.00000
0.00232,1.73673,0.48263,200.00000
0.00256,1.76668,0.50767,400.00000
0.00253,1.74785,0.49938,200.00000
0.00397,1.72535,0.48886,100.00000
0.00353,1.75301,0.50842,150.00000
0.00323,1.76058,0.49165,200.00000
0.00246,1.72223,0.50532,400.00000
-0.00010,1.72472,0.50621,300.00000
0.00357,1.77567,0.51803,400.00000
0.00238,1.73669,0.49697,500.00000
0.00394,1.74248,0.49975,350.00000
0.00243,1.77561,0.53533,50.00000
0.00259,1.73909,0.52061,350.00000
0.00260,1.73344,0.49316,500.00000
0.00205,1.74420,0.49785,850.00000
-0.00010,1.72704,0.51485,900.00000
-0.00012,1.77021,0.50521,400.00000
-0.00012,1.74562,0.50225,750.00000
0.00310,1.75028,0.51382,350.00000
0.00196,1.72978,0.50974,100.00000
0.00439,1.73947,0.50069,150.00000
0.00626,1.75123,0.48754,600.00000
0.00220,1.72848,0.50287,850.00000
0.00368,1.70937,0.53085,250.00000
0.00289,1.75161,0.50295,500.00000
-0.00008,1.71345,0.48681,300.00000
0.00354,1.73628,0.48560,500.00000
0.00469,1.72902,0.49477,350.00000
0.00134,1.74641,0.50873,500.00000
0.00266,1.75739,0.50503,450.00000
0.00355,1.70625,0.49423,400.00000
0.00189,1.72155,0.49404,900.00000
-0.00007,1.72887,0.49678,300.00000
0.00226,1.74065,0.49488,700.00000
0.00422,1.74742,0.48448,450.00000
0.00457,1.74573,0.50629,250.00000
0.00339,1.75339,0.50982,750.00000
0.00370,1.75747,0.49920,850.00000
0.00297,1.72432,0.47465,700.00000
0.00202,1.72656,0.50334,900.00000
0.00419,1.73381,0.48821,800.00000
0.00495,1.73891,0.50109,200.00000
0.00286,1.73142,0.50983,550.00000
0.00137,1.72354,0.51469,500.00000
-0.00007,1.72351,0.49294,1000.00000
0.00315,1.73717,0.52586,750.00000
0.00288,1.74161,0.50007,500.00000
0.00281,1.74474,0.48904,200.00000
0.00498,1.74786,0.49371,250.00000
0.00350,1.73495,0.51130,600.00000
0.00224,1.74807,0.49925,700.00000
0.00227,1.72542,0.50241,500.00000
0.00238,1.77808,0.49951,800.00000
0.00196,1.74520,0.48861,200.00000
-0.00008,1.70732,0.50963,400.00000
0.00305,1.73816,0.50048,100.00000
0.00221,1.72199,0.51006,1000.00000
0.00288,1.75307,0.48365,350.00000
0.00294,1.71273,0.49532,400.00000
0.00727,1.68931,0.55547,0.00000
0.00234,1.74112,0.50115,300.00000
0.00253,1.71828,0.50086,950.00000
-0.00013,1.72429,0.51237,300.00000
-0.00012,1.73242,0.48698,600.00000
0.00281,1.73992,0.50420,200.00000
0.00281,1.75654,0.48585,600.00000
-0.00009,1.74321,0.50837,150.00000
0.00218,1.73522,0.50058,500.00000
0.00249,1.76538,0.52018,600.00000
0.00239,1.77111,0.51506,400.00000
0.00271,1.73071,0.51633,350.00000
0.00277,1.75119,0.50857,800.00000
0.00273,1.76375,0.50418,300.00000
0.00280,1.73809,0.50091,750.00000
0.00684,1.75278,0.47930,0.00000
0.00355,1.71877,0.49587,750.00000
0.00393,1.75206,0.49294,250.00000
0.00249,1.71031,0.49415,700.00000
-0.00010,1.74888,0.48629,700.00000
0.00318,1.75737,0.52119,250.00000
0.00378,1.76412,0.51187,600.00000
0.00371,1.72896,0.50600,350.00000
0.00202,1.72859,0.48967,750.00000
-0.00013,1.75006,0.52457,700.00000
0.00323,1.74063,0.48768,300.00000
0.00528,1.75097,0.49714,300.00000
-0.00008,1.73085,0.50371,450.00000
0.00407,1.75944,0.49729,150.00000
-0.00012,1.75923,0.50289,250.00000
0.00412,1.76207,0.48734,350.00000
0.00368,1.73676,0.52222,300.00000
0.00252,1.75406,0.49856,500.00000
0.00350,1.76134,0.49201,400.00000
0.00270,1.71824,0.49733,900.00000
0.00226,1.74380,0.50874,900.00000
0.00483,1.72248,0.49002,350.00000
0.00336,1.77073,0.50216,550.00000
0.00373,1.74891,0.49448,1000.00000
0.00448,1.73798,0.48592,650.00000
0.00209,1.71713,0.49319,500.00000
0.00445,1.73496,0.49833,500.00000
0.00230,1.72651,0.48083,850.00000
-0.00009,1.75250,0.50045,600.00000
0.00287,1.74466,0.52581,800.00000
0.00357,1.72982,0.50306,650.00000
0.00461,1.76111,0.47070,200.00000
0.00486,1.76069,0.49053,350.00000
0.00242,1.74865,0.51708,0.00000
0.00429,1.73672,0.49209,450.00000
0.00209,1.74224,0.50876,250.00000
0.00242,1.73697,0.49233,950.00000
0.00254,1.74711,0.48034,500.00000
0.00236,1.74096,0.51491,450.00000
0.00321,1.75121,0.48680,350.00000
0.00362,1.74137,0.47259,300.00000
0.00337,1.75121,0.50008,400.00000
0.00156,1.72170,0.49523,250.00000
0.00267,1.71753,0.50689,300.00000
0.00369,1.73862,0.50218,600.00000
0.00393,1.73004,0.51642,300.00000
0.00251,1.76106,0.49979,650.00000
0.00477,1.76533,0.50981,950.00000
0.00396,1.77799,0.52046,250.00000
0.00757,1.80063,0.50001,550.00000
0.00425,1.74997,0.51835,650.00000
0.00274,1.74607,0.52071,800.00000
0.00668,1.75784,0.51014,250.00000
0.00323,1.75099,0.51354,500.00000
0.00390,1.74735,0.52187,500.00000
0.00369,1.75404,0.49374,400.00000
0.00357,1.72668,0.49916,0.00000
0.00215,1.76166,0.51105,300.00000
-0.00007,1.73644,0.48982,350.00000
0.00199,1.71810,0.47320,300.00000
-0.00011,1.71464,0.51869,150.00000
0.00390,1.78968,0.52053,400.00000
-0.00010,1.72267,0.52871,550.00000
0.00242,1.73062,0.49881,700.00000
0.00313,1.77204,0.53183,450.00000
0.00362,1.74925,0.51002,200.00000
0.00308,1.75832,0.50867,350.00000
0.00483,1.67673,0.56053,0.00000
0.00282,1.73436,0.51114,500.00000
0.00305,1.72317,0.50483,250.00000
0.00160,1.75830,0.52805,500.00000
-0.00012,1.72314,0.49681,350.00000
-0.00007,1.70962,0.49641,600.00000
0.00444,1.77604,0.51169,200.00000
0.00269,1.74352,0.51390,400.00000
0.00540,1.73268,0.51267,50.00000
-0.00009,1.74840,0.51202,700.00000
0.00348,1.78736,0.51769,300.00000
0.00291,1.74429,0.50905,300.00000
0.00173,1.74521,0.50404,700.00000
0.00310,1.72753,0.50012,350.00000
0.00242,1.71088,0.51231,600.00000
0.00275,1.72040,0.52078,600.00000
0.00284,1.73532,0.51168,300.00000
0.00341,1.76130,0.50994,100.00000
0.00496,1.78114,0.49798,300.00000
0.00279,1.71969,0.49744,200.00000
0.00258,1.72398,0.49844,0.00000
0.00265,1.73437,0.49694,450.00000
0.00254,1.73913,0.50060,750.00000
0.00395,1.72364,0.49028,0.00000
0.00215,1.71265,0.50961,700.00000
0.00214,1.72923,0.50199,500.00000
0.00634,1.72456,0.49459,100.00000
0.00256,1.73591,0.52502,500.00000
0.00288,1.76564,0.50756,500.00000
0.00214,1.73587,0.48192,600.00000
0.00525,1.78182,0.50466,800.00000
0.00317,1.71206,0.48088,500.00000
0.00339,1.73144,0.51999,900.00000
0.00260,1.72404,0.48859,600.00000
0.00194,1.73147,0.52948,350.00000
0.00366,1.76698,0.48802,250.00000
-0.00011,1.76941,0.51413,600.00000
0.00303,1.72076,0.50120,800.00000
0.00260,1.73744,0.51645,450.00000
-0.00008,1.74518,0.50471,800.00000
-0.00009,1.73396,0.50796,400.00000
0.00325,1.73008,0.51503,450.00000
0.00413,1.75054,0.50276,0.00000
-0.00009,1.75111,0.50540,250.00000
0.00362,1.76652,0.50798,550.00000
0.00341,1.73946,0.50313,300.00000
0.00335,1.73136,0.50462,800.00000
0.00065,1.73895,0.51432,900.00000
0.00296,1.73911,0.49572,500.00000
0.00321,1.72918,0.50515,550.00000
0.00177,1.72435,0.48670,500.00000
0.00294,1.73586,0.51322,500.00000
0.00286,1.74728,0.49873,600.00000
0.00469,1.75190,0.50225,250.00000
-0.00161,1.75284,0.50509,500.00000
0.00346,1.71769,0.47212,400.00000
0.00249,1.72191,0.50500,750.00000
0.00180,1.75222,0.50082,800.00000
0.00283,1.72337,0.49031,250.00000
0.00323,1.76088,0.51587,350.00000
0.00283,1.74407,0.51078,250.00000
-0.00015,1.75076,0.47993,500.00000
0.00303,1.72142,0.48767,250.00000
0.00265,1.74321,0.48951,600.00000
0.00296,1.73643,0.48269,100.00000
0.00375,1.70747,0.49611,550.00000
0.00374,1.75450,0.50931,400.00000
0.00377,1.73888,0.48024,0.00000
0.00515,1.73180,0.49463,900.00000
0.00488,1.75889,0.51112,0.00000
0.00306,1.73214,0.49509,500.00000
0.00354,1.75444,0.50396,400.00000
0.00261,1.74887,0.49178,250.00000
0.00270,1.74176,0.48205,900.00000
0.00430,1.76327,0.51542,300.00000
-0.00008,1.74607,0.50098,400.00000
0.00335,1.75432,0.50932,350.00000
0.00278,1.74507,0.49062,650.00000
-0.00012,1.72514,0.48311,450.00000
0.00331,1.72739,0.50030,650.00000
0.00313,1.73401,0.50403,700.00000
0.00377,1.71791,0.52664,200.00000
-0.00011,1.73980,0.48923,450.00000
0.00260,1.70719,0.50474,300.00000
0.00288,1.71975,0.49690,400.00000
0.00254,1.72815,0.49215,600.00000
0.00611,1.68706,0.56258,100.00000
-0.00007,1.72795,0.49917,600.00000
0.00273,1.73092,0.50488,800.00000
0.00217,1.76465,0.51916,600.00000
0.00295,1.74780,0.50109,400.00000
0.00421,1.75404,0.48965,450.00000
0.00413,1.69582,0.51503,900.00000
0.00261,1.72461,0.49002,400.00000
0.00310,1.71026,0.47784,200.00000
0.00424,1.76629,0.51856,600.00000
0.00312,1.73178,0.48958,500.00000
0.00298,1.75374,0.51149,900.00000
0.00293,1.74180,0.53173,0.00000
0.00395,1.72034,0.52296,900.00000
-0.00010,1.72093,0.50686,400.00000
0.00280,1.75207,0.49126,350.00000
0.00166,1.72923,0.49788,0.00000
0.00279,1.71254,0.49591,350.00000
0.00077,1.72900,0.51741,550.00000
0.00472,1.77241,0.51411,500.00000
0.00184,1.72946,0.49747,700.00000
-0.00009,1.74355,0.50083,500.00000
0.00366,1.75226,0.50238,350.00000
0.00168,1.74660,0.51209,600.00000
0.00360,1.73790,0.50835,400.00000
0.00289,1.73004,0.50074,300.00000
0.00254,1.73172,0.49554,650.00000
0.00266,1.70721,0.49168,500.00000
0.00199,1.74122,0.49710,250.00000
0.00419,1.75060,0.50246,500.00000
-0.00011,1.72418,0.51523,650.00000
0.00221,1.71242,0.50951,500.00000
0.00260,1.76470,0.50407,350.00000
0.00435,1.75266,0.50428,600.00000
0.00213,1.75221,0.50447,150.00000
0.00332,1.73945,0.50187,350.00000
-0.00011,1.73488,0.49160,100.00000
0.00252,1.72660,0.48620,500.00000
0.00297,1.73297,0.49247,500.00000
-0.00007,1.73502,0.49753,500.00000
-0.00013,1.72813,0.51065,900.00000
0.00363,1.78470,0.51735,300.00000
-0.00013,1.75917,0.50614,500.00000
-0.00010,1.73027,0.50964,150.00000
-0.00011,1.78164,0.52807,150.00000
0.00305,1.74851,0.51366,400.00000
0.00346,1.74072,0.51543,800.00000
0.00468,1.74401,0.50404,300.00000
0.00313,1.76138,0.51346,650.00000
0.00254,1.72878,0.51943,100.00000
-0.00011,1.75807,0.50990,450.00000
0.00242,1.75615,0.51039,500.00000
0.00487,1.72645,0.47947,250.00000
0.00654,1.73768,0.49451,350.00000
0.00413,1.70845,0.51046,0.00000
0.00295,1.78370,0.50502,200.00000
0.00302,1.78696,0.51136,450.00000
-0.00008,1.72487,0.48323,950.00000
0.00237,1.77704,0.52358,800.00000
0.00227,1.77393,0.51357,500.00000
-0.00011,1.74964,0.51550,350.00000
0.00263,1.73066,0.49301,450.00000
-0.00010,1.73684,0.47031,500.00000
0.00248,1.70416,0.49894,300.00000
0.00379,1.72333,0.50079,800.00000
0.00319,1.75089,0.51505,750.00000
-0.00011,1.74694,0.53323,100.00000
0.00395,1.73622,0.50838,250.00000
0.00279,1.75557,0.49069,200.00000
0.00435,1.73096,0.48286,150.00000
0.00274,1.74921,0.48457,200.00000
0.00546,1.67358,0.53093,100.00000
0.00213,1.73136,0.50377,600.00000
0.00271,1.73066,0.50399,400.00000
0.00336,1.70803,0.53055,650.00000
0.00278,1.74222,0.50221,600.00000
0.00497,1.73708,0.49560,250.00000
0.00380,1.75396,0.50430,500.00000
0.00366,1.72623,0.48605,500.00000
0.00293,1.74694,0.49450,450.00000
-0.00009,1.74103,0.48654,800.00000
0.00250,1.74585,0.50307,350.00000
0.00386,1.72141,0.51301,800.00000
0.00140,1.73814,0.50782,700.00000
-0.00014,1.75852,0.50704,300.00000
-0.00011,1.72413,0.51546,350.00000
0.00348,1.72002,0.49257,800.00000
0.00752,1.72500,0.47823,350.00000
0.00269,1.72916,0.49509,400.00000
0.00419,1.71335,0.48878,600.00000
0.00150,1.72325,0.49320,800.00000
0.00562,1.73077,0.53147,150.00000
0.00208,1.74719,0.50778,400.00000
0.00449,1.74723,0.49876,450.00000
0.00411,1.77431,0.50767,300.00000
0.00360,1.71727,0.48075,250.00000
0.00273,1.76066,0.48755,400.00000
0.00280,1.74619,0.50400,500.00000
0.00277,1.71954,0.49661,350.00000
0.00443,1.74657,0.52138,350.00000
0.00300,1.76784,0.50659,50.00000
0.00190,1.73534,0.49518,450.00000
0.00340,1.74222,0.50655,300.00000
0.00283,1.75683,0.51537,800.00000
-0.00010,1.77552,0.48898,750.00000
0.00289,1.73737,0.49443,300.00000
0.00283,1.72957,0.49261,450.00000
0.00286,1.78781,0.49870,350.00000
0.00444,1.74888,0.50054,150.00000
0.00426,1.72642,0.49168,250.00000
0.00452,1.75530,0.48871,400.00000
0.00475,1.77131,0.51290,350.00000
0.00263,1.73185,0.50763,500.00000
0.00302,1.75507,0.49483,400.00000
-0.00012,1.72529,0.48658,350.00000
0.00445,1.75180,0.51811,500.00000
0.00411,1.74107,0.48346,200.00000
0.00389,1.72356,0.50792,500.00000
0.00219,1.71341,0.48320,550.00000
0.00235,1.75435,0.50606,1000.00000
0.00193,1.76214,0.48983,800.00000
0.00182,1.74072,0.51091,0.00000
0.00269,1.74925,0.50624,600.00000
0.00430,1.73712,0.50271,700.00000
0.00328,1.72789,0.51788,600.00000
0.00335,1.76377,0.50144,600.00000
0.00245,1.72024,0.47400,400.00000
0.00308,1.76312,0.51520,300.00000
-0.00009,1.74953,0.50305,300.00000
0.00275,1.76744,0.51555,250.00000
0.00315,1.77485,0.50124,400.00000
0.00415,1.73661,0.50979,350.00000
0.00249,1.75868,0.51948,700.00000
0.00261,1.74792,0.49386,650.00000
0.00157,1.73749,0.49482,450.00000
-0.00010,1.74072,0.49147,250.00000
0.00194,1.72026,0.49882,800.00000
0.00256,1.76069,0.53522,550.00000
0.00204,1.73802,0.51006,500.00000
0.00333,1.72717,0.52294,400.00000
0.00153,1.72031,0.50126,500.00000
0.00617,1.72239,0.50201,750.00000
0.00471,1.77949,0.48714,250.00000
-0.00008,1.73948,0.52165,0.00000
0.00215,1.74950,0.49417,750.00000
0.00345,1.74597,0.49203,350.00000
0.00555,1.73844,0.49753,100.00000
0.00391,1.75913,0.49467,600.00000
0.00312,1.76224,0.51322,500.00000
0.00324,1.71434,0.51484,500.00000
0.00284,1.73467,0.49064,550.00000
-0.00009,1.77189,0.51944,850.00000
0.00495,1.79107,0.50672,750.00000
0.00273,1.76264,0.51115,150.00000
0.00320,1.74901,0.49276,450.00000
0.00345,1.70878,0.48351,250.00000
0.00308,1.75537,0.48385,300.00000
0.00244,1.72914,0.50490,300.00000
0.00250,1.73863,0.50387,350.00000
0.00370,1.74258,0.49641,350.00000
0.00234,1.71559,0.50285,200.00000
0.00184,1.73099,0.51435,500.00000
0.00265,1.75032,0.50105,700.00000
0.00342,1.75057,0.48564,550.00000
0.00294,1.72320,0.51306,600.00000
0.00244,1.74779,0.50063,700.00000
0.00155,1.74000,0.50850,800.00000
-0.00012,1.73523,0.51297,750.00000
0.00419,1.74143,0.49003,700.00000
-0.00012,1.71715,0.50659,0.00000
0.00213,1.74230,0.50699,250.00000
-0.00008,1.71986,0.50737,700.00000
0.00327,1.76448,0.50482,250.00000
0.00351,1.72654,0.50901,500.00000
0.00191,1.72229,0.50138,750.00000
0.00407,1.77909,0.50147,200.00000
0.00411,1.75725,0.49619,450.00000
0.00194,1.76238,0.51512,250.00000
0.00387,1.77589,0.52763,0.00000
0.00300,1.74937,0.51590,150.00000
0.00467,1.75575,0.49994,200.00000
0.00462,1.72564,0.53029,400.00000
0.00182,1.75055,0.47286,450.00000
0.00107,1.77618,0.50951,750.00000
0.00260,1.74384,0.49625,500.00000
0.00323,1.72460,0.49595,600.00000
0.00226,1.73986,0.50666,600.00000
0.00343,1.73575,0.51034,400.00000
0.00331,1.70467,0.48135,800.00000
-0.00010,1.75448,0.50491,350.00000
0.00220,1.74604,0.51885,500.00000
0.00238,1.76017,0.51698,350.00000
0.00293,1.73706,0.50909,700.00000
0.00141,1.74500,0.49418,400.00000
0.00478,1.73246,0.49370,400.00000
-0.00010,1.74106,0.50778,400.00000
0.00280,1.75088,0.50498,1000.00000
0.00367,1.76712,0.51854,700.00000
0.00276,1.73453,0.49621,250.00000
0.00415,1.73143,0.49768,400.00000
0.00157,1.73215,0.49594,300.00000
-0.00028,1.72447,0.49629,650.00000
0.00435,1.73983,0.50650,400.00000
0.00158,1.74221,0.52110,600.00000
-0.00009,1.72922,0.49082,850.00000
-0.00014,1.76806,0.50346,250.00000
0.00494,1.74111,0.48604,250.00000
0.00239,1.74966,0.52574,250.00000
0.00452,1.74545,0.50628,150.00000
0.00203,1.76252,0.52349,450.00000
0.00394,1.73872,0.49512,50.00000
0.00263,1.75452,0.49514,450.00000
0.00088,1.74833,0.49974,550.00000
0.00369,1.75663,0.49630,250.00000
0.00393,1.72511,0.50836,400.00000
0.00382,1.75237,0.49355,500.00000
-0.00014,1.72524,0.50777,250.00000
0.00318,1.74821,0.49328,150.00000
0.00158,1.74307,0.49223,350.00000
-0.00028,1.68641,0.52821,250.00000
0.00288,1.73760,0.49235,250.00000
0.00372,1.74040,0.50948,300.00000
0.00568,1.73602,0.50998,350.00000
0.00314,1.73711,0.51817,700.00000
0.00217,1.72960,0.51000,500.00000
0.00323,1.77037,0.50307,400.00000
0.00353,1.74963,0.51058,700.00000
0.00400,1.73622,0.51275,900.00000
0.00383,1.74465,0.49195,250.00000
-0.00014,1.74327,0.50331,450.00000
0.00385,1.73123,0.48292,550.00000
0.00330,1.79831,0.51486,500.00000
0.00249,1.74140,0.51415,400.00000
0.00633,1.74499,0.47860,250.00000
-0.00009,1.75943,0.50231,900.00000
0.00285,1.74780,0.49486,400.00000
0.00472,1.75046,0.48463,250.00000
0.00462,1.73484,0.49349,400.00000
0.00225,1.74641,0.51918,650.00000
0.00246,1.75870,0.50437,400.00000
0.00394,1.73326,0.50921,100.00000
0.00540,1.73455,0.48493,400.00000
0.00427,1.75153,0.52420,400.00000
0.00229,1.74413,0.51390,100.00000
0.00222,1.72294,0.50868,500.00000
0.00425,1.78523,0.50268,100.00000
-0.00011,1.73530,0.50012,600.00000
0.00208,1.73205,0.49573,300.00000
0.00373,1.73550,0.52728,300.00000
0.00273,1.72861,0.49511,450.00000
0.00336,1.77358,0.53223,400.00000
0.00563,1.72551,0.48504,250.00000
-0.00012,1.74248,0.51001,250.00000
0.00254,1.72638,0.49932,600.00000
0.00140,1.73741,0.51372,400.00000
-0.00015,1.75085,0.49814,550.00000
0.00247,1.72658,0.48697,300.00000
0.00391,1.74062,0.51126,500.00000
0.00250,1.73762,0.50193,700.00000
-0.00008,1.71264,0.51148,850.00000
0.00259,1.70292,0.48553,750.00000
-0.00012,1.71512,0.49329,200.00000
0.00207,1.74546,0.51132,850.00000
0.00294,1.75728,0.49872,650.00000
0.00300,1.75422,0.47747,450.00000
0.00497,1.73168,0.48704,600.00000
0.00345,1.75582,0.50890,550.00000
0.00379,1.74467,0.51811,800.00000
-0.00007,1.72522,0.50052,600.00000
0.00204,1.71905,0.50983,750.00000
0.00355,1.75526,0.50743,350.00000
0.00332,1.73835,0.50269,200.00000
0.00302,1.75993,0.51715,300.00000
0.01117,1.67749,0.52283,150.00000
0.00416,1.75409,0.50105,400.00000
0.00328,1.71345,0.48906,600.00000
0.00199,1.76053,0.48805,200.00000
0.00300,1.74541,0.50625,350.00000
0.00267,1.72896,0.48909,0.00000
0.00300,1.73232,0.49598,550.00000
0.00278,1.74492,0.49508,450.00000
0.00250,1.75834,0.50985,400.00000
0.00231,1.75736,0.51718,550.00000
-0.00010,1.75805,0.49555,300.00000
0.00358,1.75894,0.49405,650.00000
0.00208,1.74938,0.50541,500.00000
0.00271,1.72480,0.50170,400.00000
0.00707,1.67202,0.53556,200.00000
0.00259,1.73010,0.49800,350.00000
0.00334,1.73081,0.49712,200.00000
0.00179,1.75357,0.50401,400.00000
0.00225,1.72723,0.49351,700.00000
0.00294,1.73702,0.48919,550.00000
0.00195,1.73247,0.48844,850.00000
0.00263,1.77179,0.50578,750.00000
0.00229,1.72436,0.48465,650.00000
-0.00010,1.77350,0.49238,350.00000
-0.00015,1.73980,0.52702,300.00000
0.00215,1.75051,0.49819,600.00000
0.00193,1.73313,0.49784,850.00000
0.00249,1.72195,0.49547,800.00000
0.00389,1.75631,0.50142,850.00000
0.00315,1.76131,0.51341,350.00000
0.00288,1.71994,0.52441,500.00000
0.00290,1.71104,0.47923,650.00000
-0.00012,1.72289,0.49089,400.00000
0.00258,1.73828,0.49503,450.00000
0.00421,1.77061,0.50605,400.00000
0.00423,1.75738,0.49746,500.00000
0.00393,1.73780,0.50345,550.00000
0.00316,1.73291,0.50982,600.00000
-0.00009,1.74186,0.49184,400.00000
-0.00011,1.73406,0.49116,600.00000
-0.00010,1.76319,0.49610,0.00000
0.00489,1.74215,0.50739,400.00000
0.00212,1.78424,0.50658,600.00000
0.00544,1.75015,0.51721,200.00000
-0.00009,1.72475,0.47840,550.00000
0.00005,1.74818,0.50968,800.00000
0.00188,1.73837,0.48596,900.00000
0.00410,1.74585,0.48441,200.00000
0.00580,1.75631,0.51092,250.00000
0.00346,1.73790,0.51722,550.00000
-0.00007,1.73651,0.49071,250.00000
0.00430,1.76452,0.51127,400.00000
0.00251,1.74068,0.51181,750.00000
0.00243,1.72190,0.51861,1000.00000
0.00326,1.74328,0.49770,500.00000
0.00403,1.74246,0.48952,300.00000
0.00343,1.72433,0.49155,550.00000
0.00504,1.74431,0.50440,350.00000
0.00392,1.74572,0.51907,250.00000
0.00377,1.72202,0.48825,200.00000
0.00310,1.75823,0.48970,200.00000
0.00249,1.74470,0.49518,150.00000
-0.00011,1.75257,0.49320,450.00000
0.00215,1.73300,0.50327,500.00000
0.00628,1.73024,0.51678,500.00000
0.00008,1.71377,0.49747,350.00000
-0.00013,1.77221,0.50748,100.00000
0.00299,1.76125,0.49371,750.00000
0.00303,1.74847,0.51631,350.00000
0.00327,1.73674,0.48689,700.00000
0.00459,1.74878,0.49796,400.00000
0.00398,1.72872,0.51391,950.00000
0.00308,1.73569,0.51876,550.00000
-0.00011,1.76697,0.49749,300.00000
0.00298,1.75203,0.51326,350.00000
0.00243,1.72952,0.52810,500.00000
0.01004,1.69696,0.54817,100.00000
0.00224,1.72461,0.51028,750.00000
0.00516,1.76968,0.52178,300.00000
0.00479,1.72958,0.49291,300.00000
0.00249,1.73666,0.47892,200.00000
0.00166,1.70730,0.49911,700.00000
0.00443,1.74593,0.51604,350.00000
0.00259,1.73417,0.50213,300.00000
0.00295,1.72547,0.49043,500.00000
0.00511,1.75420,0.51134,400.00000
0.00426,1.73362,0.51577,400.00000
0.00360,1.76140,0.49677,700.00000
0.00399,1.74372,0.53250,550.00000
0.00241,1.75012,0.50616,200.00000
0.00288,1.74954,0.50375,300.00000
0.00307,1.74027,0.48441,550.00000
0.00421,1.77651,0.49422,400.00000
0.00292,1.73231,0.50765,400.00000
0.00405,1.75675,0.51760,150.00000
0.00317,1.74779,0.49659,300.00000
0.00319,1.75989,0.50976,200.00000
-0.00009,1.74251,0.48998,600.00000
0.00364,1.74867,0.48368,300.00000
0.00352,1.72428,0.49274,450.00000
0.00234,1.74024,0.49320,300.00000
-0.00010,1.74668,0.49887,500.00000
-0.00010,1.74591,0.49996,500.00000
0.00244,1.74285,0.50437,650.00000
0.00288,1.74004,0.51914,200.00000
0.00446,1.71809,0.51100,200.00000
0.00309,1.74164,0.49882,100.00000
0.00398,1.74198,0.50621,300.00000
0.00212,1.72545,0.50061,500.00000
0.00255,1.75470,0.49949,750.00000
0.00469,1.76340,0.47680,600.00000
0.00445,1.73861,0.49687,100.00000
0.00152,1.73416,0.48655,600.00000
-0.00030,1.75696,0.49671,650.00000
-0.00009,1.74924,0.50685,250.00000
0.00184,1.72660,0.49224,350.00000
0.00273,1.75675,0.49956,500.00000
0.00238,1.73901,0.50196,350.00000
0.00261,1.76184,0.51236,500.00000
0.00257,1.75752,0.50105,650.00000
-0.00015,1.76011,0.51459,350.00000
0.00363,1.73054,0.49653,300.00000
0.00187,1.75380,0.50874,650.00000
0.00370,1.75695,0.54059,300.00000
0.00358,1.76112,0.53079,400.00000
0.00293,1.73546,0.49416,600.00000
-0.00012,1.74914,0.47604,400.00000
0.00307,1.75196,0.49802,50.00000
-0.00012,1.74836,0.50224,300.00000
0.00238,1.75173,0.51569,500.00000
0.00204,1.76200,0.52297,500.00000
0.00182,1.74346,0.49132,300.00000
0.00276,1.75865,0.52130,900.00000
0.00245,1.76297,0.51015,200.00000
-0.00011,1.74170,0.50836,650.00000
0.00231,1.76933,0.49362,900.00000
-0.00012,1.73909,0.50251,350.00000
0.00361,1.75590,0.49834,400.00000
0.00484,1.73904,0.49739,400.00000
0.00371,1.73947,0.52225,550.00000
0.00332,1.75114,0.49999,400.00000
0.00305,1.79016,0.50639,300.00000
0.00462,1.75555,0.50476,200.00000
0.00260,1.74083,0.50943,250.00000
0.00230,1.76191,0.51039,650.00000
0.00175,1.71783,0.50671,850.00000
0.00268,1.73368,0.50759,1000.00000
0.00293,1.73378,0.50014,400.00000
0.00403,1.74462,0.49650,550.00000
0.00236,1.72766,0.50151,500.00000
0.00493,1.76013,0.52205,500.00000
0.00310,1.78086,0.52693,350.00000
0.00663,1.75630,0.51040,200.00000
0.00270,1.72368,0.52306,400.00000
0.00209,1.75067,0.50678,600.00000
0.00228,1.75937,0.48500,450.00000
0.00270,1.73079,0.49638,750.00000
-0.00014,1.73837,0.50148,500.00000
0.00366,1.75351,0.49185,300.00000
0.00327,1.74018,0.48418,400.00000
0.00348,1.76065,0.51871,700.00000
0.00328,1.76855,0.49880,400.00000
-0.00009,1.72025,0.52046,350.00000
0.00164,1.72095,0.50839,650.00000
0.00297,1.74151,0.49583,800.00000
0.00350,1.72727,0.50505,700.00000
0.00302,1.74486,0.48857,600.00000
0.00315,1.72549,0.49572,400.00000
-0.00008,1.73584,0.50245,200.00000
-0.00008,1.75661,0.49485,500.00000
0.00479,1.76325,0.49480,400.00000
0.00337,1.75311,0.50893,300.00000
0.00312,1.72166,0.49584,750.00000
0.00362,1.78115,0.49922,50.00000
0.00342,1.73718,0.49196,500.00000
0.00371,1.76213,0.50185,400.00000
0.00236,1.73837,0.49271,400.00000
0.00377,1.71130,0.50612,650.00000
-0.00009,1.73336,0.51921,700.00000
0.00437,1.73828,0.49143,300.00000
-0.00007,1.74406,0.51680,800.00000
0.00399,1.75115,0.49403,550.00000
0.00203,1.74540,0.48706,600.00000
0.00287,1.74408,0.50249,600.00000
-0.00007,1.73394,0.50111,650.00000
0.00431,1.75642,0.49061,250.00000
0.00359,1.72545,0.49627,500.00000
0.00251,1.72556,0.48065,350.00000
0.00599,1.68625,0.53716,150.00000
0.00282,1.71715,0.49385,700.00000
0.00398,1.72556,0.48606,650.00000
0.00399,1.72010,0.48971,350.00000
0.00450,1.72923,0.48740,350.00000
0.00278,1.74397,0.51786,900.00000
0.00246,1.73278,0.49622,250.00000
0.00224,1.73862,0.50559,200.00000
-0.00011,1.73463,0.49193,500.00000
0.00415,1.76873,0.49784,600.00000
0.00257,1.72388,0.49876,850.00000
-0.00009,1.74313,0.51530,800.00000
-0.00008,1.71931,0.49288,450.00000
0.00463,1.73804,0.51014,450.00000
-0.00017,1.75674,0.50137,350.00000
0.00746,1.76270,0.47158,150.00000
0.00308,1.72534,0.51621,400.00000
0.00901,1.72282,0.55485,250.00000
0.00327,1.77077,0.49398,300.00000
-0.00011,1.72934,0.51372,250.00000
0.00476,1.75128,0.50553,400.00000
0.00191,1.71142,0.49681,850.00000
0.00277,1.74005,0.50191,600.00000
0.00408,1.78800,0.51765,400.00000
0.00215,1.74650,0.49165,500.00000
0.00306,1.75296,0.52928,250.00000
0.00198,1.73657,0.49659,700.00000
0.00244,1.75441,0.50406,200.00000
0.00221,1.74827,0.49497,600.00000
0.00352,1.75183,0.48346,500.00000
0.00284,1.72484,0.51301,750.00000
0.00178,1.75340,0.50102,900.00000
0.00277,1.71834,0.50500,800.00000
0.00408,1.75766,0.49713,400.00000
0.00286,1.73771,0.50773,600.00000
0.00266,1.76532,0.49563,250.00000
-0.00011,1.71288,0.48562,350.00000
0.00326,1.76426,0.49873,350.00000
0.00302,1.74199,0.48133,350.00000
0.00247,1.73217,0.48791,600.00000
0.00279,1.74511,0.49709,500.00000
0.00316,1.73715,0.50792,650.00000
0.00363,1.67736,0.54821,400.00000
0.00259,1.75854,0.49172,650.00000
0.00179,1.75174,0.51015,800.00000
0.00550,1.74981,0.51151,450.00000
0.00421,1.73973,0.48574,450.00000
-0.00008,1.72863,0.50827,750.00000
0.00381,1.76343,0.51415,350.00000
0.00271,1.72876,0.49346,700.00000
0.00207,1.73554,0.49037,950.00000
-0.00009,1.77899,0.51756,600.00000
0.00318,1.72764,0.50005,750.00000
0.00166,1.72021,0.48867,800.00000
0.00152,1.72619,0.49711,1000.00000
0.00336,1.76268,0.49910,50.00000
0.00224,1.72304,0.48835,250.00000
0.00358,1.74486,0.48700,850.00000
0.00327,1.73549,0.51350,100.00000
0.00349,1.74648,0.52515,250.00000
0.00170,1.71558,0.49613,650.00000
0.00209,1.73982,0.49517,300.00000
0.00400,1.74762,0.49361,500.00000
0.00302,1.73651,0.50028,500.00000
0.00209,1.73853,0.50123,500.00000
0.00234,1.72615,0.51453,250.00000
0.00662,1.74760,0.48569,250.00000
0.00257,1.73864,0.50947,550.00000
-0.00009,1.75033,0.49836,500.00000
0.00466,1.74891,0.49046,600.00000
0.00545,1.76603,0.50442,0.00000
0.00300,1.74021,0.48994,150.00000
0.00269,1.76043,0.51754,700.00000
-0.00011,1.73509,0.51442,850.00000
-0.00014,1.74293,0.51596,300.00000
-0.00013,1.76006,0.50443,900.00000
0.00394,1.75091,0.51403,800.00000
0.00437,1.73153,0.50852,500.00000
0.00291,1.72282,0.51519,400.00000
0.00346,1.74733,0.50643,450.00000
-0.00287,1.74522,0.51559,400.00000
0.00277,1.72292,0.50412,350.00000
0.00231,1.74716,0.51774,600.00000
0.00224,1.72688,0.48653,250.00000
0.00288,1.74050,0.52317,800.00000
0.00224,1.74918,0.50526,300.00000
0.00281,1.72608,0.50244,750.00000
0.00244,1.72746,0.51374,950.00000
-0.00008,1.73184,0.49990,600.00000
0.00302,1.75215,0.47814,600.00000
0.00642,1.73008,0.50380,300.00000
0.00388,1.74896,0.50079,100.00000
-0.00014,1.72841,0.48476,300.00000
0.00306,1.75401,0.49315,700.00000
0.00359,1.74862,0.52299,900.00000
0.00468,1.73220,0.48144,350.00000
0.00238,1.73234,0.51501,600.00000
-0.00009,1.77841,0.51367,50.00000
-0.00010,1.75146,0.51127,450.00000
0.00335,1.72053,0.48544,250.00000
-0.00014,1.71127,0.48260,150.00000
0.00246,1.76755,0.50070,700.00000
0.00157,1.72997,0.50059,300.00000
0.00249,1.73372,0.49967,250.00000
0.00311,1.73277,0.50488,500.00000
0.00319,1.74536,0.48521,350.00000
0.00444,1.74061,0.48992,600.00000
0.00227,1.74066,0.50814,600.00000
0.00389,1.75010,0.49576,650.00000
0.00396,1.76342,0.48343,700.00000
0.00282,1.77382,0.50570,0.00000
0.00366,1.74394,0.50243,250.00000
0.00736,1.74111,0.50709,500.00000
-0.00013,1.72752,0.49527,550.00000
0.00257,1.72078,0.51032,500.00000
0.00233,1.70243,0.49092,250.00000
0.00309,1.72851,0.48240,550.00000
0.00321,1.72717,0.51476,150.00000
0.00403,1.75495,0.51360,200.00000
0.00278,1.74432,0.50144,300.00000
0.00481,1.75186,0.49620,300.00000
-0.00020,1.74923,0.50229,450.00000
0.00332,1.76463,0.50578,800.00000
0.00247,1.74670,0.51953,700.00000
0.00454,1.75916,0.49674,650.00000
0.00354,1.72712,0.50832,250.00000
0.00229,1.74562,0.49706,500.00000
0.00299,1.74413,0.52039,500.00000
0.00352,1.77446,0.51754,300.00000
0.00321,1.76618,0.50972,1000.00000
0.00255,1.75325,0.51203,400.00000
0.00329,1.74460,0.50954,450.00000
0.00258,1.75463,0.50684,200.00000
0.00324,1.76006,0.50945,600.00000
-0.00009,1.74622,0.52798,150.00000
0.00331,1.74700,0.54333,250.00000
0.00425,1.73528,0.53598,200.00000
0.00347,1.73128,0.50678,250.00000
-0.00007,1.74303,0.50761,700.00000
0.00504,1.71120,0.54604,200.00000
0.00265,1.72951,0.49002,500.00000
0.00467,1.72598,0.52949,600.00000
0.00319,1.76174,0.49940,400.00000
0.00687,1.74089,0.49584,150.00000
0.00478,1.75986,0.51247,0.00000
0.00516,1.74297,0.50463,400.00000
0.00330,1.74062,0.51287,400.00000
-0.00012,1.78549,0.51944,1000.00000
0.00282,1.75468,0.50697,200.00000
-0.00013,1.73046,0.50016,50.00000
0.00208,1.75541,0.50632,650.00000
-0.00008,1.74818,0.51427,250.00000
0.00305,1.74794,0.49569,850.00000
0.00371,1.72439,0.50654,600.00000
0.00247,1.73012,0.50996,600.00000
0.00232,1.74379,0.49561,750.00000
0.00230,1.71765,0.50516,600.00000
0.00362,1.74569,0.51170,750.00000
0.00333,1.72297,0.51173,400.00000
0.00427,1.76602,0.50814,350.00000
0.00263,1.76393,0.50757,450.00000
0.00325,1.76878,0.50589,950.00000
-0.00011,1.72897,0.53951,0.00000
0.00494,1.75593,0.50807,350.00000
0.00340,1.73378,0.52461,750.00000
-0.00016,1.73627,0.51343,350.00000
0.00282,1.72306,0.52336,550.00000
-0.00006,1.71968,0.48656,650.00000
0.00235,1.74843,0.47389,450.00000
0.00425,1.72835,0.51771,450.00000
0.00215,1.73848,0.51742,450.00000
0.00229,1.73642,0.51574,650.00000
-0.00008,1.76147,0.51010,650.00000
0.00213,1.72592,0.50930,600.00000
0.00329,1.75117,0.49948,800.00000
0.00681,1.75861,0.50937,400.00000
0.00319,1.76478,0.53890,950.00000
0.00267,1.74226,0.51197,850.00000
0.00357,1.75809,0.49679,800.00000
0.00360,1.74657,0.52558,600.00000
0.00414,1.73929,0.51524,100.00000
0.00332,1.72600,0.50024,500.00000
0.00319,1.75278,0.49642,650.00000
0.00274,1.75753,0.50450,200.00000
0.00196,1.72415,0.50972,500.00000
0.00318,1.75442,0.50583,600.00000
0.00319,1.75748,0.51480,450.00000
0.00291,1.73648,0.48578,400.00000
0.00137,1.72247,0.50540,500.00000
0.00331,1.73504,0.49780,700.00000
-0.00010,1.73286,0.51754,300.00000
-0.00010,1.72376,0.49576,650.00000
-0.00011,1.72643,0.52178,600.00000
0.00383,1.73118,0.49297,250.00000
0.00256,1.73115,0.50159,100.00000
0.00352,1.73232,0.49289,700.00000
0.00259,1.75988,0.50122,550.00000
0.00383,1.74357,0.49204,900.00000
0.00534,1.71383,0.49098,450.00000
0.00377,1.69576,0.49106,0.00000
0.00337,1.71056,0.49181,650.00000
0.00213,1.74719,0.50442,750.00000
0.00217,1.74044,0.50922,500.00000
-0.00009,1.72209,0.51015,300.00000
0.00300,1.75588,0.51440,250.00000
0.00475,1.78046,0.49066,150.00000
0.00157,1.73459,0.50973,400.00000
0.00275,1.72204,0.48934,400.00000
0.00357,1.73755,0.49864,400.00000
0.00308,1.72229,0.48321,700.00000
0.00010,1.72991,0.51205,500.00000
0.00347,1.76309,0.50580,300.00000
0.00313,1.75895,0.52038,250.00000
0.00212,1.75365,0.51056,750.00000
0.00170,1.72768,0.48665,550.00000
0.00422,1.66003,0.52288,150.00000
0.00295,1.76210,0.51252,550.00000
0.00286,1.74049,0.52467,350.00000
-0.00009,1.71859,0.49564,550.00000
0.00257,1.75580,0.47908,700.00000
0.00342,1.74193,0.50115,650.00000
0.00436,1.75535,0.49909,250.00000
0.00314,1.74878,0.49195,450.00000
0.00373,1.74126,0.49456,650.00000
0.00305,1.73877,0.51448,0.00000
-0.00012,1.75266,0.47748,400.00000
0.00314,1.70613,0.49359,850.00000
0.00264,1.74117,0.48988,1000.00000
0.00406,1.74049,0.49632,250.00000
0.00255,1.73669,0.51418,350.00000
0.00448,1.74026,0.50499,750.00000
0.00211,1.74865,0.50437,400.00000
0.00353,1.74693,0.50388,500.00000
0.00260,1.71927,0.49532,250.00000
0.00272,1.75085,0.49956,850.00000
0.00272,1.73345,0.49096,700.00000
0.00597,1.73771,0.49021,600.00000
0.00485,1.76410,0.51568,250.00000
0.00322,1.73812,0.51584,900.00000
0.00249,1.74942,0.52402,650.00000
0.00280,1.72452,0.48841,600.00000
0.00547,1.73758,0.49178,850.00000
0.00253,1.74978,0.49044,250.00000
0.00482,1.76830,0.50157,400.00000
0.00416,1.67032,0.54256,350.00000
0.00270,1.74225,0.50416,450.00000
0.00332,1.73128,0.48874,0.00000
-0.00008,1.72357,0.51542,900.00000
-0.00009,1.73040,0.49041,500.00000
0.00220,1.75907,0.49505,450.00000
0.00297,1.77014,0.50799,950.00000
0.00348,1.74205,0.47661,400.00000
0.00351,1.72034,0.50152,750.00000
0.00276,1.76281,0.50025,650.00000
0.00298,1.75406,0.49180,950.00000
0.00281,1.69201,0.48992,600.00000
-0.00008,1.73461,0.51658,550.00000
0.00119,1.73231,0.50650,450.00000
0.00330,1.77856,0.48963,650.00000
0.00289,1.74828,0.48077,450.00000
0.00270,1.75191,0.51278,600.00000
0.00512,1.74792,0.50118,400.00000
0.00595,1.74339,0.50559,500.00000
0.00284,1.76260,0.50251,350.00000
0.00402,1.77090,0.52540,750.00000
0.00219,1.75476,0.48569,500.00000
0.00139,1.71881,0.49942,600.00000
0.00275,1.76661,0.49848,550.00000
-0.00008,1.75118,0.50969,1000.00000
0.00346,1.74998,0.49842,250.00000
0.00198,1.73962,0.49368,0.00000
0.00422,1.71570,0.49231,600.00000
0.00267,1.73768,0.49910,250.00000
-0.00008,1.71671,0.48635,750.00000
0.00338,1.74424,0.51093,750.00000
-0.00013,1.71839,0.49565,150.00000
0.00445,1.73778,0.51110,350.00000
0.00234,1.74173,0.50276,650.00000
0.00319,1.71243,0.49103,450.00000
0.00375,1.73540,0.51535,400.00000
-0.00009,1.73838,0.50554,700.00000
-0.00011,1.74704,0.51452,1000.00000
0.00451,1.74425,0.51555,250.00000
-0.00015,1.72067,0.50865,400.00000
0.00213,1.77477,0.49761,850.00000
0.00465,1.74859,0.50328,550.00000
-0.00010,1.73205,0.51464,250.00000
0.00244,1.75307,0.49374,300.00000
0.00489,1.74427,0.50356,500.00000
0.00423,1.74059,0.48588,400.00000
0.00348,1.74060,0.49716,400.00000
0.00234,1.74348,0.52343,250.00000
0.00360,1.76696,0.50662,550.00000
-0.00012,1.73379,0.49426,250.00000
0.00400,1.72706,0.51696,400.00000
0.00327,1.71811,0.49652,500.00000
0.00369,1.73973,0.50061,800.00000
0.00501,1.68428,0.50886,250.00000
0.00201,1.74189,0.52127,500.00000
0.00248,1.74029,0.49921,250.00000
0.00358,1.74977,0.48666,300.00000
0.00236,1.73015,0.49110,300.00000
0.00181,1.72306,0.50107,500.00000
0.00092,1.73983,0.50262,700.00000
0.00396,1.73396,0.49018,600.00000
0.00334,1.74070,0.50539,500.00000
0.00175,1.72604,0.47786,700.00000
0.00310,1.72305,0.51328,500.00000
0.00361,1.73469,0.48207,600.00000
-0.00009,1.74348,0.51907,600.00000
0.00277,1.72659,0.50301,650.00000
0.00524,1.77035,0.51229,150.00000
0.00334,1.73201,0.51274,600.00000
0.00265,1.68159,0.49833,400.00000
0.00405,1.74642,0.49628,550.00000
0.00212,1.74496,0.48896,900.00000
-0.00014,1.72963,0.47982,250.00000
-0.00011,1.75527,0.50645,200.00000
0.00307,1.75062,0.50627,1000.00000
0.00326,1.72285,0.51460,300.00000
-0.00010,1.73130,0.52608,800.00000
0.00455,1.76757,0.49756,550.00000
0.00333,1.72440,0.50753,400.00000
-0.00013,1.72655,0.47725,350.00000
0.00342,1.74443,0.51871,600.00000
0.00256,1.71413,0.51405,800.00000
0.00135,1.73337,0.51429,500.00000
0.00303,1.73333,0.50391,650.00000
0.00321,1.73460,0.48809,600.00000
0.00249,1.69940,0.48725,350.00000
0.00293,1.74011,0.51303,300.00000
0.00218,1.73050,0.47901,150.00000
0.00544,1.73405,0.49018,600.00000
0.00453,1.74735,0.50581,650.00000
0.00456,1.73193,0.51952,450.00000
0.00305,1.73415,0.50508,150.00000
0.00374,1.75147,0.51905,400.00000
0.00299,1.76522,0.48461,400.00000
0.00487,1.74369,0.50264,600.00000
-0.00009,1.75766,0.50700,700.00000
-0.00012,1.73339,0.48945,0.00000
0.00279,1.74180,0.50432,0.00000
0.00156,1.71875,0.49142,900.00000
0.00335,1.73478,0.49784,300.00000
0.00389,1.75425,0.50602,300.00000
0.00189,1.72339,0.48232,650.00000
-0.00010,1.74956,0.51568,250.00000
0.00460,1.76183,0.48971,200.00000
0.00269,1.77002,0.49729,750.00000
0.00236,1.73375,0.51426,900.00000
0.00484,1.75292,0.50144,750.00000
0.00490,1.72979,0.51975,300.00000
0.00377,1.74471,0.49775,350.00000
0.00538,1.73438,0.52325,400.00000
0.00265,1.71576,0.50315,550.00000
0.00466,1.76234,0.50495,750.00000
0.00163,1.75038,0.49738,850.00000
0.00311,1.75523,0.48746,200.00000
0.00477,1.76245,0.48409,350.00000
-0.00012,1.75092,0.51884,300.00000
0.00286,1.74808,0.48135,750.00000
0.00285,1.75500,0.48059,500.00000
-0.00011,1.75603,0.52620,300.00000
0.00334,1.75199,0.49970,700.00000
0.00355,1.73858,0.48060,350.00000
-0.00010,1.73963,0.49849,350.00000
0.00282,1.74683,0.50611,350.00000
0.00430,1.76524,0.49308,300.00000
0.00100,1.75626,0.51706,400.00000
0.00455,1.77079,0.51525,400.00000
0.00401,1.74709,0.47865,250.00000
-0.00012,1.78137,0.49891,500.00000
0.00360,1.75715,0.49459,700.00000
0.00286,1.74365,0.49511,400.00000
0.00426,1.73195,0.51046,250.00000
0.00095,1.74341,0.48763,400.00000
0.00259,1.73762,0.48897,600.00000
0.00281,1.72819,0.51613,600.00000
0.00349,1.73918,0.49700,200.00000
0.00191,1.73645,0.50816,900.00000
0.00376,1.74152,0.50111,600.00000
0.00250,1.73982,0.50412,450.00000
-0.00041,1.69330,0.52019,0.00000
0.00186,1.74957,0.50121,550.00000
0.00496,1.74104,0.50234,200.00000
0.00242,1.75473,0.50539,400.00000
0.00325,1.75261,0.52354,300.00000
0.00386,1.72704,0.49719,0.00000
0.00540,1.73572,0.48251,300.00000
0.00392,1.73519,0.49755,700.00000
0.00464,1.76071,0.50674,0.00000
0.00267,1.75354,0.49615,600.00000
0.00213,1.71303,0.50263,650.00000
0.00315,1.73794,0.51141,500.00000
0.00361,1.74503,0.49624,500.00000
0.00506,1.75828,0.49102,250.00000
0.00340,1.74049,0.48975,500.00000
-0.00011,1.74125,0.51145,1000.00000
-0.00009,1.74328,0.48778,350.00000
0.00403,1.75702,0.50522,400.00000
0.00174,1.74081,0.51114,300.00000
0.00233,1.74247,0.50202,750.00000
-0.00010,1.73620,0.50919,600.00000
0.00177,1.75697,0.50774,600.00000
0.00313,1.74227,0.50615,750.00000
0.00505,1.71715,0.50473,100.00000
0.00516,1.74070,0.52402,350.00000
-0.00010,1.74054,0.50891,500.00000
0.00291,1.74455,0.49974,550.00000
0.00393,1.74797,0.49870,350.00000
0.00403,1.73553,0.49735,650.00000
0.00269,1.73828,0.49803,750.00000
0.00295,1.75069,0.51301,300.00000
0.00338,1.72323,0.47973,350.00000
0.00278,1.73410,0.50069,450.00000
0.00424,1.73738,0.48338,500.00000
0.00305,1.75907,0.50063,700.00000
0.00249,1.77571,0.53088,450.00000
0.00347,1.74452,0.50884,500.00000
0.00172,1.74232,0.51308,300.00000
0.00309,1.78933,0.50218,250.00000
0.00233,1.71497,0.49171,550.00000
0.00551,1.75969,0.52531,300.00000
0.00229,1.70551,0.48411,600.00000
0.00101,1.72079,0.51981,650.00000
0.00359,1.71731,0.48905,400.00000
0.00190,1.74442,0.51559,700.00000
0.00299,1.75602,0.48657,100.00000
0.00314,1.72830,0.51895,800.00000
0.00260,1.74124,0.49588,400.00000
0.00411,1.75884,0.47671,50.00000
0.00321,1.73993,0.48682,1000.00000
0.00473,1.76281,0.52264,500.00000
0.00256,1.71040,0.52292,300.00000
-0.00008,1.75296,0.50306,750.00000
0.00494,1.75824,0.53096,150.00000
-0.00014,1.74428,0.52455,500.00000
0.00252,1.73632,0.50720,500.00000
0.00565,1.75086,0.50331,100.00000
0.00391,1.77439,0.52277,400.00000
0.00289,1.76057,0.52034,300.00000
0.00237,1.73318,0.50419,350.00000
0.00172,1.73445,0.49610,450.00000
0.00317,1.74951,0.51537,700.00000
0.00328,1.73778,0.50318,650.00000
-0.00011,1.76186,0.50833,650.00000
0.00280,1.73953,0.50561,750.00000
0.00231,1.75174,0.52712,500.00000
0.00355,1.75918,0.49982,500.00000
0.00387,1.75269,0.49679,300.00000
0.00253,1.75424,0.50306,550.00000
0.00190,1.73839,0.51177,350.00000
0.00549,1.75519,0.49824,500.00000
0.00308,1.73920,0.49758,350.00000
0.00507,1.74693,0.45502,250.00000
0.00330,1.73517,0.49802,350.00000
-0.00009,1.70557,0.50298,200.00000
-0.00006,1.74255,0.51435,400.00000
0.00299,1.75680,0.50321,700.00000
0.00359,1.73498,0.50659,500.00000
0.00332,1.71995,0.50021,350.00000
0.00476,1.71742,0.50484,250.00000
0.00453,1.72664,0.50564,400.00000
0.00313,1.75418,0.51546,100.00000
-0.00014,1.74040,0.51401,400.00000
0.00555,1.76214,0.51993,250.00000
-0.00011,1.71482,0.48279,500.00000
0.00429,1.75005,0.48887,600.00000
0.00377,1.71994,0.54103,350.00000
0.00391,1.74733,0.50206,200.00000
0.00368,1.74462,0.51104,550.00000
0.00234,1.72666,0.49097,500.00000
0.00553,1.79724,0.52381,200.00000
-0.00011,1.73816,0.51047,900.00000
0.00256,1.71644,0.51695,600.00000
-0.00012,1.74272,0.53401,0.00000
0.00222,1.73055,0.50907,400.00000
0.00314,1.72310,0.48416,300.00000
-0.00010,1.72381,0.49618,100.00000
0.00247,1.74109,0.50506,700.00000
0.00184,1.73970,0.50099,150.00000
0.00211,1.76033,0.49667,750.00000
-0.00013,1.74466,0.48712,300.00000
0.00251,1.73481,0.51956,850.00000
-0.00009,1.72502,0.47470,600.00000
0.00187,1.73394,0.50195,400.00000
0.00354,1.72746,0.50986,450.00000
0.00527,1.74129,0.48801,500.00000
-0.00013,1.73424,0.50011,450.00000
0.00239,1.73580,0.49568,600.00000
0.00342,1.74019,0.50687,600.00000
0.00254,1.74677,0.50811,200.00000
0.00186,1.70760,0.49283,700.00000
0.00270,1.74601,0.50270,900.00000
0.00383,1.73981,0.49545,400.00000
0.00227,1.73344,0.48855,800.00000
0.00451,1.72511,0.50471,700.00000
0.00008,1.71975,0.50185,650.00000
0.00441,1.75448,0.49289,150.00000
0.00222,1.76510,0.51127,500.00000
0.00271,1.74645,0.50783,350.00000
0.00174,1.77034,0.49674,450.00000
0.00250,1.71065,0.49577,400.00000
0.00340,1.77269,0.48426,350.00000
0.00277,1.74846,0.49829,350.00000
0.00173,1.74812,0.52367,350.00000
0.00273,1.74167,0.48555,200.00000
0.00365,1.71799,0.51228,500.00000
-0.00007,1.73842,0.50734,400.00000
-0.00008,1.73519,0.47784,750.00000
-0.00009,1.74620,0.50188,0.00000
0.00370,1.72727,0.49671,650.00000
0.00217,1.76317,0.50423,850.00000
-0.00033,1.77044,0.50729,0.00000
0.00132,1.71898,0.48811,800.00000
0.00244,1.73497,0.50607,750.00000
0.00217,1.74034,0.50675,600.00000
0.00388,1.76353,0.50748,550.00000
0.00253,1.74984,0.49509,550.00000
0.00346,1.75673,0.49895,250.00000
0.00257,1.73417,0.49948,200.00000
0.00281,1.76282,0.50355,300.00000
0.00257,1.72469,0.50197,500.00000
0.00826,1.78926,0.48640,450.00000
0.00265,1.76183,0.48658,300.00000
0.00237,1.72698,0.50625,800.00000
-0.00010,1.72219,0.50848,850.00000
0.00358,1.74920,0.48638,900.00000
-0.00012,1.76038,0.51859,350.00000
0.00205,1.75804,0.49655,800.00000
0.00279,1.76223,0.48593,700.00000
0.00412,1.72589,0.50542,300.00000
0.00356,1.76564,0.49873,300.00000
-0.00130,1.72211,0.50842,900.00000
0.00459,1.72532,0.48766,200.00000
0.00335,1.76727,0.51029,450.00000
0.00313,1.73282,0.49549,550.00000
-0.00010,1.72902,0.49566,300.00000
0.00316,1.78069,0.49325,250.00000
0.00222,1.73824,0.49003,550.00000
0.00400,1.74627,0.49905,650.00000
0.00548,1.76002,0.50834,400.00000
0.00307,1.78705,0.50198,0.00000
0.00265,1.73028,0.49799,700.00000
0.00322,1.76852,0.49880,650.00000
0.00401,1.76671,0.53389,100.00000
0.00444,1.75024,0.52529,300.00000
-0.00011,1.73000,0.48705,450.00000
0.00218,1.73979,0.51149,750.00000
0.00214,1.75652,0.51309,400.00000
0.00290,1.75654,0.50527,250.00000
0.00285,1.75623,0.50117,850.00000
0.00349,1.75418,0.49761,200.00000
0.00310,1.74779,0.49612,350.00000
0.00224,1.73951,0.50276,400.00000
0.00442,1.72965,0.49593,250.00000
0.00290,1.76227,0.49891,950.00000
-0.00007,1.71616,0.48648,600.00000
0.00332,1.73406,0.49777,650.00000
0.00314,1.75718,0.49521,400.00000
0.00303,1.74613,0.50425,550.00000
0.00203,1.72671,0.50454,1000.00000
0.00257,1.71782,0.49473,1000.00000
-0.00011,1.72439,0.51309,350.00000
0.00274,1.73020,0.49058,450.00000
-0.00014,1.70822,0.51001,600.00000
0.00422,1.77267,0.51542,150.00000
-0.00013,1.75735,0.51260,300.00000
0.00354,1.75838,0.50305,450.00000
0.00388,1.75504,0.50445,400.00000
0.00718,1.71283,0.48356,100.00000
0.00412,1.75378,0.52522,250.00000
0.00474,1.74376,0.49367,0.00000
0.00239,1.75495,0.50519,600.00000
0.00322,1.73442,0.50208,0.00000
0.00268,1.75426,0.49482,250.00000
-0.00006,1.75821,0.52268,450.00000
0.00265,1.73835,0.50834,800.00000
0.00773,1.74879,0.50649,400.00000
0.00205,1.73187,0.51146,600.00000
0.00328,1.74752,0.50524,1000.00000
0.00372,1.71346,0.49537,350.00000
0.00238,1.73483,0.50682,350.00000
0.00417,1.71243,0.48281,150.00000
0.00335,1.72468,0.51158,400.00000
0.00210,1.76328,0.50897,300.00000
-0.00014,1.75382,0.48992,500.00000
0.00377,1.73099,0.49073,550.00000
0.00179,1.72050,0.51904,300.00000
0.00178,1.74856,0.49973,450.00000
0.00124,1.73321,0.50008,1000.00000
0.00245,1.75952,0.48088,450.00000
0.00315,1.77002,0.50218,100.00000
-0.00009,1.75633,0.49257,450.00000
0.00344,1.75028,0.48934,550.00000
-0.00011,1.75845,0.48869,350.00000
0.00432,1.73054,0.48337,700.00000
0.00254,1.75893,0.48660,500.00000
-0.00009,1.74533,0.51670,650.00000
0.00175,1.75082,0.50320,600.00000
-0.00010,1.70894,0.49181,500.00000
0.00461,1.78034,0.49804,0.00000
0.00336,1.75270,0.51946,750.00000
0.00280,1.71767,0.51815,550.00000
0.00203,1.72759,0.49535,850.00000
0.00209,1.73570,0.48750,800.00000
0.00472,1.74096,0.48224,300.00000
0.00247,1.71502,0.50542,300.00000
0.00241,1.74435,0.49689,550.00000
0.00325,1.73836,0.50236,150.00000
0.00432,1.73784,0.49129,550.00000
0.00312,1.71461,0.51256,800.00000
-0.00008,1.71613,0.50251,400.00000
0.00193,1.72852,0.50172,450.00000
0.00227,1.72861,0.49638,400.00000
0.00472,1.74456,0.49647,0.00000
0.00217,1.73522,0.49859,500.00000
0.00446,1.72329,0.50251,750.00000
0.00270,1.75411,0.50417,600.00000
0.00267,1.74495,0.49484,150.00000
0.00267,1.76918,0.50260,500.00000
0.00553,1.73827,0.51065,150.00000
0.00230,1.74383,0.49620,0.00000
0.00278,1.72063,0.49889,400.00000
0.00300,1.73937,0.49749,450.00000
0.00248,1.73029,0.50549,300.00000
-0.00011,1.76999,0.50446,450.00000
0.00366,1.73776,0.50062,250.00000
0.00233,1.72476,0.49850,350.00000
0.00272,1.72707,0.52005,400.00000
0.00342,1.75347,0.49044,250.00000
0.00406,1.72562,0.50323,300.00000
0.00211,1.75872,0.51923,650.00000
0.00327,1.74136,0.49416,400.00000
0.00283,1.73997,0.47945,750.00000
0.00410,1.74687,0.50403,200.00000
0.00404,1.71820,0.48751,250.00000
0.00404,1.75334,0.48379,350.00000
0.00291,1.76212,0.49514,200.00000
0.00260,1.74598,0.50916,450.00000
0.00210,1.73572,0.48514,600.00000
0.00211,1.75578,0.51762,1000.00000
0.00277,1.74624,0.49614,300.00000
-0.00012,1.69575,0.49192,450.00000
-0.00014,1.76785,0.50814,450.00000
-0.00011,1.75305,0.50553,750.00000
0.00421,1.75091,0.48515,450.00000
0.00377,1.75882,0.50467,450.00000
0.00324,1.75853,0.50541,1000.00000
0.00186,1.73629,0.49632,800.00000
0.00339,1.76215,0.49365,250.00000
0.00649,1.75715,0.52304,350.00000
0.00267,1.74139,0.48832,600.00000
-0.00011,1.74603,0.50416,200.00000
0.00317,1.72825,0.52155,250.00000
0.00186,1.73170,0.49747,700.00000
0.00283,1.72565,0.50507,550.00000
0.00153,1.75255,0.50003,150.00000
-0.00010,1.73213,0.52502,350.00000
0.00342,1.73237,0.51192,500.00000
0.00267,1.74034,0.50546,300.00000
0.00503,1.75586,0.49946,450.00000
0.00154,1.72392,0.50168,600.00000
0.00216,1.75184,0.49937,300.00000
0.00463,1.71683,0.50603,350.00000
-0.00007,1.74527,0.50211,400.00000
0.00287,1.76473,0.52407,850.00000
-0.00008,1.70327,0.49884,850.00000
-0.00009,1.73774,0.49339,650.00000
0.00790,1.76524,0.50051,700.00000
0.00273,1.75124,0.51193,650.00000
0.00262,1.74651,0.50551,750.00000
-0.00013,1.74021,0.49595,150.00000
0.00348,1.74197,0.49871,400.00000
0.00418,1.73847,0.54403,450.00000
0.00231,1.72004,0.48057,1000.00000
-0.00010,1.72161,0.49321,750.00000
0.00255,1.74724,0.49692,750.00000
0.00294,1.73624,0.50888,950.00000
0.00300,1.74100,0.49623,350.00000
0.00174,1.72237,0.50370,700.00000
0.00389,1.75071,0.50058,400.00000
0.00845,1.75288,0.48156,100.00000
0.00628,1.69084,0.50403,0.00000
-0.00014,1.74731,0.52076,300.00000
0.00368,1.75621,0.49736,350.00000
0.00309,1.74525,0.50467,350.00000
-0.00007,1.71318,0.49601,650.00000
0.00172,1.74003,0.48964,400.00000
0.00291,1.73906,0.49096,550.00000
0.00242,1.71096,0.48311,250.00000
0.00377,1.75831,0.50702,450.00000
0.00273,1.73324,0.49347,550.00000
0.00370,1.77285,0.50877,100.00000
0.00425,1.76005,0.49905,300.00000
-0.00017,1.72360,0.49514,600.00000
0.00344,1.74194,0.52110,300.00000
0.00237,1.74440,0.52841,750.00000
-0.00014,1.75173,0.52362,650.00000
0.00293,1.73095,0.49788,550.00000
-0.00010,1.74092,0.51983,750.00000
0.00370,1.75961,0.51728,250.00000
0.00393,1.71667,0.49458,400.00000
0.00311,1.76287,0.48850,550.00000
0.00307,1.72344,0.48324,550.00000
0.00527,1.75562,0.49710,500.00000
0.00425,1.73025,0.51079,600.00000
0.00340,1.75318,0.50667,400.00000
-0.00010,1.76024,0.47739,400.00000
0.00398,1.75524,0.49603,550.00000
0.00221,1.75345,0.51942,500.00000
0.00318,1.75606,0.51728,550.00000
0.00371,1.72676,0.47635,350.00000
0.00280,1.73331,0.49192,600.00000
0.00377,1.75151,0.50258,600.00000
0.00424,1.72837,0.49663,900.00000
0.00385,1.78302,0.47814,250.00000
0.00464,1.74115,0.50003,400.00000
0.00350,1.75626,0.50812,350.00000
0.00273,1.74879,0.50213,650.00000
0.00342,1.72745,0.51413,500.00000
-0.00011,1.74665,0.50133,300.00000
0.00359,1.74346,0.49494,350.00000
0.00296,1.73623,0.49372,700.00000
-0.00010,1.72125,0.51650,600.00000
0.00151,1.74493,0.49994,500.00000
-0.00016,1.75865,0.50630,250.00000
0.00484,1.78141,0.50812,450.00000
0.00332,1.73327,0.52564,350.00000
0.00271,1.72972,0.49419,400.00000
0.00396,1.73408,0.49606,850.00000
0.00388,1.77266,0.51109,500.00000
0.00232,1.75794,0.48804,700.00000
-0.00010,1.72610,0.47405,500.00000
0.00227,1.76463,0.50488,600.00000
0.00387,1.76132,0.51618,800.00000
-0.00008,1.73291,0.50398,700.00000
0.00280,1.75785,0.52532,1000.00000
0.00119,1.74975,0.51247,400.00000
0.00205,1.74346,0.49973,750.00000
0.00200,1.73041,0.50526,500.00000
0.00363,1.73733,0.50871,400.00000
0.00392,1.72405,0.50730,350.00000
0.00216,1.73650,0.48954,350.00000
0.00404,1.76610,0.51069,850.00000
0.00269,1.71531,0.49836,700.00000
0.00385,1.76088,0.52146,400.00000
0.00259,1.73233,0.48517,0.00000
0.00296,1.74728,0.50733,850.00000
0.00315,1.74165,0.50242,250.00000
0.00294,1.73322,0.52553,400.00000
0.00444,1.73309,0.50271,700.00000
0.00280,1.75488,0.50762,600.00000
0.00416,1.76558,0.51339,400.00000
0.00306,1.72760,0.47998,700.00000
0.00320,1.71896,0.51586,400.00000
0.00455,1.74465,0.49404,500.00000
0.00278,1.73508,0.49725,800.00000
0.00338,1.77136,0.52695,600.00000
-0.00012,1.74535,0.48889,250.00000
-0.00012,1.74289,0.49259,300.00000
0.00385,1.75800,0.48732,1000.00000
0.00285,1.74057,0.51165,500.00000
0.00305,1.71317,0.48090,250.00000
0.00177,1.73570,0.49039,450.00000
0.00415,1.72835,0.47908,350.00000
0.00948,1.66180,0.52404,0.00000
0.00250,1.74068,0.51668,250.00000
0.00324,1.74669,0.51615,600.00000
-0.00010,1.72192,0.47742,400.00000
0.00277,1.75583,0.51129,550.00000
0.00235,1.70011,0.48854,850.00000
0.00469,1.74885,0.51016,100.00000
0.00298,1.74905,0.49231,700.00000
0.00195,1.77896,0.50435,400.00000
0.00348,1.75516,0.50991,0.00000
0.00462,1.74755,0.49155,500.00000
0.00297,1.76032,0.51305,650.00000
0.00500,1.75609,0.52256,500.00000
0.00475,1.75485,0.48482,650.00000
0.00350,1.75737,0.51578,500.00000
0.00213,1.75982,0.50692,300.00000
0.00399,1.74034,0.51039,700.00000
0.00323,1.71527,0.48904,650.00000
0.00303,1.74371,0.52743,650.00000
0.00244,1.76365,0.49448,350.00000
0.00285,1.74695,0.49038,600.00000
0.00664,1.79125,0.52936,50.00000
0.00239,1.73997,0.50513,550.00000
0.00402,1.73341,0.51072,300.00000
0.00310,1.72177,0.48068,650.00000
0.01005,1.71333,0.50517,150.00000
0.00308,1.75814,0.49438,350.00000
0.00247,1.74860,0.48579,500.00000
0.00188,1.75300,0.50900,700.00000
0.00208,1.75079,0.48002,350.00000
0.00256,1.75195,0.49722,250.00000
0.00571,1.75018,0.49390,0.00000
0.00271,1.71831,0.48350,400.00000
0.00365,1.74200,0.51615,400.00000
0.00226,1.74596,0.49010,500.00000
0.00365,1.75107,0.51023,350.00000
0.00348,1.72674,0.51277,400.00000
0.00315,1.74663,0.49068,600.00000
0.00282,1.72501,0.50061,600.00000
0.00322,1.75063,0.52142,650.00000
-0.00008,1.74080,0.50114,1000.00000
-0.00011,1.73285,0.49672,700.00000
0.00174,1.74490,0.49564,900.00000
0.00353,1.74816,0.54195,400.00000
-0.00009,1.75727,0.49380,550.00000
0.00376,1.73633,0.51949,500.00000
0.00258,1.72980,0.50824,550.00000
-0.00010,1.74490,0.50431,300.00000
0.00339,1.75418,0.50398,550.00000
0.00288,1.75262,0.51150,850.00000
0.00379,1.74209,0.50144,300.00000
0.00288,1.74491,0.51961,300.00000
0.00442,1.76547,0.51526,450.00000
0.00252,1.75220,0.49105,600.00000
0.00348,1.75113,0.53071,400.00000
0.00325,1.76038,0.50274,500.00000
0.00139,1.73876,0.50725,600.00000
0.00208,1.72014,0.49417,450.00000
-0.00010,1.75942,0.51151,350.00000
-0.00010,1.72572,0.49564,900.00000
0.00476,1.77410,0.50370,400.00000
0.00199,1.74819,0.49007,600.00000
0.00475,1.71794,0.49722,800.00000
0.00183,1.73540,0.49310,400.00000
0.00329,1.76093,0.50867,750.00000
0.00452,1.75075,0.49831,650.00000
0.00507,1.76196,0.50230,350.00000
-0.00013,1.74977,0.51125,400.00000
0.00322,1.76145,0.48848,550.00000
0.00348,1.73896,0.50704,300.00000
-0.00008,1.75554,0.49495,550.00000
0.00209,1.74542,0.51379,750.00000
0.00300,1.76209,0.50653,200.00000
-0.00009,1.72585,0.50165,300.00000
0.00455,1.74069,0.50355,350.00000
-0.00010,1.75674,0.48341,200.00000
0.00299,1.73113,0.50032,500.00000
0.00542,1.73803,0.49435,350.00000
0.00306,1.73875,0.49572,350.00000
0.00278,1.74879,0.49866,600.00000
-0.00011,1.74081,0.50259,750.00000
0.00307,1.75416,0.50325,350.00000
0.00403,1.72827,0.47516,400.00000
0.00324,1.74385,0.50805,700.00000
0.00357,1.78319,0.48603,650.00000
-0.00013,1.74374,0.49637,350.00000
0.00160,1.77156,0.50766,0.00000
0.00262,1.74896,0.49950,700.00000
0.00310,1.74891,0.49320,900.00000
0.00280,1.73665,0.50197,350.00000
0.00243,1.75344,0.49742,800.00000
0.00428,1.77687,0.48437,100.00000
0.00436,1.75612,0.51148,200.00000
0.00313,1.73443,0.50660,600.00000
0.00316,1.74289,0.50428,400.00000
0.00176,1.75206,0.50284,750.00000
-0.00012,1.73134,0.50433,600.00000
0.00362,1.74001,0.50296,250.00000
0.00239,1.73109,0.50770,700.00000
0.00409,1.72639,0.49027,350.00000
-0.00013,1.74060,0.49893,400.00000
-0.00005,1.72506,0.51072,400.00000
-0.00009,1.74560,0.51113,600.00000
0.00421,1.72499,0.51108,100.00000
0.00299,1.74822,0.50463,400.00000
-0.00014,1.74440,0.50968,300.00000
0.00344,1.72507,0.49888,600.00000
0.00363,1.76045,0.49068,100.00000
0.00292,1.72592,0.49648,400.00000
0.00255,1.74815,0.51139,550.00000
0.00282,1.75005,0.49613,400.00000
-0.00009,1.75653,0.51857,750.00000
0.00284,1.74363,0.51383,600.00000
0.00328,1.79151,0.51325,100.00000
0.00478,1.72518,0.51570,200.00000
0.00215,1.74907,0.50065,700.00000
0.00355,1.74184,0.49224,550.00000
0.00424,1.74132,0.49711,450.00000
0.00478,1.76816,0.50425,400.00000
0.00235,1.75485,0.52152,900.00000
0.00215,1.72711,0.47621,250.00000
0.00185,1.75426,0.50917,800.00000
0.00310,1.74034,0.51226,750.00000
0.00107,1.74143,0.50992,200.00000
