1.26132,1.00627,1.37312,1.36457,0.82379,0.59994,15.85212,688.00000
0.99938,0.71060,1.16092,1.63372,0.72002,0.62021,4.00249,812.00000
1.26311,1.01033,1.38529,1.37113,0.83481,0.60262,21.46540,500.00000
1.17812,0.98369,1.33276,1.35485,0.81473,0.61131,18.45860,688.00000
1.20666,0.87615,1.36779,1.56114,0.79138,0.57858,12.30086,688.00000
1.14309,0.85545,1.34006,1.56651,0.78734,0.58754,12.01533,875.00000
1.29122,1.00392,1.41421,1.40869,0.83311,0.58909,18.80775,688.00000
1.28963,1.08150,1.38640,1.28192,0.84433,0.60901,22.29809,188.00000
1.07068,0.74099,1.29315,1.74516,0.76906,0.59472,8.58608,375.00000
1.15992,0.81337,1.33638,1.64302,0.79179,0.59249,10.84490,562.00000
1.19564,0.94147,1.37663,1.46221,0.80314,0.58341,15.85058,562.00000
1.26630,1.02330,1.38052,1.34909,0.83676,0.60612,23.13777,312.00000
1.06544,0.66856,1.41421,2.11532,0.73574,0.52025,4.11286,62.00000
1.17779,0.78196,1.37017,1.75224,0.80796,0.58968,14.50002,500.00000
1.17726,0.92430,1.30519,1.41208,0.79594,0.60983,13.69539,875.00000
1.29663,1.07598,1.41421,1.31435,0.83924,0.59343,21.51337,500.00000
1.21148,0.90137,1.34807,1.49558,0.79577,0.59030,13.30857,625.00000
1.21502,1.00340,1.37225,1.36760,0.79342,0.57819,13.37488,625.00000
1.12785,0.84580,1.37229,1.62247,0.79130,0.57663,12.98496,438.00000
1.27076,0.96179,1.39492,1.45034,0.83262,0.59689,17.63736,312.00000
1.21318,0.90246,1.37703,1.52586,0.81173,0.58948,13.13258,562.00000
1.25638,1.04151,1.41421,1.35784,0.82669,0.58456,14.74523,562.00000
1.16801,0.79523,1.39345,1.75225,0.79856,0.57309,10.50111,438.00000
1.24866,1.00179,1.38526,1.38278,0.82393,0.59478,15.68036,562.00000
1.24023,0.93681,1.39232,1.48624,0.81402,0.58465,16.05142,500.00000
1.16612,0.81994,1.35804,1.65626,0.79663,0.58660,12.34609,375.00000
1.22370,0.98249,1.36549,1.38983,0.80609,0.59033,15.45377,938.00000
1.23813,0.89183,1.41421,1.58574,0.82030,0.58004,15.31345,500.00000
1.21736,0.89811,1.39476,1.55299,0.81688,0.58568,14.69139,688.00000
1.24353,0.97842,1.37498,1.40531,0.82554,0.60040,16.66471,500.00000
1.19109,0.90717,1.36946,1.50960,0.78084,0.57018,9.86566,625.00000
1.12724,0.69611,1.32195,1.89906,0.77980,0.58988,10.15913,438.00000
1.27292,1.05723,1.41421,1.33766,0.84366,0.59656,19.02975,0.00000
1.14979,0.89249,1.29515,1.45117,0.78940,0.60950,12.23833,562.00000
1.20631,0.91257,1.36555,1.49638,0.78540,0.57516,12.45298,500.00000
0.98757,0.76388,1.16330,1.52287,0.69015,0.59327,3.80246,625.00000
0.99991,0.72384,1.17242,1.61973,0.69079,0.58920,3.71200,562.00000
1.26681,0.95799,1.41421,1.47622,0.81607,0.57705,14.49527,500.00000
1.25165,0.91114,1.39318,1.52905,0.83040,0.59605,20.20668,500.00000
1.16244,0.65443,1.37357,2.09890,0.77967,0.56762,7.73184,500.00000
1.17102,0.95591,1.28186,1.34099,0.79827,0.62274,14.54294,438.00000
1.08504,0.52253,1.30632,2.49997,0.77414,0.59261,5.99849,312.00000
1.21043,0.97647,1.36965,1.40265,0.81709,0.59657,17.52933,375.00000
1.16063,0.76979,1.35842,1.76466,0.80503,0.59262,12.71939,500.00000
1.23784,1.01196,1.39168,1.37524,0.80783,0.58047,12.47125,375.00000
1.22220,0.93681,1.38827,1.48192,0.81784,0.58911,19.33145,562.00000
1.11629,0.82725,1.28869,1.55780,0.78475,0.60895,12.56062,438.00000
1.16158,0.72376,1.37853,1.90468,0.78523,0.56961,6.95434,438.00000
1.25816,0.84938,1.39906,1.64716,0.82384,0.58885,15.38739,625.00000
1.17605,0.84311,1.34264,1.59248,0.77781,0.57931,11.34582,500.00000
1.22839,0.95179,1.39358,1.46416,0.82200,0.58984,14.21213,562.00000
1.05503,0.63048,1.27240,2.01814,0.75549,0.59375,5.37636,562.00000
1.15491,0.80164,1.36171,1.69866,0.79661,0.58501,12.01774,562.00000
1.14312,0.87927,1.33749,1.52114,0.77326,0.57815,7.04960,312.00000
1.12796,0.88261,1.31433,1.48913,0.79475,0.60468,15.10761,438.00000
1.19576,0.79394,1.40292,1.76704,0.80344,0.57269,11.06214,562.00000
1.19067,0.92726,1.33432,1.43899,0.80451,0.60294,12.74363,562.00000
1.02315,0.57190,1.29490,2.26419,0.74732,0.57713,5.25208,500.00000
1.21835,0.82235,1.37361,1.67034,0.80256,0.58427,11.72076,625.00000
1.15323,0.71172,1.38121,1.94066,0.78992,0.57190,8.55546,562.00000
1.17787,0.80090,1.39080,1.73653,0.79340,0.57047,10.59186,562.00000
1.21346,0.93578,1.37397,1.46826,0.79958,0.58195,12.03771,562.00000
1.17565,0.89186,1.32512,1.48579,0.79572,0.60049,12.95724,562.00000
1.21045,0.85981,1.36786,1.59090,0.81765,0.59776,13.44837,438.00000
1.07342,0.79483,1.23111,1.54889,0.74230,0.60296,5.64134,500.00000
1.07499,0.74086,1.33803,1.80605,0.77217,0.57709,7.00569,438.00000
1.13512,0.77538,1.32115,1.70386,0.79036,0.59824,12.47522,750.00000
1.21322,0.96994,1.33107,1.37232,0.81324,0.61097,16.67509,562.00000
1.09418,0.68232,1.28478,1.88296,0.77345,0.60201,9.93497,375.00000
1.16537,0.85371,1.33202,1.56027,0.80529,0.60456,12.33668,500.00000
1.21918,0.93482,1.40546,1.50345,0.79303,0.56425,11.41726,500.00000
1.11351,0.79466,1.33532,1.68036,0.76904,0.57592,8.82698,438.00000
1.24238,0.90304,1.38351,1.53205,0.82003,0.59272,15.65178,438.00000
1.15124,0.73736,1.36123,1.84609,0.79290,0.58249,10.95486,562.00000
1.14699,0.89110,1.36359,1.53025,0.79135,0.58034,10.08997,438.00000
1.20580,0.97430,1.31636,1.35109,0.79555,0.60435,10.07623,562.00000
1.18440,0.85584,1.39232,1.62685,0.81524,0.58553,12.35495,312.00000
1.18848,0.85693,1.40172,1.63575,0.80458,0.57399,13.94773,312.00000
1.20226,0.90973,1.40258,1.54175,0.81838,0.58348,15.34448,438.00000
1.11372,0.84155,1.29433,1.53802,0.74794,0.57786,7.65400,688.00000
1.13485,0.87053,1.30800,1.50252,0.77719,0.59418,10.10717,812.00000
1.04429,0.69930,1.29178,1.84725,0.74606,0.57755,5.85431,375.00000
1.04522,0.74764,1.21177,1.62078,0.74311,0.61325,6.10127,625.00000
1.17142,0.81895,1.31318,1.60349,0.78173,0.59530,9.91833,625.00000
1.22050,0.95056,1.36049,1.43125,0.82411,0.60575,17.68950,500.00000
1.20040,0.86419,1.33444,1.54415,0.79775,0.59782,10.67744,375.00000
1.23550,0.89421,1.37797,1.54100,0.81893,0.59430,16.19906,250.00000
1.22922,0.96082,1.36013,1.41560,0.78625,0.57807,11.78745,562.00000
1.10404,0.73965,1.27208,1.71985,0.76673,0.60273,7.55732,562.00000
1.03597,0.81650,1.23158,1.50837,0.75070,0.60954,6.80914,438.00000
1.24600,0.94246,1.36797,1.45150,0.81401,0.59505,15.25964,562.00000
1.21785,1.03039,1.38559,1.34472,0.82198,0.59323,15.62881,562.00000
1.16455,0.84794,1.36893,1.61441,0.79381,0.57988,8.48727,500.00000
1.05580,0.77796,1.24785,1.60401,0.74448,0.59661,7.64185,625.00000
1.23358,0.94670,1.37516,1.45258,0.81344,0.59153,17.50484,500.00000
1.16668,0.71586,1.40266,1.95939,0.79115,0.56404,7.97385,562.00000
1.17816,0.76605,1.40273,1.83112,0.79344,0.56564,8.69626,562.00000
0.97620,0.66487,1.23708,1.86063,0.71317,0.57650,3.73359,562.00000
1.16380,0.90023,1.36690,1.51839,0.79649,0.58270,12.26851,562.00000
1.17192,0.84795,1.36421,1.60883,0.80076,0.58698,8.51619,500.00000
1.24123,0.85764,1.39885,1.63105,0.81508,0.58268,13.66168,438.00000
1.22643,0.95756,1.36504,1.42554,0.77687,0.56912,7.77568,438.00000
1.08062,0.87347,1.19864,1.37228,0.75612,0.63082,8.90602,562.00000
1.18780,0.89226,1.34369,1.50594,0.79802,0.59390,13.46205,562.00000
1.26756,0.96498,1.40113,1.45198,0.82574,0.58934,19.54951,562.00000
1.20520,0.80289,1.38825,1.72908,0.80279,0.57827,13.78463,812.00000
1.23583,0.96552,1.40227,1.45235,0.80843,0.57651,15.03096,562.00000
1.12370,0.86725,1.27944,1.47528,0.76521,0.59808,10.26464,562.00000
1.14184,0.83987,1.27247,1.51508,0.76676,0.60258,6.54437,438.00000
1.10877,0.76276,1.24724,1.63517,0.75121,0.60230,6.52825,562.00000
1.21764,0.82007,1.36827,1.66848,0.81595,0.59634,14.80847,500.00000
1.15174,0.87746,1.30598,1.48836,0.79209,0.60651,11.80603,375.00000
0.98610,0.66043,1.19998,1.81697,0.72366,0.60306,4.61445,500.00000
1.08287,0.79192,1.34945,1.70403,0.75748,0.56132,8.18970,438.00000
1.10496,0.83748,1.33421,1.59312,0.76005,0.56966,8.54303,438.00000
1.13421,0.83004,1.30460,1.57174,0.79939,0.61275,11.31993,562.00000
1.10200,0.63926,1.34641,2.10621,0.74215,0.55121,4.27855,562.00000
1.12559,0.82978,1.32243,1.59371,0.79060,0.59784,12.65188,562.00000
1.08869,0.72273,1.27916,1.76991,0.76756,0.60005,8.04942,500.00000
1.11267,0.89230,1.32444,1.48430,0.77286,0.58354,7.76723,688.00000
1.29788,1.05266,1.41421,1.34347,0.83318,0.58915,20.37010,562.00000
1.19020,0.88343,1.41421,1.60083,0.81570,0.57679,15.32258,562.00000
1.14342,0.81264,1.34137,1.65063,0.76766,0.57229,8.73933,750.00000
1.15692,0.78709,1.34157,1.70448,0.79016,0.58898,10.10407,562.00000
1.12352,0.85078,1.28024,1.50478,0.77675,0.60672,10.09356,750.00000
1.12847,0.87812,1.26019,1.43510,0.77514,0.61510,8.69648,562.00000
1.14724,0.89981,1.30655,1.45204,0.78706,0.60239,11.83822,562.00000
1.09794,0.74846,1.27178,1.69920,0.75898,0.59678,7.37564,562.00000
1.19509,0.96659,1.36467,1.41185,0.78663,0.57642,13.33326,562.00000
1.02904,0.72147,1.21021,1.67741,0.73256,0.60532,6.42745,562.00000
1.19576,0.90989,1.37604,1.51231,0.79801,0.57993,12.37269,562.00000
1.16901,0.84090,1.37524,1.63544,0.79810,0.58033,11.79264,562.00000
1.15529,0.87026,1.30743,1.50236,0.78236,0.59840,8.70809,625.00000
1.13342,0.89522,1.26300,1.41082,0.78108,0.61843,9.17802,688.00000
1.07995,0.81141,1.32053,1.62744,0.74021,0.56054,4.66291,562.00000
1.24442,0.98963,1.35497,1.36917,0.79845,0.58927,11.00997,625.00000
1.19513,0.96413,1.34212,1.39205,0.80461,0.59950,15.85432,438.00000
1.20926,0.82689,1.36069,1.64554,0.80469,0.59139,14.54452,438.00000
1.22554,0.97154,1.40389,1.44502,0.80974,0.57678,16.47260,625.00000
1.17398,0.82578,1.33219,1.61325,0.81043,0.60835,15.48875,562.00000
1.10439,0.83141,1.29815,1.56138,0.78077,0.60145,11.55677,750.00000
1.18330,0.86206,1.36384,1.58207,0.80077,0.58714,13.82592,312.00000
0.91888,0.61716,1.10998,1.79854,0.70699,0.63694,3.54980,438.00000
0.96131,0.71136,1.09606,1.54079,0.72352,0.66011,5.06240,562.00000
1.27422,0.96478,1.41421,1.46584,0.83449,0.59007,18.42135,0.00000
1.08162,0.73755,1.34429,1.82264,0.75144,0.55898,5.91475,500.00000
1.16608,0.82511,1.33006,1.61199,0.80605,0.60603,12.70473,438.00000
1.13802,0.72436,1.34417,1.85566,0.77209,0.57440,7.97642,375.00000
1.29664,1.04319,1.41421,1.35566,0.84547,0.59784,23.45218,0.00000
1.25730,0.97121,1.38742,1.42855,0.82878,0.59735,19.90827,188.00000
1.17581,0.89146,1.37119,1.53814,0.80757,0.58896,11.75308,688.00000
0.94462,0.58287,1.14327,1.96145,0.67863,0.59359,2.73446,562.00000
1.26044,0.99688,1.39878,1.40316,0.79989,0.57185,14.51190,500.00000
1.11532,0.77944,1.31147,1.68258,0.78238,0.59656,9.60249,625.00000
1.08340,0.78342,1.35142,1.72502,0.76953,0.56943,8.30263,500.00000
1.07423,0.71315,1.27249,1.78433,0.74924,0.58880,7.72710,562.00000
1.18714,0.91801,1.34406,1.46411,0.79744,0.59331,11.69481,438.00000
1.07081,0.67740,1.29847,1.91685,0.76034,0.58556,7.52732,875.00000
1.32431,1.06620,1.41421,1.32641,0.82464,0.58311,15.40524,62.00000
1.20845,0.89467,1.36368,1.52423,0.81394,0.59687,16.72667,688.00000
1.16598,0.88438,1.35348,1.53043,0.79275,0.58571,13.51338,562.00000
1.16181,0.83303,1.33132,1.59816,0.80657,0.60584,14.08108,562.00000
1.21759,0.87218,1.37149,1.57248,0.81577,0.59480,12.96068,312.00000
1.13706,0.76809,1.34962,1.75712,0.80552,0.59685,14.45561,500.00000
1.23111,0.90630,1.39890,1.54353,0.82659,0.59088,17.65100,500.00000
1.18106,0.93779,1.31526,1.40251,0.79528,0.60465,12.78166,688.00000
1.18224,0.86740,1.36979,1.57919,0.79889,0.58322,11.62375,312.00000
1.07079,0.82662,1.23860,1.49840,0.76037,0.61389,7.50092,250.00000
1.08812,0.76585,1.31487,1.71687,0.75553,0.57461,6.98295,625.00000
1.12400,0.84591,1.33945,1.58344,0.79126,0.59073,11.92776,312.00000
1.17931,0.79445,1.41421,1.78012,0.78695,0.55646,9.13126,562.00000
1.14228,0.73203,1.39104,1.90026,0.80585,0.57932,11.74183,375.00000
1.14986,0.91499,1.27173,1.38989,0.79469,0.62489,12.99904,625.00000
1.14740,0.84434,1.31441,1.55673,0.77450,0.58924,10.56571,562.00000
1.16045,0.92339,1.32336,1.43316,0.77522,0.58580,11.40699,500.00000
1.02427,0.54420,1.20701,2.21796,0.75915,0.62895,7.05946,562.00000
1.17267,0.90510,1.29467,1.43042,0.77337,0.59735,8.81750,500.00000
1.20067,0.93708,1.35693,1.44804,0.79588,0.58653,10.87160,688.00000
1.09727,0.76254,1.31334,1.72233,0.76298,0.58094,7.16101,625.00000
1.10503,0.79561,1.31028,1.64688,0.76259,0.58201,6.63255,562.00000
1.11312,0.69125,1.33520,1.93157,0.77637,0.58146,6.30968,562.00000
1.08748,0.79265,1.30668,1.64850,0.75246,0.57586,5.82475,438.00000
1.16183,0.87947,1.32159,1.50271,0.78855,0.59666,12.68043,438.00000
1.15700,0.86333,1.30729,1.51425,0.80972,0.61939,13.75793,500.00000
1.12789,0.84366,1.27363,1.50965,0.79250,0.62224,13.75392,500.00000
1.14933,0.84983,1.34306,1.58037,0.77996,0.58073,10.62815,500.00000
1.18249,0.87393,1.35837,1.55432,0.78914,0.58095,11.70718,375.00000
1.17147,0.86085,1.37551,1.59784,0.80412,0.58460,12.23932,562.00000
1.12454,0.74611,1.31529,1.76286,0.75361,0.57296,6.04481,562.00000
1.14607,0.89140,1.34410,1.50786,0.81109,0.60344,14.08147,312.00000
1.19728,0.89723,1.35218,1.50706,0.80335,0.59412,14.59386,625.00000
1.27424,1.04374,1.39747,1.33890,0.82091,0.58743,17.09402,562.00000
1.08927,0.74998,1.34344,1.79130,0.77704,0.57840,10.09779,438.00000
1.18155,0.84760,1.33805,1.57864,0.79142,0.59147,12.96507,562.00000
1.01700,0.77782,1.27522,1.63947,0.73382,0.57545,6.14731,562.00000
1.15036,0.77569,1.36226,1.75619,0.79768,0.58556,12.06796,812.00000
1.17109,0.88477,1.27577,1.44192,0.79244,0.62115,11.89658,562.00000
0.99218,0.75161,1.13662,1.51224,0.68044,0.59865,3.36773,562.00000
1.19578,0.84903,1.38271,1.62857,0.80087,0.57920,10.69155,562.00000
1.05970,0.76070,1.26621,1.66453,0.76449,0.60376,6.34436,438.00000
1.13457,0.81027,1.32514,1.63542,0.76573,0.57785,8.32134,625.00000
1.03949,0.73583,1.20739,1.64086,0.73808,0.61131,6.64855,625.00000
1.18426,0.79110,1.36086,1.72022,0.78499,0.57683,10.36269,500.00000
1.19168,0.84664,1.34329,1.58663,0.78606,0.58517,10.01209,438.00000
1.17430,0.90441,1.33674,1.47802,0.79901,0.59773,13.90478,438.00000
1.19854,0.93733,1.35355,1.44405,0.78489,0.57987,13.48204,562.00000
1.23730,0.92002,1.35842,1.47651,0.82227,0.60531,13.77021,438.00000
1.21550,0.97951,1.32709,1.35485,0.79624,0.59999,8.34812,500.00000
1.12013,0.88983,1.30971,1.47186,0.78645,0.60048,10.24611,562.00000
1.22014,0.91276,1.36726,1.49793,0.83292,0.60919,19.58048,438.00000
1.18728,0.90634,1.37330,1.51521,0.80236,0.58426,12.55089,375.00000
1.16825,0.91799,1.36731,1.48946,0.77309,0.56541,9.31224,562.00000
1.16533,0.94738,1.30914,1.38185,0.80625,0.61586,15.19649,562.00000
1.20390,0.95359,1.34093,1.40620,0.79510,0.59295,14.43300,875.00000
1.14638,0.88410,1.28080,1.44871,0.78428,0.61234,11.86750,688.00000
1.17676,0.86289,1.32158,1.53157,0.80754,0.61104,13.72200,500.00000
1.15809,0.87244,1.33836,1.53404,0.78469,0.58631,10.85757,625.00000
1.08831,0.81787,1.25029,1.52872,0.76596,0.61263,10.61294,375.00000
1.18879,0.81929,1.36350,1.66425,0.81426,0.59718,12.55603,625.00000
1.15134,0.85943,1.31553,1.53069,0.79819,0.60675,12.75431,562.00000
1.06248,0.58431,1.41421,2.42031,0.78749,0.55684,8.75749,562.00000
1.28072,1.06437,1.39198,1.30781,0.83881,0.60260,22.54231,500.00000
1.21468,0.95460,1.35496,1.41941,0.83187,0.61394,20.33578,375.00000
1.23277,1.05319,1.33868,1.27108,0.81356,0.60773,16.04415,625.00000
1.21863,0.87169,1.36825,1.56965,0.79282,0.57945,8.28708,750.00000
1.18966,0.93006,1.32675,1.42652,0.79910,0.60230,10.49471,562.00000
1.00477,0.59332,1.35280,2.28005,0.73598,0.54404,4.30976,438.00000
1.21703,0.87824,1.39611,1.58967,0.80290,0.57509,12.58023,438.00000
1.13318,0.88081,1.26309,1.43401,0.77510,0.61365,7.05967,500.00000
1.23964,0.98031,1.41421,1.44262,0.81740,0.57799,15.85421,625.00000
1.21353,0.95522,1.34445,1.40748,0.80509,0.59883,14.04355,562.00000
1.17709,0.88058,1.37230,1.55841,0.79625,0.58023,12.04048,500.00000
1.19513,0.93335,1.36624,1.46380,0.80861,0.59185,16.00989,500.00000
1.21785,1.00115,1.34210,1.34056,0.81128,0.60448,16.97068,688.00000
1.10250,0.80954,1.25739,1.55322,0.76877,0.61140,9.12150,750.00000
1.14089,0.83380,1.37374,1.64757,0.78065,0.56827,10.17390,562.00000
1.21840,0.92066,1.36215,1.47954,0.81408,0.59764,14.35870,688.00000
1.22584,0.99017,1.35218,1.36561,0.81573,0.60327,15.30923,625.00000
1.11563,0.78957,1.30576,1.65376,0.78689,0.60263,8.84382,562.00000
1.21971,0.94162,1.36519,1.44983,0.83330,0.61039,19.96794,500.00000
1.20001,0.91284,1.33706,1.46472,0.78282,0.58548,8.48711,0.00000
0.97084,0.63383,1.14717,1.80990,0.70845,0.61756,4.66864,562.00000
1.26069,1.06842,1.38559,1.29686,0.82487,0.59532,20.37611,500.00000
1.17094,0.92966,1.34229,1.44385,0.78720,0.58646,9.73429,500.00000
1.10285,0.64233,1.33435,2.07736,0.77118,0.57795,7.47006,500.00000
1.14048,0.78229,1.30644,1.67002,0.79359,0.60744,12.70187,625.00000
1.14466,0.82089,1.31909,1.60690,0.79583,0.60332,13.04438,500.00000
1.16233,0.87358,1.41421,1.61887,0.79395,0.56141,10.69123,562.00000
1.18802,0.83909,1.36394,1.62550,0.78095,0.57256,7.86164,562.00000
1.18728,0.92742,1.32008,1.42340,0.79921,0.60542,12.57209,438.00000
1.14205,0.78290,1.35225,1.72725,0.78530,0.58073,9.50017,500.00000
1.06881,0.66310,1.32124,1.99253,0.75447,0.57103,5.41509,625.00000
1.19302,0.78940,1.36498,1.72914,0.80684,0.59110,13.23076,562.00000
1.19854,0.86898,1.37191,1.57876,0.81521,0.59421,14.27121,438.00000
1.07044,0.83819,1.21649,1.45133,0.74678,0.61388,6.89800,562.00000
1.22753,0.78368,1.41421,1.80459,0.82544,0.58367,13.72213,438.00000
1.07016,0.84618,1.19674,1.41429,0.76902,0.64260,11.74062,562.00000
1.13388,0.80737,1.37359,1.70132,0.80198,0.58386,10.89369,312.00000
1.13809,0.72554,1.36328,1.87898,0.79237,0.58122,9.32140,375.00000
0.99685,0.67296,1.24544,1.85069,0.76662,0.61554,8.06903,125.00000
1.13157,0.72476,1.27977,1.76578,0.77722,0.60731,6.65814,500.00000
1.25238,0.92418,1.41421,1.53023,0.83874,0.59308,20.30932,375.00000
1.18978,0.93383,1.32247,1.41618,0.79184,0.59875,11.44194,250.00000
1.15341,0.87464,1.37107,1.56758,0.77465,0.56500,7.29282,438.00000
1.26560,1.05996,1.39462,1.31573,0.82229,0.58961,14.24681,250.00000
1.15747,0.79372,1.39111,1.75265,0.80994,0.58222,15.67162,312.00000
1.16440,0.80290,1.32811,1.65413,0.78652,0.59221,9.54163,750.00000
1.17502,0.72328,1.41421,1.95529,0.79737,0.56383,8.20665,438.00000
1.22316,0.98665,1.34161,1.35976,0.81535,0.60774,15.70592,312.00000
1.23170,1.09224,1.36645,1.25105,0.80307,0.58770,16.08471,438.00000
0.97806,0.72362,1.14834,1.58694,0.72687,0.63297,3.54833,562.00000
1.18336,0.78582,1.39418,1.77418,0.78726,0.56467,4.69506,312.00000
1.15926,0.75805,1.41421,1.86560,0.79682,0.56343,7.66170,500.00000
1.19560,0.73186,1.41421,1.93237,0.81799,0.57841,9.06239,312.00000
1.24312,0.88550,1.37634,1.55431,0.82733,0.60111,17.88228,312.00000
1.03538,0.65414,1.31448,2.00948,0.76056,0.57860,7.86249,438.00000
1.12156,0.76373,1.33310,1.74551,0.78510,0.58893,10.55472,438.00000
1.19454,0.78437,1.38876,1.77055,0.82217,0.59201,14.40831,250.00000
1.21667,0.90060,1.35542,1.50502,0.81938,0.60452,18.00544,438.00000
1.20872,0.81926,1.36659,1.66808,0.80800,0.59125,11.49338,438.00000
1.01011,0.60256,1.25675,2.08569,0.75438,0.60026,7.40974,312.00000
1.06085,0.71931,1.31236,1.82449,0.75637,0.57634,7.42014,438.00000
1.20155,0.91213,1.41421,1.55046,0.81247,0.57450,11.90196,375.00000
1.21337,0.97834,1.34823,1.37808,0.77498,0.57481,11.30396,562.00000
1.20036,0.85202,1.36525,1.60236,0.82444,0.60387,10.78076,375.00000
1.12066,0.71999,1.28387,1.78319,0.76720,0.59757,9.37717,188.00000
1.20508,0.92308,1.37604,1.49070,0.80841,0.58749,15.13658,250.00000
1.13371,0.83985,1.39305,1.65870,0.79224,0.56871,12.54714,125.00000
1.16305,0.84412,1.35495,1.60517,0.79675,0.58803,13.83389,438.00000
1.24736,0.98332,1.36569,1.38886,0.82113,0.60125,18.00336,500.00000
1.19662,0.82250,1.34821,1.63917,0.81700,0.60599,15.48639,438.00000
1.10605,0.75803,1.33462,1.76063,0.77645,0.58177,10.00336,562.00000
1.20140,0.86711,1.35718,1.56517,0.75391,0.55550,6.77124,250.00000
1.24963,0.97827,1.39254,1.42347,0.82517,0.59257,16.79190,562.00000
1.10406,0.70328,1.31871,1.87510,0.77596,0.58843,10.00322,562.00000
1.21304,0.91611,1.36922,1.49461,0.82300,0.60107,18.70834,500.00000
1.15897,0.82389,1.31281,1.59344,0.78841,0.60055,9.19517,625.00000
1.26567,0.93971,1.39552,1.48506,0.83881,0.60108,22.21094,500.00000
1.16618,0.89300,1.33990,1.50045,0.79462,0.59305,13.83636,625.00000
0.92510,0.44065,1.20432,2.73305,0.69931,0.58067,2.46404,375.00000
1.22898,0.98396,1.36053,1.38271,0.79891,0.58721,15.12275,625.00000
1.18947,0.81798,1.37310,1.67864,0.80991,0.58984,14.64054,500.00000
1.21304,0.85370,1.40268,1.64306,0.81985,0.58448,15.66339,500.00000
1.20924,0.90641,1.34094,1.47940,0.81342,0.60661,16.51883,500.00000
1.22675,1.00213,1.35587,1.35299,0.78314,0.57759,11.74540,562.00000
1.17773,0.85816,1.37738,1.60503,0.81064,0.58853,10.53282,562.00000
1.17273,0.89978,1.31957,1.46655,0.77187,0.58494,10.63261,500.00000
1.22008,0.92478,1.35280,1.46283,0.80119,0.59225,16.23601,562.00000
1.14127,0.87398,1.33074,1.52263,0.78642,0.59096,12.14077,250.00000
1.11997,0.77811,1.34191,1.72457,0.77957,0.58094,8.34293,688.00000
1.18726,0.86154,1.35674,1.57479,0.80527,0.59353,14.40944,562.00000
1.24054,0.97307,1.37370,1.41172,0.81984,0.59681,16.84433,750.00000
1.12776,0.84542,1.28311,1.51773,0.77295,0.60240,9.63608,688.00000
1.27633,1.00422,1.39564,1.38977,0.84098,0.60257,21.76814,750.00000
1.04831,0.81457,1.25270,1.53787,0.72598,0.57954,5.79943,438.00000
1.28538,0.96166,1.41421,1.47059,0.84688,0.59884,18.17039,312.00000
1.03685,0.72402,1.22226,1.68815,0.74693,0.61111,7.85441,625.00000
1.21633,0.88935,1.39690,1.57069,0.81079,0.58042,12.14453,500.00000
1.06023,0.80716,1.19877,1.48517,0.75061,0.62614,6.21855,562.00000
1.21781,0.95806,1.36687,1.42671,0.81041,0.59290,13.38667,562.00000
1.13385,0.75401,1.34378,1.78217,0.74674,0.55571,5.93728,625.00000
1.20176,0.83637,1.40351,1.67809,0.81836,0.58308,13.75099,125.00000
1.24986,0.95228,1.39297,1.46277,0.80957,0.58119,13.57622,562.00000
1.00735,0.70208,1.20830,1.72101,0.74531,0.61683,7.16803,562.00000
1.17226,0.86996,1.37063,1.57551,0.79630,0.58097,14.28987,438.00000
1.25256,0.95210,1.40159,1.47211,0.81618,0.58233,17.03138,625.00000
1.14467,0.76588,1.33857,1.74775,0.78109,0.58353,9.91858,438.00000
1.20244,0.82608,1.41421,1.71197,0.81845,0.57873,12.16000,375.00000
1.21778,0.86219,1.37026,1.58927,0.81926,0.59789,13.71152,562.00000
1.20549,0.94198,1.37350,1.45810,0.81135,0.59072,15.67602,500.00000
1.24758,1.01847,1.39166,1.36642,0.81022,0.58220,15.97045,438.00000
1.14672,0.85121,1.33942,1.57354,0.77640,0.57965,9.96195,438.00000
1.23464,0.85806,1.40400,1.63626,0.82553,0.58798,17.31547,500.00000
1.19856,0.97149,1.30771,1.34609,0.80157,0.61295,17.20808,625.00000
1.22850,0.97453,1.37951,1.41557,0.81713,0.59233,13.94017,812.00000
1.19032,0.93446,1.31006,1.40195,0.80180,0.61203,10.80840,500.00000
1.05821,0.81654,1.22356,1.49847,0.73276,0.59888,5.52292,438.00000
1.22873,1.00231,1.37285,1.36969,0.82584,0.60156,18.12818,500.00000
1.22887,0.96351,1.35677,1.40816,0.81399,0.59994,17.76063,625.00000
1.19855,0.83006,1.36066,1.63922,0.78614,0.57777,10.52824,562.00000
1.11681,0.72476,1.35579,1.87067,0.77539,0.57191,9.40604,625.00000
1.26683,0.98705,1.39471,1.41301,0.83227,0.59673,19.48808,562.00000
1.19409,0.95228,1.39954,1.46968,0.80569,0.57568,13.45873,562.00000
1.22871,0.92878,1.38902,1.49553,0.81865,0.58937,14.47027,250.00000
0.94521,0.60561,1.22136,2.01675,0.71846,0.58825,5.32264,500.00000
1.01803,0.72930,1.18843,1.62954,0.74718,0.62871,7.96724,438.00000
0.98071,0.65196,1.25198,1.92033,0.73747,0.58904,3.24099,750.00000
1.06495,0.74553,1.30589,1.75163,0.72764,0.55720,4.79064,500.00000
1.27154,1.00283,1.41421,1.41023,0.83645,0.59146,19.30584,438.00000
1.16921,0.83456,1.37722,1.65023,0.81184,0.58947,13.99237,500.00000
1.19695,0.80733,1.35052,1.67283,0.81667,0.60471,14.81956,438.00000
1.24144,0.91377,1.38965,1.52080,0.82546,0.59401,16.40916,438.00000
1.18926,0.86174,1.35968,1.57782,0.75625,0.55620,7.37140,375.00000
1.03570,0.73045,1.22050,1.67089,0.74213,0.60805,6.63440,688.00000
1.11258,0.84977,1.25393,1.47562,0.76466,0.60981,6.22513,312.00000
1.17590,0.86402,1.35021,1.56270,0.79518,0.58893,12.59769,500.00000
1.26125,1.00639,1.37535,1.36661,0.81868,0.59526,15.88248,625.00000
1.08392,0.70678,1.28237,1.81438,0.77748,0.60629,10.15510,500.00000
1.16421,0.76833,1.40501,1.82866,0.81399,0.57935,15.10994,250.00000
1.11488,0.90137,1.27308,1.41238,0.77904,0.61193,10.21842,375.00000
1.23388,0.92819,1.38243,1.48938,0.81182,0.58724,15.61752,562.00000
1.22876,0.97351,1.36288,1.39997,0.81795,0.60016,18.19605,562.00000
1.18639,0.80084,1.37096,1.71191,0.77691,0.56669,7.31590,250.00000
1.21229,0.86749,1.41421,1.63024,0.81110,0.57353,13.12623,438.00000
1.24917,0.96695,1.41421,1.46255,0.80940,0.57233,14.57220,500.00000
1.32812,1.13464,1.41421,1.24640,0.83277,0.58886,14.41857,0.00000
1.09223,0.73913,1.32973,1.79906,0.79616,0.59874,10.03804,375.00000
1.20978,0.78221,1.41421,1.80797,0.80487,0.56913,12.65988,250.00000
1.07047,0.73380,1.28559,1.75197,0.77749,0.60477,7.37894,250.00000
1.20808,0.92175,1.38384,1.50131,0.80314,0.58037,13.57689,375.00000
0.41768,0.33732,0.51824,1.53635,0.38248,0.73804,0.01692,125.00000
1.16611,0.85840,1.37956,1.60713,0.79687,0.57763,9.78670,312.00000
1.16356,0.84091,1.33072,1.58247,0.79227,0.59537,10.83021,500.00000
1.15521,0.90136,1.36678,1.51635,0.77862,0.56968,10.49157,625.00000
1.18796,0.91314,1.33753,1.46475,0.80363,0.60083,13.23063,375.00000
1.08342,0.77017,1.39730,1.81428,0.77575,0.55517,9.30325,688.00000
1.24911,0.94379,1.39380,1.47681,0.82792,0.59400,19.06824,625.00000
1.22873,0.94246,1.37268,1.45649,0.80366,0.58547,13.71448,438.00000
1.04672,0.67649,1.29477,1.91396,0.76499,0.59083,10.99207,312.00000
1.25913,0.98756,1.41421,1.43203,0.82471,0.58316,19.74580,562.00000
1.28567,1.02659,1.41421,1.37759,0.84448,0.59714,22.46335,500.00000
1.13691,0.84278,1.31188,1.55661,0.77552,0.59115,10.01923,625.00000
1.15075,0.84452,1.35082,1.59951,0.79562,0.58899,9.44049,625.00000
1.17656,0.83109,1.32693,1.59662,0.80067,0.60340,11.50846,625.00000
1.09307,0.73170,1.28830,1.76069,0.77268,0.59977,8.85588,562.00000
1.13003,0.68939,1.33386,1.93483,0.78304,0.58705,8.17333,500.00000
1.25381,0.99688,1.38640,1.39074,0.83377,0.60139,18.57932,0.00000
1.14708,0.82646,1.38529,1.67618,0.79083,0.57088,10.23760,312.00000
1.30006,1.07732,1.41421,1.31271,0.83428,0.58993,18.34336,250.00000
1.14893,0.90571,1.33659,1.47574,0.77560,0.58028,6.15144,500.00000
1.25504,0.96780,1.37423,1.41995,0.81107,0.59020,12.20236,438.00000
1.25783,0.99023,1.41421,1.42817,0.82414,0.58276,19.58003,562.00000
1.16140,0.79592,1.31405,1.65097,0.79006,0.60124,10.67543,438.00000
1.26672,1.06826,1.38932,1.30054,0.81774,0.58859,19.41577,250.00000
1.07816,0.82263,1.20669,1.46688,0.77482,0.64210,9.57782,500.00000
1.19116,0.88249,1.31056,1.48507,0.80162,0.61166,13.40058,375.00000
1.14316,0.68191,1.33999,1.96507,0.78929,0.58903,9.66486,562.00000
1.16056,0.76943,1.38861,1.80472,0.79921,0.57555,11.63524,500.00000
1.17552,0.91085,1.36527,1.49889,0.80536,0.58989,14.16921,688.00000
1.13458,0.87587,1.26264,1.44157,0.76170,0.60326,9.78443,625.00000
1.19447,0.90959,1.33545,1.46818,0.81471,0.61007,16.14349,375.00000
1.00262,0.69150,1.28659,1.86057,0.75011,0.58302,5.04223,625.00000
1.11387,0.78830,1.29472,1.64242,0.77585,0.59925,7.97347,312.00000
1.18060,0.77837,1.41421,1.81688,0.81002,0.57277,12.43537,500.00000
1.08090,0.74895,1.40017,1.86951,0.77502,0.55352,6.63659,438.00000
1.21265,0.89535,1.34469,1.50185,0.81196,0.60383,12.98505,500.00000
1.10310,0.82350,1.26962,1.54173,0.78770,0.62042,10.51141,562.00000
1.18596,0.89781,1.36748,1.52313,0.79025,0.57789,10.44154,625.00000
1.11329,0.75941,1.27512,1.67909,0.78067,0.61224,10.39072,625.00000
1.17914,0.87129,1.36216,1.56338,0.81834,0.60077,13.63895,312.00000
1.16888,0.87917,1.40074,1.59325,0.81588,0.58246,12.42600,500.00000
1.03826,0.78781,1.23462,1.56714,0.74792,0.60579,8.03962,438.00000
1.02297,0.58243,1.33779,2.29692,0.76397,0.57107,5.86745,562.00000
1.18205,0.84537,1.37006,1.62067,0.79484,0.58015,12.45530,750.00000
1.18077,0.80815,1.37286,1.69876,0.80379,0.58549,11.50167,500.00000
1.11552,0.78133,1.35072,1.72875,0.79266,0.58684,12.36753,375.00000
1.16878,0.76544,1.32747,1.73425,0.79032,0.59536,10.71724,438.00000
1.22474,0.85023,1.39820,1.64449,0.81756,0.58472,15.33323,125.00000
1.24824,1.02393,1.35877,1.32702,0.81646,0.60088,19.72890,562.00000
1.18898,0.67330,1.41421,2.10042,0.82937,0.58645,12.21123,438.00000
1.11827,0.76440,1.33906,1.75177,0.79550,0.59407,11.84432,562.00000
1.24744,0.90576,1.39107,1.53581,0.81878,0.58860,16.45227,500.00000
1.20296,0.88109,1.38086,1.56722,0.80373,0.58205,11.70946,625.00000
1.20480,0.92403,1.35284,1.46406,0.80408,0.59437,11.19365,562.00000
1.12449,0.75206,1.27709,1.69813,0.76797,0.60134,5.86248,562.00000
0.95052,0.62357,1.27025,2.03706,0.69868,0.55003,2.09469,562.00000
1.14485,0.87741,1.34534,1.53330,0.76507,0.56868,8.75551,688.00000
1.09130,0.77619,1.29253,1.66522,0.74444,0.57596,6.53777,562.00000
1.10573,0.67279,1.30341,1.93732,0.78550,0.60265,9.92575,500.00000
1.15026,0.86924,1.37888,1.58630,0.77307,0.56065,9.41780,625.00000
1.19282,0.93658,1.31974,1.40910,0.78075,0.59159,13.32847,938.00000
1.04352,0.72400,1.18486,1.63653,0.71571,0.60405,5.47899,375.00000
1.06162,0.65976,1.24160,1.88190,0.76467,0.61588,6.33457,750.00000
1.09366,0.81431,1.30383,1.60114,0.76946,0.59015,8.73375,500.00000
1.12494,0.83802,1.28427,1.53250,0.78323,0.60987,10.00947,562.00000
1.15375,0.82074,1.30982,1.59590,0.78338,0.59809,11.79596,688.00000
1.17865,0.89957,1.32500,1.47293,0.80910,0.61064,14.82522,438.00000
1.20772,0.98030,1.32585,1.35249,0.80592,0.60785,12.58454,562.00000
1.05058,0.75730,1.30803,1.72723,0.76082,0.58166,9.50587,312.00000
1.04707,0.72532,1.27137,1.75282,0.77317,0.60814,8.83068,625.00000
1.21416,0.81277,1.41421,1.74000,0.82337,0.58221,18.60837,312.00000
1.17501,0.90274,1.31751,1.45945,0.79677,0.60475,15.17204,688.00000
1.29557,1.05632,1.41421,1.33881,0.84347,0.59642,24.27935,438.00000
1.14924,0.78903,1.38065,1.74980,0.78636,0.56956,10.48366,562.00000
1.15884,0.66688,1.35576,2.03299,0.79848,0.58895,10.07306,562.00000
1.21889,0.88733,1.40380,1.58205,0.82896,0.59051,14.02559,500.00000
1.22575,1.02385,1.41421,1.38127,0.78513,0.55517,10.87485,438.00000
1.14427,0.93079,1.32423,1.42270,0.78336,0.59156,11.37529,562.00000
1.26089,0.85700,1.39433,1.62700,0.82495,0.59164,15.23124,500.00000
1.17431,0.93681,1.34187,1.43238,0.78697,0.58647,9.40635,500.00000
1.15927,0.87047,1.29109,1.48321,0.79033,0.61214,12.04113,625.00000
1.23066,0.94594,1.35553,1.43300,0.81900,0.60419,17.36996,562.00000
1.26149,1.00506,1.39089,1.38388,0.80787,0.58083,15.93483,312.00000
1.09294,0.75606,1.25012,1.65346,0.74765,0.59806,7.28017,438.00000
1.28519,1.10067,1.38926,1.26219,0.80909,0.58239,15.11437,438.00000
1.18022,0.75258,1.39300,1.85096,0.81753,0.58688,17.43685,250.00000
1.23286,0.86002,1.40387,1.63236,0.81952,0.58376,13.06326,562.00000
1.16137,0.93337,1.36397,1.46134,0.78259,0.57376,11.49670,625.00000
1.16526,0.93236,1.36505,1.46408,0.78206,0.57292,10.67775,562.00000
1.19703,0.91691,1.33542,1.45643,0.80676,0.60412,14.69915,500.00000
1.22496,1.00898,1.35808,1.34599,0.79990,0.58900,14.14935,688.00000
1.21282,0.98254,1.32179,1.34528,0.80541,0.60933,16.60249,625.00000
1.30633,1.06620,1.41421,1.32641,0.83659,0.59156,15.62486,0.00000
1.08487,0.75921,1.24860,1.64461,0.75482,0.60453,7.58343,688.00000
1.24976,0.91287,1.39219,1.52507,0.80773,0.58019,15.44957,312.00000
1.09831,0.61176,1.30444,2.13226,0.77453,0.59376,5.83987,562.00000
0.98486,0.66020,1.20359,1.82306,0.71776,0.59635,3.98730,562.00000
1.10993,0.70683,1.35244,1.91339,0.78356,0.57937,10.12405,375.00000
1.22507,0.94366,1.36211,1.44343,0.80979,0.59451,13.13668,562.00000
1.15816,0.86994,1.31877,1.51593,0.79108,0.59986,11.68664,500.00000
1.09150,0.68930,1.34233,1.94737,0.76767,0.57190,8.89281,562.00000
1.20896,0.93923,1.37398,1.46288,0.81880,0.59594,16.21423,562.00000
0.96228,0.69717,1.21609,1.74432,0.73353,0.60319,2.57817,562.00000
1.23713,0.99198,1.37159,1.38267,0.81872,0.59691,13.87628,438.00000
1.05566,0.79710,1.18104,1.48167,0.73417,0.62163,5.15723,562.00000
1.11079,0.72901,1.37404,1.88479,0.77999,0.56767,9.26776,562.00000
1.19763,0.89183,1.37991,1.54728,0.81474,0.59043,15.28140,500.00000
1.18013,0.98198,1.35126,1.37607,0.79824,0.59073,13.15421,562.00000
1.12318,0.83954,1.34494,1.60200,0.75456,0.56103,7.28104,562.00000
1.16922,0.81348,1.33827,1.64512,0.80831,0.60400,12.40543,500.00000
1.25767,0.94509,1.39273,1.47364,0.81348,0.58409,15.51507,625.00000
1.21306,0.90804,1.38011,1.51989,0.81136,0.58789,14.09488,688.00000
1.21052,0.91957,1.36708,1.48666,0.80741,0.59061,14.81120,500.00000
1.00514,0.69092,1.16136,1.68089,0.72449,0.62383,6.22967,438.00000
1.24679,0.86427,1.41421,1.63631,0.83216,0.58843,16.04380,500.00000
1.16825,0.90180,1.30195,1.44372,0.80166,0.61574,13.39147,375.00000
1.18931,0.84987,1.37200,1.61437,0.78891,0.57501,12.12050,688.00000
1.24099,0.94280,1.37593,1.45941,0.82014,0.59606,15.06860,562.00000
1.17962,0.87172,1.33484,1.53128,0.79046,0.59218,11.21072,562.00000
1.22939,0.97344,1.34555,1.38226,0.81080,0.60258,15.28384,562.00000
1.16648,0.92489,1.31448,1.42123,0.79108,0.60182,13.89076,500.00000
1.14293,0.84051,1.33917,1.59328,0.76766,0.57324,9.07646,750.00000
1.22135,0.91789,1.36556,1.48773,0.82468,0.60391,16.09763,375.00000
1.23233,0.95450,1.35341,1.41793,0.82679,0.61090,16.73872,500.00000
1.03487,0.80756,1.20721,1.49488,0.76296,0.63200,6.78153,375.00000
1.24452,0.97460,1.41421,1.45107,0.82588,0.58399,18.99052,0.00000
1.03213,0.76427,1.23496,1.61587,0.74185,0.60071,6.53703,438.00000
1.28021,1.01211,1.36913,1.35275,0.83200,0.60769,15.29546,312.00000
1.19765,0.90856,1.37560,1.51404,0.79118,0.57515,11.60019,500.00000
1.14782,0.85050,1.31794,1.54962,0.77267,0.58627,10.90774,562.00000
1.20033,0.88062,1.36036,1.54478,0.79833,0.58685,12.64255,438.00000
1.04811,0.58338,1.23306,2.11364,0.74740,0.60613,6.47158,188.00000
1.18910,0.89395,1.37550,1.53867,0.80953,0.58854,16.64898,500.00000
1.11403,0.72063,1.30415,1.80973,0.77925,0.59751,8.36295,500.00000
1.16456,0.97961,1.26905,1.29547,0.77279,0.60895,12.24697,438.00000
1.18563,0.83004,1.40401,1.69149,0.80281,0.57180,10.66956,562.00000
1.22555,1.02262,1.36786,1.33760,0.80556,0.58892,13.19285,375.00000
1.15255,0.90947,1.33816,1.47137,0.77381,0.57826,11.80166,438.00000
1.18956,0.97697,1.36041,1.39247,0.79297,0.58289,13.38425,500.00000
1.21244,0.96452,1.34517,1.39465,0.81210,0.60371,15.65967,938.00000
1.07157,0.68556,1.33025,1.94037,0.76250,0.57320,8.79459,312.00000
1.12274,0.71698,1.32366,1.84615,0.76261,0.57614,7.53595,562.00000
1.20432,0.99672,1.36868,1.37318,0.80582,0.58876,11.67449,625.00000
1.24686,0.94915,1.38983,1.46429,0.81638,0.58740,17.18519,688.00000
1.16836,0.86195,1.32500,1.53721,0.75372,0.56884,5.47744,500.00000
1.10775,0.84159,1.24069,1.47421,0.78301,0.63111,9.68714,438.00000
1.06358,0.78550,1.24560,1.58575,0.74000,0.59409,6.31157,625.00000
1.17636,0.78185,1.38438,1.77065,0.80002,0.57789,12.00526,562.00000
1.12114,0.69144,1.39471,2.01712,0.77870,0.55833,9.68671,562.00000
1.17707,0.88649,1.28973,1.45488,0.78219,0.60647,11.03741,500.00000
1.30978,1.08517,1.41421,1.30322,0.83527,0.59063,18.91447,0.00000
1.04407,0.66403,1.30758,1.96915,0.76614,0.58592,8.27533,562.00000
1.24818,1.03182,1.39781,1.35470,0.83127,0.59469,19.99091,312.00000
1.05212,0.68016,1.29083,1.89782,0.75652,0.58608,6.43966,500.00000
1.07824,0.73054,1.27734,1.74848,0.75484,0.59094,6.70179,562.00000
1.01095,0.69891,1.19222,1.70583,0.72770,0.61037,5.49465,562.00000
0.94470,0.49662,1.18613,2.38840,0.71384,0.60182,3.60701,562.00000
1.25252,0.96690,1.39166,1.43930,0.81282,0.58406,16.74660,438.00000
0.90699,0.44250,1.36564,3.08623,0.71950,0.52686,1.36275,438.00000
1.24888,0.97503,1.41421,1.45044,0.80920,0.57219,14.08253,188.00000
1.01410,0.63882,1.24530,1.94939,0.74696,0.59983,6.74500,562.00000
1.31050,1.10931,1.41421,1.27486,0.81341,0.57517,16.98258,438.00000
1.21677,0.92146,1.34877,1.46374,0.82063,0.60843,15.03877,375.00000
1.05529,0.75076,1.21502,1.61840,0.77334,0.63648,10.28499,562.00000
1.19172,0.95610,1.33986,1.40137,0.81492,0.60821,16.35014,562.00000
1.26749,0.93956,1.41421,1.50519,0.84231,0.59561,17.11481,250.00000
1.19198,0.90586,1.36726,1.50936,0.80198,0.58656,11.79031,562.00000
1.11714,0.76907,1.31988,1.71621,0.77831,0.58969,9.13241,500.00000
1.13560,0.83024,1.31393,1.58258,0.78770,0.59950,10.71221,625.00000
1.18330,0.84390,1.36342,1.61561,0.79473,0.58290,11.95785,688.00000
1.17051,0.96953,1.33509,1.37705,0.79398,0.59470,11.13654,500.00000
1.18773,0.84242,1.37781,1.63553,0.79839,0.57947,10.23926,438.00000
1.24415,0.75493,1.39967,1.85405,0.81650,0.58335,13.13943,438.00000
1.07059,0.82674,1.25856,1.52233,0.72194,0.57363,6.07282,250.00000
1.07524,0.79315,1.23634,1.55877,0.73599,0.59530,6.45448,625.00000
1.18176,0.86098,1.34806,1.56574,0.81705,0.60609,13.48942,625.00000
1.22277,0.96821,1.37271,1.41778,0.79126,0.57642,14.25511,375.00000
1.05643,0.80091,1.23936,1.54744,0.75798,0.61159,8.17261,625.00000
1.16692,0.94253,1.33642,1.41790,0.78633,0.58838,9.56789,438.00000
1.15768,0.74929,1.40424,1.87409,0.79867,0.56875,9.92144,438.00000
1.21972,0.86532,1.35987,1.57152,0.81960,0.60270,14.67659,500.00000
1.19796,0.92488,1.34959,1.45919,0.81114,0.60103,12.87111,688.00000
1.05282,0.75148,1.27039,1.69052,0.77657,0.61128,10.17155,500.00000
1.17571,0.87099,1.33638,1.53432,0.78754,0.58931,10.60252,562.00000
1.10838,0.76928,1.29550,1.68403,0.76182,0.58806,6.63524,500.00000
1.19680,0.86776,1.38371,1.59457,0.81008,0.58544,14.78324,438.00000
1.11647,0.81861,1.26603,1.54657,0.78467,0.61978,12.59690,438.00000
1.13559,0.81314,1.31196,1.61345,0.79146,0.60326,9.77253,62.00000
1.16072,0.89217,1.35434,1.51803,0.78702,0.58111,13.30050,125.00000
1.18249,0.94564,1.33241,1.40901,0.80830,0.60665,12.89008,438.00000
1.13307,0.92151,1.26083,1.36822,0.79295,0.62891,12.17639,0.00000
1.29545,0.99662,1.41421,1.41902,0.82896,0.58616,18.67238,500.00000
1.19603,0.92286,1.35093,1.46385,0.80691,0.59730,14.44451,625.00000
1.09199,0.75133,1.26956,1.68976,0.75444,0.59425,6.53889,625.00000
1.21837,0.96190,1.34695,1.40030,0.80670,0.59891,11.85559,625.00000
1.20020,0.92229,1.34625,1.45967,0.80918,0.60106,13.81840,562.00000
1.13351,0.81444,1.31239,1.61139,0.76029,0.57932,8.36023,438.00000
0.99987,0.70074,1.19981,1.71219,0.73617,0.61358,7.15083,375.00000
1.26951,1.02296,1.41421,1.38248,0.82734,0.58501,20.10492,562.00000
1.10128,0.83118,1.29422,1.55710,0.78078,0.60328,10.49306,625.00000
1.25581,1.08396,1.38161,1.27460,0.81988,0.59342,19.63201,625.00000
1.22311,0.93328,1.38154,1.48031,0.80112,0.57987,14.37408,562.00000
1.09632,0.80549,1.31243,1.62934,0.76583,0.58352,8.81273,625.00000
1.11225,0.79531,1.28976,1.62172,0.76323,0.59176,8.49977,625.00000
1.24498,1.00898,1.36618,1.35403,0.80972,0.59269,16.66512,312.00000
1.23895,0.89505,1.38405,1.54634,0.80424,0.58108,14.47211,500.00000
1.20336,0.88490,1.38111,1.56075,0.82039,0.59401,13.50792,562.00000
1.22841,0.96613,1.40222,1.45138,0.81057,0.57806,15.10716,438.00000
1.12093,0.83148,1.36217,1.63825,0.79583,0.58424,13.57221,375.00000
1.14378,0.79168,1.32705,1.67624,0.79755,0.60099,11.03525,500.00000
1.21455,0.90527,1.35100,1.49237,0.80496,0.59583,14.86472,438.00000
1.21622,0.88269,1.38078,1.56429,0.81885,0.59304,16.24732,562.00000
1.14483,0.79219,1.35007,1.70421,0.75997,0.56291,6.76718,438.00000
1.19048,0.86483,1.33047,1.53841,0.79475,0.59735,13.03644,250.00000
1.20856,0.84076,1.38436,1.64656,0.82102,0.59307,12.65112,562.00000
1.06033,0.80671,1.22421,1.51754,0.74283,0.60678,6.78959,625.00000
1.16717,0.91335,1.34719,1.47500,0.78214,0.58057,9.37989,625.00000
1.14861,0.80441,1.29452,1.60928,0.78583,0.60704,9.04957,625.00000
1.18486,0.94553,1.38608,1.46593,0.79389,0.57276,13.19432,438.00000
1.23443,0.88136,1.37312,1.55796,0.77548,0.56476,9.85370,500.00000
1.14669,0.85708,1.27773,1.49079,0.74975,0.58679,6.15054,500.00000
1.28410,1.03949,1.41421,1.36049,0.85326,0.60335,25.32132,0.00000
1.14520,0.85708,1.27773,1.49079,0.74775,0.58522,6.13825,625.00000
1.18410,0.88944,1.38776,1.56026,0.80499,0.58006,13.94169,562.00000
1.19371,0.85545,1.35201,1.58047,0.81812,0.60511,16.22176,625.00000
1.21462,0.95089,1.33686,1.40591,0.80160,0.59962,14.52093,750.00000
1.05469,0.71323,1.21196,1.69926,0.74459,0.61437,7.38995,562.00000
1.24963,1.04029,1.36620,1.31328,0.81761,0.59846,15.96364,562.00000
1.22033,0.79885,1.39329,1.74413,0.80778,0.57976,14.95856,625.00000
1.01173,0.75123,1.17041,1.55799,0.72075,0.61581,6.09227,438.00000
1.19670,0.89225,1.37749,1.54383,0.79384,0.57630,10.85879,625.00000
1.15865,0.71792,1.38021,1.92252,0.79171,0.57362,7.68054,438.00000
1.26375,1.01149,1.39702,1.38116,0.82360,0.58954,20.32660,688.00000
1.08680,0.70194,1.32471,1.88722,0.77936,0.58833,8.01723,625.00000
1.26202,0.99921,1.39300,1.39410,0.80635,0.57886,14.89773,500.00000
1.08925,0.73895,1.29711,1.75535,0.76759,0.59177,6.20583,500.00000
1.17106,0.80940,1.34981,1.66766,0.79511,0.58906,11.46347,438.00000
1.10738,0.82325,1.38469,1.68199,0.76031,0.54908,8.30280,438.00000
1.26850,0.98062,1.37453,1.40169,0.82974,0.60365,18.04639,438.00000
1.25527,0.95574,1.38608,1.45027,0.82232,0.59327,17.58757,312.00000
1.20176,0.84689,1.34236,1.58506,0.81981,0.61072,14.86670,188.00000
1.21743,0.97716,1.35393,1.38558,0.80890,0.59744,16.10666,312.00000
1.22174,0.87671,1.39680,1.59323,0.80928,0.57938,11.61177,562.00000
1.17993,0.88215,1.39993,1.58695,0.80977,0.57843,14.39085,375.00000
1.08633,0.55724,1.41421,2.53788,0.78866,0.55766,9.64302,375.00000
1.16422,0.86273,1.38034,1.59996,0.79780,0.57798,10.24874,562.00000
0.98980,0.63340,1.23059,1.94282,0.75908,0.61684,7.09219,250.00000
1.25098,0.92035,1.41421,1.53661,0.81342,0.57518,12.75693,312.00000
1.24316,0.90734,1.41421,1.55863,0.84215,0.59549,19.75411,0.00000
1.22163,0.93443,1.35016,1.44490,0.82802,0.61327,21.42057,562.00000
1.09993,0.77731,1.28312,1.65071,0.75542,0.58874,7.14156,500.00000
1.21213,0.87771,1.41421,1.61126,0.82567,0.58384,16.03428,562.00000
1.21004,0.96981,1.41421,1.45824,0.80281,0.56767,12.82278,125.00000
1.18248,0.83940,1.37293,1.63562,0.80518,0.58647,9.39997,562.00000
1.16423,0.87469,1.35516,1.54931,0.79623,0.58755,11.15273,688.00000
1.21848,0.96940,1.34648,1.38899,0.79700,0.59191,11.70255,562.00000
1.19343,0.85075,1.39325,1.63767,0.81241,0.58311,16.77598,375.00000
1.21453,0.89360,1.36516,1.52771,0.80754,0.59153,12.70155,562.00000
1.15270,0.85327,1.33457,1.56406,0.79039,0.59224,10.48821,312.00000
1.22502,0.92899,1.35948,1.46340,0.81355,0.59842,14.32599,375.00000
1.18245,0.89554,1.32844,1.48340,0.77670,0.58467,11.02389,562.00000
1.18083,0.92275,1.33859,1.45065,0.80110,0.59846,13.72784,62.00000
1.04637,0.72810,1.35541,1.86158,0.74241,0.54774,6.35896,500.00000
1.16655,0.94374,1.28048,1.35681,0.78438,0.61256,13.38011,562.00000
1.21025,0.84660,1.41421,1.67045,0.80051,0.56605,12.12357,250.00000
1.17799,0.85721,1.37985,1.60970,0.80139,0.58078,9.19252,562.00000
1.20762,0.85702,1.37099,1.59971,0.81463,0.59419,15.54098,438.00000
1.15895,0.77200,1.35455,1.75461,0.80177,0.59191,10.59341,500.00000
1.20129,0.95390,1.36018,1.42591,0.81441,0.59876,14.54285,562.00000
1.00123,0.75088,1.22014,1.62494,0.73900,0.60567,5.65088,438.00000
1.23289,0.96485,1.35419,1.40352,0.82396,0.60845,18.75573,438.00000
1.24027,0.92694,1.39166,1.50135,0.81535,0.58589,14.20747,375.00000
1.18431,0.87873,1.32711,1.51027,0.81189,0.61177,15.82358,500.00000
1.17612,0.91699,1.32729,1.44745,0.80702,0.60802,7.80792,250.00000
1.24042,0.98643,1.39166,1.41080,0.81859,0.58821,14.83134,375.00000
1.15715,0.87568,1.31924,1.50654,0.78387,0.59418,7.66692,750.00000
1.07393,0.75327,1.27273,1.68960,0.75988,0.59705,9.05530,500.00000
1.19459,0.98825,1.38030,1.39671,0.79073,0.57287,12.37200,438.00000
1.12275,0.85328,1.32746,1.55571,0.78436,0.59087,10.56847,438.00000
1.18159,0.83782,1.38138,1.64878,0.77575,0.56158,9.46658,562.00000
1.23573,0.96737,1.37331,1.41964,0.80994,0.58977,13.91039,688.00000
1.15747,0.89345,1.30351,1.45896,0.79094,0.60678,12.92998,188.00000
1.13580,0.85730,1.35199,1.57703,0.77422,0.57265,5.92452,750.00000
1.20577,1.00308,1.32011,1.31606,0.80708,0.61137,17.32470,562.00000
1.18359,0.94606,1.30905,1.38368,0.79753,0.60924,13.75695,562.00000
1.23964,0.96036,1.40287,1.46078,0.82622,0.58895,18.62119,500.00000
1.01996,0.73912,1.20621,1.63196,0.73744,0.61137,4.28212,625.00000
1.16040,0.83096,1.36915,1.64767,0.78786,0.57544,9.51916,500.00000
1.10795,0.80985,1.24222,1.53390,0.77571,0.62445,9.77718,438.00000
1.01881,0.66853,1.24256,1.85863,0.73770,0.59369,5.96805,312.00000
1.16067,0.83317,1.36479,1.63806,0.80627,0.59076,15.44232,438.00000
1.16321,0.92100,1.29132,1.40209,0.77418,0.59952,9.48728,562.00000
1.23234,0.99689,1.39362,1.39796,0.83335,0.59798,17.20305,438.00000
1.14909,0.80017,1.32248,1.65276,0.78546,0.59393,9.26420,500.00000
1.22849,0.93209,1.39919,1.50114,0.81739,0.58418,10.47392,625.00000
1.15244,0.79124,1.36525,1.72546,0.80436,0.58916,10.59341,750.00000
1.26787,1.02879,1.37126,1.33288,0.82390,0.60083,18.68342,500.00000
1.14158,0.84223,1.34548,1.59752,0.78996,0.58712,10.85146,562.00000
1.16354,0.86243,1.30878,1.51755,0.78213,0.59760,10.93350,562.00000
1.04585,0.71563,1.22361,1.70984,0.73096,0.59738,4.65465,438.00000
1.22088,0.90281,1.40295,1.55398,0.81142,0.57836,14.84158,625.00000
1.26493,0.99438,1.41421,1.42221,0.82560,0.58379,17.24693,0.00000
1.21279,0.90078,1.37389,1.52522,0.80796,0.58808,15.43407,688.00000
1.14983,0.80102,1.34502,1.67914,0.79068,0.58786,11.59238,500.00000
1.04671,0.77308,1.29647,1.67702,0.72923,0.56247,6.84328,500.00000
1.07139,0.68005,1.22483,1.80110,0.76503,0.62460,6.18603,625.00000
1.16137,0.86592,1.34639,1.55487,0.80444,0.59747,15.31663,562.00000
1.10015,0.72423,1.38688,1.91497,0.78631,0.56696,9.71081,500.00000
1.21558,0.96951,1.35273,1.39528,0.81444,0.60207,14.29496,562.00000
1.20163,0.85614,1.37056,1.60086,0.79570,0.58056,12.68271,625.00000
1.23714,0.98313,1.39277,1.41667,0.81380,0.58430,17.41777,625.00000
1.05986,0.78129,1.26684,1.62147,0.74370,0.58705,6.51272,750.00000
1.17744,0.89079,1.31256,1.47349,0.79834,0.60823,13.74281,625.00000
1.25533,0.91445,1.41421,1.54651,0.82512,0.58345,16.40524,625.00000
1.13923,0.82167,1.36718,1.66389,0.79659,0.58265,10.75102,438.00000
1.12892,0.71988,1.38263,1.92066,0.79285,0.57344,9.09302,562.00000
1.13016,0.76610,1.36850,1.78632,0.77826,0.56870,8.16224,562.00000
1.18929,0.91779,1.34833,1.46911,0.79987,0.59323,13.54951,562.00000
1.14569,0.94812,1.34447,1.41804,0.77914,0.57952,10.41742,562.00000
1.17778,0.90773,1.32896,1.46405,0.78729,0.59241,12.92231,688.00000
1.13781,0.81008,1.31980,1.62923,0.75459,0.57175,6.95042,688.00000
1.03628,0.66092,1.30995,1.98202,0.74327,0.56740,6.57625,562.00000
1.20894,0.89090,1.39620,1.56718,0.82041,0.58760,17.49255,625.00000
1.21012,0.86132,1.38691,1.61020,0.80473,0.58024,14.26206,562.00000
1.16279,0.95178,1.29185,1.35729,0.79825,0.61791,12.08037,625.00000
1.19429,0.93125,1.33640,1.43506,0.80701,0.60387,13.42732,562.00000
1.24250,0.93650,1.38408,1.47792,0.81356,0.58780,15.21825,500.00000
1.14958,0.86803,1.25892,1.45032,0.77860,0.61846,10.39533,500.00000
1.22999,0.90386,1.35152,1.49527,0.82887,0.61329,17.87305,562.00000
1.15924,0.83365,1.32872,1.59386,0.79543,0.59865,11.06373,438.00000
1.12852,0.86653,1.34908,1.55687,0.79115,0.58644,10.30988,562.00000
1.15909,0.85849,1.33230,1.55191,0.78687,0.59061,7.76004,438.00000
1.27005,1.00933,1.39620,1.38329,0.82261,0.58918,19.46431,312.00000
1.04828,0.71365,1.27018,1.77983,0.76165,0.59964,8.59961,562.00000
1.11316,0.80890,1.29699,1.60341,0.76707,0.59143,8.13368,250.00000
1.23600,1.00145,1.39061,1.38860,0.81503,0.58609,14.52410,812.00000
1.05140,0.73001,1.25257,1.71583,0.76514,0.61086,9.14796,625.00000
1.19581,0.84575,1.39478,1.64917,0.81018,0.58086,14.45684,625.00000
1.14878,0.89443,1.31285,1.46780,0.76764,0.58471,10.44534,625.00000
1.20773,0.92269,1.35012,1.46325,0.80289,0.59468,12.26367,688.00000
1.19136,0.87169,1.40472,1.61149,0.78660,0.55997,8.61587,562.00000
1.18283,0.93337,1.35877,1.45578,0.78838,0.58022,13.84409,625.00000
1.27070,1.01013,1.41421,1.40003,0.83595,0.59111,18.50949,0.00000
1.18769,0.84532,1.34300,1.58875,0.78405,0.58380,10.14775,500.00000
1.21002,0.89880,1.37003,1.52429,0.80836,0.59003,13.62944,438.00000
1.01754,0.67637,1.22863,1.81652,0.76450,0.62224,8.28120,500.00000
1.17859,0.94761,1.34290,1.41714,0.79509,0.59207,11.41680,438.00000
0.95524,0.59032,1.22472,2.07469,0.72905,0.59528,6.40643,312.00000
1.10787,0.75971,1.34202,1.76649,0.77903,0.58049,10.66547,438.00000
1.21348,0.91638,1.39822,1.52581,0.81482,0.58275,17.03880,438.00000
1.21080,1.02759,1.35838,1.32191,0.78291,0.57636,11.91232,688.00000
0.55164,0.37211,0.76355,2.05195,0.47188,0.61800,0.09554,375.00000
1.20949,0.95170,1.33761,1.40550,0.79134,0.59161,12.80117,500.00000
1.18306,0.92960,1.32646,1.42692,0.78895,0.59478,12.44954,875.00000
1.12076,0.73930,1.33791,1.80969,0.77735,0.58102,9.01566,562.00000
1.17177,0.83852,1.33103,1.58735,0.80847,0.60740,15.28094,500.00000
1.05149,0.68233,1.30970,1.91944,0.75104,0.57344,6.11178,562.00000
1.18836,0.83165,1.35648,1.63107,0.79681,0.58741,9.37150,688.00000
1.15637,0.85227,1.31210,1.53955,0.78615,0.59916,9.19360,438.00000
1.13405,0.82879,1.31508,1.58675,0.79021,0.60089,11.86551,500.00000
1.20214,0.90198,1.40450,1.55713,0.80785,0.57519,14.16215,500.00000
1.19891,0.94721,1.32175,1.39541,0.80618,0.60993,11.99798,438.00000
1.16252,0.85461,1.32449,1.54982,0.78137,0.58994,10.38663,625.00000
1.12744,0.76821,1.33963,1.74383,0.79089,0.59038,11.08005,438.00000
1.13327,0.78784,1.29176,1.63961,0.75534,0.58474,7.60741,625.00000
1.29395,1.01395,1.41421,1.39476,0.85237,0.60271,19.87090,312.00000
1.00483,0.66040,1.28695,1.94875,0.77198,0.59985,8.12250,562.00000
1.14963,0.72233,1.35222,1.87204,0.77397,0.57237,6.85616,625.00000
1.19304,0.92184,1.35332,1.46807,0.80081,0.59173,14.99460,688.00000
1.07794,0.66231,1.39099,2.10021,0.75751,0.54458,5.24762,562.00000
0.85094,0.55014,1.06737,1.94018,0.63512,0.59504,1.68624,500.00000
1.08258,0.76588,1.30054,1.69811,0.74392,0.57201,6.71573,625.00000
1.18288,0.97011,1.31332,1.35378,0.79381,0.60443,10.83040,438.00000
1.21051,0.77940,1.39764,1.79323,0.81870,0.58577,10.30887,562.00000
1.26247,0.99511,1.41421,1.42117,0.84229,0.59559,22.73929,625.00000
1.23145,0.96029,1.39418,1.45184,0.78760,0.56492,9.27855,500.00000
1.22174,0.85785,1.41421,1.64855,0.82207,0.58129,15.96065,562.00000
1.27387,1.02006,1.39706,1.36960,0.82951,0.59375,19.94063,875.00000
1.13641,0.79338,1.30870,1.64952,0.77714,0.59383,7.80341,688.00000
1.22274,0.96348,1.35404,1.40537,0.78929,0.58291,10.65046,500.00000
1.18235,0.90637,1.37072,1.51231,0.80605,0.58805,11.98010,500.00000
1.12487,0.76810,1.28909,1.67829,0.75745,0.58758,7.34920,500.00000
1.27840,1.04340,1.39219,1.33428,0.79162,0.56861,12.65431,438.00000
1.17716,0.87518,1.35415,1.54728,0.79064,0.58386,10.18560,438.00000
1.17755,0.88095,1.36194,1.54599,0.80853,0.59366,13.01568,562.00000
1.08418,0.71718,1.28318,1.78921,0.75252,0.58645,6.37439,562.00000
1.14316,0.87443,1.33465,1.52631,0.80479,0.60300,12.37307,375.00000
1.12059,0.69750,1.37807,1.97572,0.74532,0.54085,4.75074,750.00000
1.23387,0.92880,1.38973,1.49626,0.82700,0.59508,16.07113,375.00000
1.23777,0.96599,1.39300,1.44204,0.82068,0.58914,15.88221,438.00000
1.20479,0.96436,1.36768,1.41822,0.79420,0.58069,13.95289,562.00000
1.25221,0.94327,1.36244,1.44437,0.82196,0.60330,18.70762,438.00000
1.21802,1.01015,1.34602,1.33250,0.80510,0.59814,12.94554,500.00000
1.16315,0.88208,1.28921,1.46155,0.77042,0.59759,10.10942,562.00000
1.22488,0.93335,1.38127,1.47991,0.81706,0.59153,15.71848,500.00000
1.24074,0.94708,1.39732,1.47541,0.81936,0.58638,16.84232,750.00000
1.17905,0.84780,1.35589,1.59931,0.78877,0.58174,11.85375,562.00000
1.22035,1.00213,1.32684,1.32403,0.77792,0.58629,12.37174,438.00000
1.29598,1.07031,1.41421,1.32132,0.83123,0.58777,20.62356,562.00000
1.11087,0.83885,1.29753,1.54679,0.77320,0.59590,9.54248,500.00000
1.08849,0.67414,1.30197,1.93132,0.75420,0.57927,7.55065,625.00000
1.23990,0.96314,1.38226,1.43516,0.83600,0.60481,22.66081,438.00000
1.15410,0.75641,1.33007,1.75839,0.78853,0.59285,10.80737,875.00000
1.27306,0.98776,1.41421,1.43174,0.84619,0.59835,23.46272,500.00000
1.17616,0.80869,1.35541,1.67606,0.78961,0.58256,7.67477,312.00000
1.15402,0.90356,1.31562,1.45605,0.78963,0.60020,12.42733,375.00000
1.12028,0.80476,1.30904,1.62663,0.78003,0.59588,12.03733,438.00000
1.13977,0.81914,1.31607,1.60665,0.79265,0.60229,10.43717,750.00000
1.14641,0.96099,1.32235,1.37603,0.76845,0.58112,9.13141,562.00000
1.05628,0.74961,1.24617,1.66242,0.74447,0.59740,6.31833,500.00000
1.09381,0.78352,1.22733,1.56643,0.76479,0.62313,6.23877,750.00000
1.21126,1.00880,1.32186,1.31033,0.80965,0.61251,16.13610,625.00000
1.25256,0.91241,1.38952,1.52292,0.82163,0.59130,14.29952,562.00000
1.05852,0.71278,1.23083,1.72679,0.75516,0.61354,8.38203,625.00000
1.18504,0.89040,1.30772,1.46868,0.81598,0.62397,16.33408,438.00000
1.22381,0.93704,1.35309,1.44400,0.81402,0.60160,17.11742,562.00000
1.18457,0.94049,1.30569,1.38831,0.79879,0.61178,12.71890,500.00000
1.20362,0.96899,1.36203,1.40562,0.79587,0.58433,11.32093,688.00000
1.14988,0.86348,1.35584,1.57021,0.79393,0.58556,12.55307,688.00000
1.23978,0.86960,1.41421,1.62629,0.81828,0.57861,10.87532,375.00000
1.20581,0.90510,1.32938,1.46877,0.78566,0.59100,10.74067,562.00000
1.27605,1.02974,1.39305,1.35282,0.81681,0.58634,14.83809,562.00000
1.21904,0.93202,1.36216,1.46151,0.80105,0.58808,11.51526,500.00000
1.16597,0.90180,1.33554,1.48097,0.78393,0.58698,12.60115,750.00000
1.21558,0.98991,1.34573,1.35944,0.80908,0.60122,14.74074,562.00000
1.24074,0.89306,1.38253,1.54808,0.81959,0.59282,16.90666,750.00000
1.20053,0.99652,1.31600,1.32059,0.78790,0.59870,12.79176,500.00000
1.13479,0.64733,1.37766,2.12824,0.79483,0.57694,7.41205,438.00000
1.12021,0.83794,1.33782,1.59656,0.78946,0.59011,9.15297,562.00000
1.26777,1.06572,1.41421,1.32701,0.82351,0.58231,15.27710,438.00000
1.01513,0.59680,1.17998,1.97719,0.74802,0.63392,4.87495,562.00000
1.15654,0.84105,1.32532,1.57579,0.79800,0.60212,13.44839,500.00000
1.07297,0.72020,1.24724,1.73180,0.76483,0.61322,9.90208,562.00000
1.18550,0.92238,1.39010,1.50708,0.79401,0.57119,11.20518,562.00000
1.22365,0.91820,1.40219,1.52711,0.82594,0.58904,18.96734,562.00000
1.15812,0.83299,1.30880,1.57120,0.80273,0.61333,11.38213,750.00000
1.11118,0.85250,1.23633,1.45024,0.77711,0.62856,10.23536,625.00000
1.07564,0.61517,1.27096,2.06604,0.76791,0.60420,8.20635,625.00000
1.25253,1.01110,1.40038,1.38501,0.82614,0.58994,15.28323,688.00000
1.25821,0.93131,1.40359,1.50712,0.82215,0.58575,12.79034,375.00000
1.12308,0.88272,1.24290,1.40804,0.77042,0.61985,8.45149,625.00000
1.17892,1.00641,1.28190,1.27373,0.78630,0.61339,10.41028,375.00000
1.21170,0.89960,1.36443,1.51671,0.79418,0.58206,12.45846,375.00000
1.10001,0.82626,1.25707,1.52140,0.75760,0.60267,8.13388,562.00000
1.23873,1.03560,1.35808,1.31140,0.81323,0.59881,17.83497,375.00000
1.06086,0.72447,1.33884,1.84803,0.75327,0.56263,4.72314,500.00000
1.16277,0.60696,1.36699,2.25221,0.80469,0.58865,9.76350,250.00000
1.13203,0.83394,1.34086,1.60786,0.78424,0.58488,10.48441,562.00000
1.21602,0.94632,1.32598,1.40119,0.81221,0.61254,15.68996,438.00000
1.21875,0.91053,1.37881,1.51430,0.83148,0.60304,17.39261,750.00000
1.13548,0.82699,1.34279,1.62371,0.79915,0.59514,11.49897,438.00000
1.26432,0.92257,1.41421,1.53290,0.82492,0.58331,17.70777,562.00000
1.26777,1.01974,1.39574,1.36872,0.81726,0.58554,8.92893,438.00000
1.15877,0.82790,1.33670,1.61458,0.77940,0.58308,10.39841,562.00000
1.25941,0.99186,1.39630,1.40776,0.82984,0.59432,20.33466,688.00000
1.22390,0.94167,1.38821,1.47419,0.81649,0.58816,16.25282,625.00000
1.05955,0.70175,1.32233,1.88432,0.76567,0.57903,8.15922,688.00000
1.05147,0.74964,1.21922,1.62640,0.77171,0.63295,9.80990,562.00000
1.19274,0.91160,1.35604,1.48754,0.81713,0.60258,15.22545,375.00000
1.13985,0.80736,1.32518,1.64138,0.78208,0.59017,8.65990,562.00000
1.09942,0.81331,1.29574,1.59317,0.77335,0.59684,10.84239,438.00000
1.11428,0.71284,1.35413,1.89962,0.77900,0.57528,9.85578,438.00000
1.17971,0.87228,1.34557,1.54258,0.80482,0.59812,13.71491,562.00000
1.16680,0.75865,1.34798,1.77681,0.79725,0.59144,12.36551,750.00000
1.19900,0.92276,1.32221,1.43288,0.80737,0.61062,12.89708,562.00000
1.19153,0.94245,1.32145,1.40215,0.75870,0.57414,8.46915,312.00000
1.18350,0.93432,1.36501,1.46096,0.80896,0.59264,12.60543,438.00000
1.21158,0.95969,1.34539,1.40191,0.80899,0.60130,12.59042,562.00000
1.21772,0.97351,1.35127,1.38804,0.81808,0.60542,16.35898,625.00000
1.21793,0.82053,1.38621,1.68941,0.79771,0.57546,11.98138,562.00000
1.03430,0.73237,1.19790,1.63565,0.73708,0.61530,6.68170,875.00000
1.15337,0.75557,1.33484,1.76668,0.78167,0.58559,8.80031,688.00000
1.04087,0.65378,1.24281,1.90096,0.73795,0.59378,4.20617,312.00000
1.17629,0.87613,1.37180,1.56576,0.78808,0.57448,13.33376,750.00000
1.27047,1.02772,1.41421,1.37607,0.82978,0.58674,17.10912,562.00000
1.08355,0.74667,1.22849,1.64528,0.75433,0.61403,8.95542,562.00000
1.22810,0.93142,1.41421,1.51833,0.83051,0.58726,18.80741,312.00000
1.19116,0.87478,1.33755,1.52901,0.79218,0.59226,13.16708,562.00000
1.25539,1.00798,1.38926,1.37825,0.81301,0.58521,16.46595,500.00000
1.21989,0.94108,1.36998,1.45575,0.80943,0.59083,12.90911,375.00000
1.18189,0.93165,1.32348,1.42058,0.76075,0.57481,7.37136,562.00000
1.18902,0.91200,1.31229,1.43891,0.79067,0.60252,9.64981,562.00000
1.15845,0.86540,1.37616,1.59020,0.80018,0.58146,11.48366,562.00000
1.23606,0.90636,1.39149,1.53524,0.82238,0.59101,13.57275,562.00000
1.21189,0.92497,1.37608,1.48770,0.79505,0.57776,11.69061,562.00000
1.10640,0.77587,1.23466,1.59132,0.78237,0.63367,9.98829,625.00000
1.25670,0.99414,1.38491,1.39308,0.83228,0.60096,17.54861,438.00000
1.12631,0.87404,1.28398,1.46902,0.76461,0.59550,10.18092,688.00000
1.19398,0.84000,1.38900,1.65358,0.81334,0.58555,10.82476,625.00000
1.13873,0.80027,1.31905,1.64825,0.78360,0.59407,9.64426,625.00000
1.18441,0.85863,1.34491,1.56634,0.80727,0.60024,13.65485,500.00000
1.13460,0.80551,1.29647,1.60949,0.78377,0.60454,11.18176,438.00000
1.09911,0.70860,1.41421,1.99578,0.79078,0.55917,10.66693,312.00000
1.06790,0.71055,1.30433,1.83566,0.75977,0.58250,7.11513,562.00000
1.28384,1.00567,1.41421,1.40624,0.83036,0.58716,15.85997,250.00000
1.18794,0.88587,1.32365,1.49418,0.81123,0.61287,15.30609,562.00000
1.17461,0.95590,1.28591,1.34525,0.74865,0.58219,8.01962,312.00000
1.21089,0.93249,1.32741,1.42350,0.74534,0.56150,6.03644,250.00000
1.18119,0.90598,1.33006,1.46810,0.81157,0.61017,14.93968,500.00000
1.15270,0.80330,1.31040,1.63126,0.78064,0.59573,10.10545,625.00000
1.08899,0.72760,1.34696,1.85124,0.76551,0.56832,7.70712,750.00000
1.21781,0.94259,1.37203,1.45560,0.79865,0.58209,13.70238,562.00000
1.12885,0.70346,1.36186,1.93594,0.78866,0.57911,10.17959,250.00000
1.26111,0.95151,1.39163,1.46255,0.81635,0.58662,15.79688,375.00000
1.15750,0.88624,1.32518,1.49528,0.78555,0.59279,11.11422,562.00000
1.19044,0.98844,1.29952,1.31472,0.80454,0.61910,16.47367,562.00000
1.01323,0.64605,1.32608,2.05258,0.73185,0.55189,3.86187,312.00000
1.22295,0.83823,1.37227,1.63711,0.82108,0.59833,13.91835,562.00000
1.22952,0.91527,1.38048,1.50827,0.79848,0.57840,14.27003,875.00000
1.12665,0.84011,1.31232,1.56208,0.77726,0.59228,10.88286,375.00000
1.11960,0.71689,1.31265,1.83103,0.78474,0.59783,7.01167,562.00000
1.26683,0.98705,1.39471,1.41301,0.83227,0.59673,19.48808,562.00000
1.07535,0.72619,1.24343,1.71227,0.75142,0.60431,6.53264,812.00000
1.08380,0.69668,1.35156,1.93999,0.77163,0.57092,5.87537,250.00000
1.12028,0.80650,1.26330,1.56639,0.74889,0.59281,6.45011,562.00000
1.15974,0.97011,1.29048,1.33024,0.78611,0.60916,9.49289,375.00000
1.13631,0.83003,1.35582,1.63347,0.79785,0.58846,10.27431,562.00000
1.01183,0.73243,1.21973,1.66533,0.73269,0.60070,4.88738,438.00000
1.07991,0.84557,1.24590,1.47344,0.76012,0.61010,6.86556,438.00000
1.09467,0.76416,1.32289,1.73116,0.77809,0.58818,10.92523,438.00000
1.17711,0.90696,1.32976,1.46617,0.80941,0.60869,14.07796,625.00000
1.20740,0.92838,1.39198,1.49937,0.78593,0.56461,9.31013,375.00000
1.25526,1.05106,1.41421,1.34551,0.80302,0.56782,13.56238,188.00000
1.15831,0.93951,1.30764,1.39183,0.78124,0.59745,12.85596,312.00000
1.15714,0.88107,1.34374,1.52513,0.77624,0.57767,9.29010,750.00000
1.24550,0.87347,1.41421,1.61908,0.81476,0.57612,11.30036,312.00000
1.14550,0.91638,1.26483,1.38025,0.76803,0.60722,9.16443,562.00000
1.10831,0.85596,1.22058,1.42598,0.77511,0.63503,11.39812,375.00000
1.08208,0.79961,1.25418,1.56848,0.74202,0.59164,7.89748,625.00000
1.12391,0.72868,1.32273,1.81525,0.77696,0.58739,7.34890,625.00000
1.18060,0.70215,1.38909,1.97834,0.81826,0.58906,11.35155,375.00000
1.15103,0.90679,1.28952,1.42207,0.77602,0.60179,11.36803,500.00000
1.24044,1.02212,1.39745,1.36721,0.81670,0.58442,18.65882,500.00000
1.22887,0.95981,1.39781,1.45633,0.82284,0.58866,17.52525,500.00000
1.08039,0.75681,1.30824,1.72862,0.76564,0.58524,10.40930,62.00000
1.26894,0.98183,1.39606,1.42190,0.80826,0.57896,12.52401,375.00000
1.09250,0.75208,1.35150,1.79702,0.79338,0.58703,11.97327,250.00000
1.14348,0.83740,1.28382,1.53310,0.75223,0.58593,7.78913,562.00000
1.07326,0.82574,1.24639,1.50943,0.75100,0.60254,6.74685,562.00000
1.07749,0.64301,1.27802,1.98755,0.74539,0.58324,6.07461,562.00000
1.17629,0.91294,1.31390,1.43919,0.77129,0.58703,7.17267,625.00000
1.20917,0.98429,1.36441,1.38619,0.80706,0.59151,15.39120,500.00000
1.16829,0.81053,1.40036,1.72771,0.78803,0.56274,8.59772,625.00000
1.27757,0.96179,1.41421,1.47040,0.84193,0.59534,18.70826,375.00000
0.92830,0.71332,1.08689,1.52371,0.69844,0.64261,3.75180,625.00000
1.16756,0.99706,1.32783,1.33175,0.78357,0.59011,9.08781,750.00000
1.02405,0.77523,1.19708,1.54416,0.73341,0.61267,5.75930,438.00000
1.18077,0.91958,1.32220,1.43783,0.78916,0.59686,11.80936,562.00000
1.18485,0.88511,1.34620,1.52094,0.79990,0.59419,14.11908,625.00000
1.18722,0.86879,1.35006,1.55394,0.80033,0.59281,11.45742,750.00000
1.20135,0.85509,1.41421,1.65388,0.82531,0.58358,17.87413,500.00000
1.16646,0.77964,1.32896,1.70459,0.81039,0.60979,13.00906,750.00000
1.13759,0.81770,1.34066,1.63955,0.78108,0.58261,9.21751,562.00000
1.15566,0.92151,1.27952,1.38851,0.78209,0.61123,12.10947,500.00000
1.11430,0.72476,1.35579,1.87067,0.77021,0.56809,8.46310,562.00000
1.15758,0.93687,1.34081,1.43117,0.78879,0.58829,11.48731,125.00000
1.18672,0.92491,1.33820,1.44685,0.80499,0.60154,14.04507,812.00000
1.25293,1.00511,1.36396,1.35703,0.83620,0.61307,19.32716,250.00000
1.21802,0.86609,1.40400,1.62107,0.79480,0.56610,11.24871,625.00000
1.21159,0.90795,1.37285,1.51203,0.79923,0.58217,13.83560,500.00000
1.21538,0.92498,1.41421,1.52892,0.82043,0.58013,15.39166,438.00000
1.09893,0.91642,1.24445,1.35794,0.76132,0.61177,7.14106,438.00000
1.23911,1.05033,1.32867,1.26500,0.80303,0.60439,15.25015,500.00000
1.22619,0.91367,1.38197,1.51255,0.79217,0.57321,10.35917,375.00000
1.09725,0.84089,1.31390,1.56251,0.76351,0.58111,7.34755,750.00000
1.14094,0.81224,1.31343,1.61703,0.78162,0.59510,7.76811,562.00000
1.19033,0.83618,1.38072,1.65121,0.77729,0.56296,7.87781,500.00000
1.19823,0.77679,1.35622,1.74593,0.80801,0.59578,13.83655,688.00000
1.14813,0.89842,1.28776,1.43337,0.79436,0.61685,11.95855,562.00000
1.10673,0.87561,1.32159,1.50934,0.78837,0.59653,12.40464,562.00000
1.18736,0.89090,1.34463,1.50930,0.77493,0.57631,8.89133,500.00000
1.20868,0.79561,1.39445,1.75268,0.80960,0.58059,13.13881,625.00000
1.14852,0.89638,1.34918,1.50515,0.76830,0.56946,10.01988,562.00000
1.09689,0.70419,1.34416,1.90881,0.78240,0.58207,8.81993,500.00000
1.16637,0.83786,1.29141,1.54131,0.79051,0.61213,11.69426,562.00000
1.09311,0.70724,1.36973,1.93674,0.79125,0.57767,9.07821,375.00000
1.24584,0.89587,1.40307,1.56616,0.81448,0.58049,14.60627,500.00000
1.24905,0.94762,1.40311,1.48066,0.82326,0.58674,16.23011,562.00000
1.18436,0.90148,1.35778,1.50616,0.80873,0.59563,14.75622,375.00000
1.16527,0.73327,1.41421,1.92865,0.81453,0.57596,13.16785,875.00000
1.13239,0.75376,1.32382,1.75628,0.78598,0.59372,13.38898,438.00000
1.11467,0.72047,1.38953,1.92865,0.79751,0.57394,10.80210,500.00000
1.14310,0.81836,1.30501,1.59466,0.77254,0.59199,9.17619,688.00000
1.07594,0.70337,1.35515,1.92665,0.75175,0.55473,6.01003,500.00000
1.15456,0.65997,1.37924,2.08984,0.79737,0.57813,8.36307,438.00000
0.88892,0.59778,1.09404,1.83017,0.68745,0.62835,2.40313,562.00000
1.13442,0.78493,1.29742,1.65290,0.77650,0.59850,8.37267,438.00000
1.13966,0.86329,1.29802,1.50357,0.78063,0.60140,9.48576,625.00000
1.15643,0.84730,1.36428,1.61015,0.80440,0.58962,13.12089,438.00000
1.13586,0.80949,1.32965,1.64259,0.78171,0.58791,10.39668,562.00000
1.18073,0.86057,1.34116,1.55845,0.79132,0.59003,12.62961,250.00000
1.03355,0.73007,1.26721,1.73574,0.74625,0.58889,6.81029,500.00000
1.13470,0.95227,1.26670,1.33019,0.77675,0.61321,8.87087,188.00000
1.15699,0.88946,1.32418,1.48875,0.79509,0.60044,13.28277,688.00000
1.14578,0.81949,1.36122,1.66106,0.80180,0.58903,11.96478,312.00000
1.17990,0.87399,1.31647,1.50627,0.79739,0.60570,9.70635,688.00000
1.06841,0.71887,1.32387,1.84161,0.74905,0.56580,6.59960,688.00000
1.12465,0.86263,1.29510,1.50135,0.77794,0.60068,10.49407,750.00000
1.21793,0.93144,1.37358,1.47469,0.78943,0.57472,10.63467,688.00000
1.20603,0.80375,1.38605,1.72447,0.80696,0.58220,15.28390,750.00000
1.12028,0.81696,1.26605,1.54970,0.76140,0.60140,7.29225,562.00000
1.15728,0.92734,1.35284,1.45884,0.78202,0.57806,11.05112,375.00000
1.14515,0.79435,1.32028,1.66209,0.79329,0.60085,11.37050,688.00000
1.12803,0.88443,1.23198,1.39296,0.77948,0.63271,11.70096,375.00000
1.23338,0.90215,1.39039,1.54121,0.82180,0.59105,16.62842,625.00000
1.04782,0.58196,1.22444,2.10398,0.76629,0.62583,7.96698,562.00000
1.09590,0.72097,1.34376,1.86383,0.78907,0.58721,10.57852,562.00000
1.09751,0.83135,1.31083,1.57675,0.77435,0.59073,9.19864,375.00000
0.25000,0.00000,1.00000,0.00000,0.41574,0.41574,0.00000,0.00000
1.02934,0.72875,1.21810,1.67150,0.72928,0.59870,4.66514,812.00000
1.25484,0.97945,1.37298,1.40179,0.81552,0.59398,16.60989,562.00000
1.24385,0.97400,1.39285,1.43003,0.81923,0.58817,16.69689,375.00000
1.11321,0.83118,1.29326,1.55594,0.79051,0.61125,12.36318,500.00000
1.12090,0.76160,1.33989,1.75930,0.79851,0.59595,11.08307,562.00000
1.11044,0.87961,1.29572,1.47307,0.77087,0.59493,11.73116,375.00000
1.07115,0.68862,1.26958,1.84366,0.76555,0.60299,8.29488,562.00000
1.12201,0.79787,1.41421,1.77248,0.79515,0.56226,12.38340,375.00000
1.20039,0.87163,1.41421,1.62249,0.80161,0.56682,9.80094,312.00000
1.22420,0.91628,1.35739,1.48141,0.82087,0.60474,17.56107,562.00000
1.15059,0.84624,1.34080,1.58441,0.77860,0.58070,8.30402,500.00000
1.03005,0.75700,1.24172,1.64031,0.74909,0.60327,7.44656,562.00000
1.26217,0.96128,1.41421,1.47118,0.82926,0.58637,18.59549,438.00000
1.04338,0.76368,1.25443,1.64262,0.74165,0.59122,7.17904,500.00000
1.10434,0.72214,1.31800,1.82514,0.77157,0.58541,9.59565,500.00000
1.21973,0.93585,1.39404,1.48959,0.81175,0.58230,12.18307,562.00000
1.20008,0.97939,1.36726,1.39603,0.78570,0.57465,12.85353,375.00000
1.29232,1.05687,1.39020,1.31539,0.81069,0.58315,16.90448,0.00000
1.23058,1.07713,1.36486,1.26712,0.80767,0.59176,17.75672,438.00000
1.18861,0.90048,1.32925,1.47616,0.81219,0.61102,15.06460,562.00000
1.08200,0.77833,1.24007,1.59324,0.77247,0.62292,9.15198,0.00000
1.14035,0.81839,1.30529,1.59495,0.79398,0.60828,11.45010,375.00000
1.25977,0.97293,1.38798,1.42659,0.80891,0.58279,8.99334,438.00000
0.98475,0.68301,1.23830,1.81299,0.72352,0.58429,3.22277,625.00000
1.20201,0.91304,1.39338,1.52609,0.81289,0.58340,16.09501,500.00000
1.09366,0.75819,1.33939,1.76655,0.76766,0.57315,8.76880,562.00000
1.21903,0.94174,1.38502,1.47070,0.80874,0.58392,14.64046,562.00000
1.22856,0.88482,1.38039,1.56007,0.82474,0.59747,17.77890,438.00000
1.25367,0.95017,1.38947,1.46234,0.82985,0.59724,17.64540,562.00000
1.18218,0.82524,1.35097,1.63707,0.80472,0.59566,13.41644,812.00000
1.23988,0.97202,1.36169,1.40088,0.81495,0.59849,15.80108,562.00000
1.03020,0.69610,1.29932,1.86657,0.74443,0.57294,4.96937,500.00000
1.23978,0.90595,1.40219,1.54776,0.80910,0.57702,10.76878,438.00000
1.20949,0.91758,1.36841,1.49132,0.80619,0.58914,13.70240,562.00000
0.89557,0.49667,1.29971,2.61686,0.71733,0.55191,3.51231,0.00000
1.10385,0.81160,1.30207,1.60432,0.77834,0.59777,11.37168,625.00000
1.20599,0.90595,1.34307,1.48250,0.80381,0.59848,8.95455,438.00000
1.13358,0.86099,1.29967,1.50950,0.78071,0.60070,11.74248,500.00000
1.23568,0.95027,1.38392,1.45634,0.80545,0.58200,13.84406,438.00000
1.24007,0.89603,1.39792,1.56013,0.79733,0.57037,10.45525,562.00000
1.16690,0.88161,1.28306,1.45535,0.77862,0.60684,10.59188,438.00000
1.17138,0.74518,1.36604,1.83317,0.79478,0.58182,11.28011,375.00000
1.18289,0.89661,1.33149,1.48503,0.80164,0.60207,12.08325,625.00000
1.06112,0.75005,1.31526,1.75356,0.76455,0.58129,8.92984,750.00000
1.23982,0.80691,1.41421,1.75262,0.80629,0.57014,11.77441,125.00000
1.19936,0.95341,1.33936,1.40481,0.80098,0.59803,12.57211,750.00000
1.19374,0.69063,1.40245,2.03069,0.82102,0.58542,13.45113,438.00000
1.26017,1.06906,1.36868,1.28027,0.83784,0.61215,21.80424,562.00000
1.14783,0.89067,1.26938,1.42519,0.77038,0.60689,6.89810,562.00000
1.04001,0.76822,1.24539,1.62115,0.74466,0.59794,7.00206,500.00000
1.20155,0.83862,1.40055,1.67006,0.80658,0.57591,14.20412,562.00000
1.18949,0.93222,1.31028,1.40554,0.80737,0.61618,15.46398,938.00000
1.13404,0.83345,1.38577,1.66270,0.79780,0.57571,12.25861,250.00000
1.12643,0.79559,1.28830,1.61932,0.76830,0.59636,8.30588,750.00000
1.20640,0.86161,1.40049,1.62543,0.80816,0.57706,11.27819,500.00000
1.12872,0.91866,1.28700,1.40095,0.75999,0.59052,10.26256,625.00000
1.10719,0.74069,1.31609,1.77685,0.76299,0.57974,6.84969,625.00000
1.18706,0.97222,1.31515,1.35273,0.79800,0.60677,12.19657,438.00000
1.25483,1.04534,1.36310,1.30398,0.81801,0.60011,18.44377,250.00000
1.03142,0.63855,1.26487,1.98085,0.75347,0.59569,7.16709,375.00000
1.03635,0.67777,1.27910,1.88722,0.74465,0.58217,7.21402,438.00000
0.91378,0.64751,1.16014,1.79169,0.67327,0.58033,3.13268,562.00000
1.16258,0.85397,1.33890,1.56786,0.79346,0.59262,9.70802,812.00000
1.20549,0.94463,1.35533,1.43477,0.80251,0.59211,12.44954,625.00000
1.26235,0.91680,1.41421,1.54255,0.83172,0.58812,10.79532,0.00000
1.27137,0.99689,1.41421,1.41862,0.84745,0.59924,26.40348,250.00000
1.21452,0.94431,1.37111,1.45197,0.81944,0.59765,20.54133,562.00000
1.15068,0.82357,1.30593,1.58570,0.75700,0.57966,7.42922,625.00000
1.30693,1.04855,1.41421,1.34873,0.85608,0.60534,26.20417,312.00000
1.14288,0.84923,1.32841,1.56425,0.76752,0.57778,8.75938,438.00000
0.99651,0.69490,1.14148,1.64265,0.73817,0.64668,3.07674,375.00000
1.28261,1.04534,1.41421,1.35288,0.82948,0.58653,16.53173,438.00000
1.18687,0.85523,1.37463,1.60732,0.80603,0.58636,13.45888,688.00000
1.03917,0.62148,1.30928,2.10672,0.75787,0.57884,5.46252,438.00000
1.15526,0.82498,1.31244,1.59086,0.79444,0.60532,13.86681,625.00000
1.07877,0.73095,1.30434,1.78445,0.78141,0.59909,7.94516,625.00000
0.98268,0.72741,1.08705,1.49441,0.73697,0.67795,6.94082,250.00000
1.15637,0.81315,1.34139,1.64962,0.78705,0.58674,12.35221,500.00000
1.23319,0.97733,1.37346,1.40531,0.81714,0.59495,16.03469,562.00000
1.04387,0.66522,1.22935,1.84804,0.74893,0.60921,6.74979,500.00000
1.17775,0.94102,1.31707,1.39961,0.79303,0.60212,11.47317,688.00000
1.27845,0.92756,1.41421,1.52465,0.82859,0.58590,19.10138,562.00000
1.09276,0.71040,1.28432,1.80788,0.75829,0.59042,7.04400,562.00000
1.16663,0.88294,1.35960,1.53986,0.78904,0.58035,10.61725,438.00000
1.16644,0.90661,1.36391,1.50441,0.78773,0.57755,11.78787,375.00000
1.24876,0.89981,1.39500,1.55033,0.82556,0.59180,17.15506,562.00000
1.25151,0.98776,1.39305,1.41032,0.82852,0.59475,15.27523,500.00000
1.17169,0.86098,1.30010,1.51003,0.75973,0.58436,8.28707,562.00000
1.11562,0.73710,1.35120,1.83312,0.78448,0.58058,10.07531,812.00000
1.14565,0.80111,1.33875,1.67111,0.78559,0.58681,10.03413,625.00000
1.18324,0.81115,1.37835,1.69924,0.80206,0.58190,12.54374,312.00000
1.14665,0.87884,1.28023,1.45673,0.79344,0.61976,10.35813,438.00000
0.99034,0.65583,1.23033,1.87598,0.71090,0.57781,3.47544,625.00000
1.21743,0.80221,1.37912,1.71915,0.81075,0.58787,10.36150,375.00000
1.17235,0.92469,1.28619,1.39094,0.80515,0.62600,13.12546,625.00000
1.14987,0.87462,1.28758,1.47215,0.79197,0.61509,10.92504,750.00000
1.07491,0.68225,1.38594,2.03144,0.75830,0.54713,5.46487,625.00000
1.06735,0.65175,1.24976,1.91754,0.76197,0.60969,8.42230,312.00000
1.22739,0.92688,1.40006,1.51052,0.81757,0.58395,14.68587,500.00000
1.15236,0.84960,1.27971,1.50625,0.77060,0.60217,8.35021,500.00000
0.90089,0.62700,1.14496,1.82610,0.67374,0.58844,2.27400,438.00000
1.07366,0.85617,1.19179,1.39201,0.75413,0.63277,8.58436,562.00000
1.05780,0.65345,1.32099,2.02155,0.75000,0.56776,5.60840,500.00000
1.17385,0.83844,1.39205,1.66028,0.79797,0.57324,7.89123,562.00000
1.21995,0.82569,1.41421,1.71277,0.80755,0.57102,13.17111,500.00000
1.26804,1.05996,1.39399,1.31514,0.83226,0.59703,17.96440,750.00000
1.19845,0.80270,1.37029,1.70711,0.79465,0.57991,10.55267,562.00000
1.04260,0.82460,1.23983,1.50355,0.74686,0.60239,6.31820,562.00000
1.09885,0.78060,1.24750,1.59813,0.77282,0.61949,8.35982,500.00000
1.17055,0.99503,1.29960,1.30610,0.77551,0.59673,10.36498,500.00000
1.11392,0.79689,1.23226,1.54633,0.78261,0.63510,10.41980,562.00000
1.28963,1.07031,1.41421,1.32132,0.83367,0.58950,18.28709,562.00000
1.27361,1.06711,1.39525,1.30750,0.83112,0.59568,20.17240,688.00000
1.23280,0.93715,1.36708,1.45877,0.81843,0.59867,15.81296,688.00000
1.21649,0.89021,1.37246,1.54173,0.82252,0.59930,13.17508,312.00000
1.17353,0.87163,1.37972,1.58291,0.80363,0.58246,7.91842,250.00000
1.25257,1.05004,1.37702,1.31140,0.82195,0.59690,14.44607,438.00000
1.04592,0.73447,1.24691,1.69771,0.75486,0.60538,8.76576,562.00000
1.25102,0.94786,1.41421,1.49201,0.83949,0.59361,19.76043,562.00000
1.26215,0.92554,1.38464,1.49604,0.81704,0.59007,13.68109,125.00000
1.11469,0.74049,1.35918,1.83552,0.78840,0.58006,10.60430,500.00000
1.18674,0.89316,1.35105,1.51267,0.79194,0.58617,7.99342,500.00000
1.21908,0.99453,1.36178,1.36928,0.80128,0.58840,14.36900,375.00000
0.96354,0.59263,1.21336,2.04741,0.72898,0.60079,4.17163,438.00000
1.07241,0.69682,1.31749,1.89072,0.77071,0.58498,7.95850,688.00000
1.20071,0.96179,1.30552,1.35739,0.79137,0.60617,12.96955,500.00000
1.21730,1.00798,1.38442,1.37345,0.81960,0.59202,18.81365,562.00000
1.27700,1.01395,1.40006,1.38081,0.82475,0.58908,19.06076,438.00000
1.20186,0.93262,1.35908,1.45728,0.81614,0.60051,16.78328,375.00000
1.17989,0.88518,1.33597,1.50926,0.77384,0.57923,9.88869,562.00000
1.11229,0.82730,1.32304,1.59923,0.77482,0.58563,9.90390,625.00000
1.22145,0.88438,1.41421,1.59910,0.81442,0.57588,15.46509,625.00000
1.23248,0.83777,1.38305,1.65087,0.81778,0.59129,12.65420,500.00000
1.08409,0.70745,1.23632,1.74758,0.76031,0.61498,7.82604,562.00000
1.00680,0.71875,1.21247,1.68691,0.73259,0.60421,4.68390,625.00000
1.20637,0.98946,1.33203,1.34622,0.79548,0.59719,14.39745,688.00000
1.11526,0.77365,1.35574,1.75241,0.78077,0.57590,9.12599,438.00000
1.27556,0.96279,1.39747,1.45148,0.82174,0.58802,14.71701,375.00000
1.04517,0.75589,1.19939,1.58673,0.74656,0.62245,4.43653,562.00000
1.29983,1.07269,1.39398,1.29951,0.84293,0.60469,21.84015,438.00000
1.23014,0.98935,1.37867,1.39351,0.81888,0.59396,16.34232,812.00000
1.14699,0.79739,1.31271,1.64627,0.78664,0.59925,13.09128,500.00000
1.18528,0.98031,1.34800,1.37508,0.79290,0.58821,12.47768,500.00000
1.13177,0.89096,1.28486,1.44211,0.75800,0.58995,9.76053,625.00000
1.21673,0.85671,1.39362,1.62670,0.79042,0.56718,12.28443,562.00000
1.24421,1.01595,1.39055,1.36872,0.80276,0.57730,15.69288,562.00000
1.14248,0.91965,1.25410,1.36367,0.78620,0.62690,10.31877,625.00000
1.13582,0.78149,1.36858,1.75124,0.77965,0.56968,9.35149,312.00000
1.22046,0.97150,1.38171,1.42225,0.81637,0.59084,15.58235,750.00000
1.16813,0.80324,1.37542,1.71233,0.79926,0.58111,8.39277,500.00000
1.22271,0.99386,1.35958,1.36797,0.81346,0.59831,16.73591,312.00000
1.24992,1.01156,1.37410,1.35839,0.80382,0.58498,15.40065,438.00000
1.17971,0.87258,1.38099,1.58265,0.78691,0.56982,9.85272,562.00000
1.18282,0.84246,1.39125,1.65141,0.79888,0.57422,12.85148,375.00000
1.16667,0.81252,1.34581,1.65633,0.81295,0.60406,14.76712,562.00000
1.24371,0.99321,1.41421,1.42388,0.82581,0.58393,15.80613,500.00000
1.18214,0.85635,1.34594,1.57172,0.79418,0.59005,12.67729,562.00000
1.08799,0.74504,1.32298,1.77572,0.75958,0.57414,8.51321,438.00000
1.15352,0.75258,1.33887,1.77904,0.79907,0.59682,13.24102,250.00000
1.21433,0.82609,1.38694,1.67893,0.81672,0.58886,11.93753,250.00000
1.11221,0.88108,1.30868,1.48532,0.77402,0.59145,9.15625,438.00000
1.23648,0.95384,1.41421,1.48266,0.82000,0.57983,15.13624,812.00000
1.15323,0.79728,1.33378,1.67292,0.79841,0.59861,12.88817,500.00000
1.18633,0.82332,1.37711,1.67263,0.78998,0.57365,10.89793,500.00000
1.10062,0.83865,1.29657,1.54602,0.77562,0.59821,11.64745,500.00000
1.07871,0.78536,1.28667,1.63831,0.74035,0.57540,5.42568,250.00000
1.13215,0.92620,1.32011,1.42530,0.78128,0.59183,12.33528,438.00000
1.13954,0.76987,1.32821,1.72526,0.77816,0.58587,11.53661,250.00000
1.24158,0.96186,1.41421,1.47030,0.79659,0.56327,9.44841,0.00000
1.00772,0.67721,1.22696,1.81179,0.71732,0.58463,4.07592,750.00000
1.12879,0.84837,1.28812,1.51835,0.78006,0.60558,11.34250,438.00000
1.13925,0.86317,1.32665,1.53695,0.78635,0.59273,9.31881,500.00000
1.29891,1.06204,1.41421,1.33160,0.84805,0.59966,24.90419,562.00000
1.15990,0.95040,1.30010,1.36795,0.80033,0.61559,10.83554,250.00000
1.29856,1.04824,1.40387,1.33926,0.84554,0.60229,22.59270,62.00000
1.21662,0.93956,1.38226,1.47119,0.82439,0.59641,16.80600,500.00000
1.17409,0.87905,1.36016,1.54730,0.80998,0.59550,13.82769,500.00000
1.15801,0.69904,1.37801,1.97128,0.75544,0.54821,6.15212,562.00000
1.18123,0.92313,1.30882,1.41780,0.79669,0.60871,9.49910,812.00000
1.14041,0.80219,1.35328,1.68700,0.78008,0.57643,8.18054,562.00000
1.14911,0.87381,1.31221,1.50171,0.78161,0.59564,10.46152,562.00000
1.24789,0.99890,1.35379,1.35528,0.81785,0.60412,14.53102,562.00000
1.10457,0.77706,1.32477,1.70484,0.78143,0.58986,9.22567,562.00000
1.11843,0.79504,1.32988,1.67271,0.77410,0.58208,7.65529,562.00000
1.04490,0.58206,1.33026,2.28543,0.78489,0.59002,9.67000,375.00000
1.09093,0.80679,1.30902,1.62249,0.72190,0.55148,6.40091,500.00000
1.17203,0.77989,1.32531,1.69935,0.79289,0.59827,10.82477,625.00000
1.09193,0.70186,1.27916,1.82254,0.77174,0.60332,8.57409,562.00000
1.15852,0.90661,1.36499,1.50560,0.77999,0.57142,10.33292,375.00000
1.14437,0.83734,1.34082,1.60128,0.78104,0.58251,9.58242,438.00000
1.23280,0.85176,1.40510,1.64965,0.82307,0.58577,16.04611,438.00000
1.11034,0.79784,1.28982,1.61664,0.74735,0.57942,6.07256,562.00000
1.17907,0.87965,1.32923,1.51109,0.79067,0.59483,11.98274,438.00000
1.05584,0.62147,1.28014,2.05985,0.74241,0.57994,4.72113,625.00000
1.15409,0.61248,1.39112,2.27128,0.79626,0.57239,7.16498,562.00000
1.22788,0.92448,1.36746,1.47916,0.81539,0.59628,13.48111,562.00000
1.14877,0.83150,1.35350,1.62778,0.78000,0.57628,10.97977,1000.00000
1.25114,0.98402,1.39014,1.41271,0.81719,0.58785,17.04012,500.00000
1.21832,0.92866,1.40082,1.50843,0.81489,0.58173,16.23399,438.00000
1.16059,0.84608,1.35413,1.60046,0.79012,0.58349,12.31607,250.00000
1.15131,0.88406,1.29379,1.46345,0.78327,0.60541,7.50777,688.00000
1.31825,1.10256,1.41421,1.28266,0.83963,0.59371,18.21605,312.00000
1.07864,0.78630,1.26105,1.60378,0.75015,0.59486,5.26787,438.00000
1.16557,0.78304,1.39048,1.77576,0.78843,0.56702,8.90658,625.00000
1.10251,0.90825,1.30986,1.44218,0.76822,0.58649,7.25791,375.00000
1.16235,0.87032,1.33413,1.53292,0.78297,0.58687,11.03683,562.00000
1.02572,0.60090,1.30750,2.17591,0.74688,0.57123,4.00760,438.00000
1.10887,0.74892,1.30737,1.74568,0.75714,0.57913,7.99605,250.00000
1.20136,0.95917,1.35791,1.41572,0.79405,0.58476,9.20886,500.00000
1.11689,0.77146,1.36128,1.76455,0.77904,0.57228,10.41480,500.00000
1.01641,0.58138,1.28561,2.21130,0.74736,0.58133,4.47056,562.00000
1.17977,0.88480,1.30709,1.47727,0.81884,0.62646,17.84883,562.00000
1.31663,1.10067,1.41421,1.28487,0.83694,0.59181,21.26988,250.00000
1.20748,0.99719,1.32447,1.32819,0.80415,0.60715,14.77308,625.00000
1.10001,0.76080,1.30446,1.71459,0.78101,0.59872,11.05204,438.00000
1.24075,0.96068,1.39574,1.45287,0.82650,0.59216,14.80955,438.00000
1.13731,0.81313,1.35654,1.66828,0.79353,0.58497,13.18841,562.00000
1.13409,0.86628,1.30222,1.50324,0.78335,0.60155,10.60907,562.00000
1.15746,0.72884,1.39983,1.92062,0.80390,0.57428,8.66635,500.00000
1.20668,0.90712,1.33906,1.47617,0.80553,0.60156,15.36405,562.00000
1.22885,0.81313,1.41421,1.73922,0.81869,0.57890,12.82883,438.00000
1.21176,0.91638,1.34927,1.47239,0.77675,0.57568,10.67656,1000.00000
1.00221,0.53793,1.30542,2.42674,0.73618,0.56394,4.36638,500.00000
1.27910,0.91321,1.41421,1.54862,0.82919,0.58633,18.51904,562.00000
1.21525,0.93830,1.36751,1.45744,0.80057,0.58542,14.47478,500.00000
1.15202,0.77520,1.32661,1.71132,0.78521,0.59189,7.97349,562.00000
1.15938,0.78059,1.37635,1.76322,0.78447,0.56996,10.04730,312.00000
1.13566,0.78358,1.32076,1.68555,0.77703,0.58832,9.76001,562.00000
1.23459,1.07420,1.37692,1.28181,0.81626,0.59281,14.04271,688.00000
1.23544,0.93280,1.35431,1.45187,0.81002,0.59811,15.05017,500.00000
1.17620,0.88504,1.30423,1.47363,0.79827,0.61206,12.97021,812.00000
1.11405,0.66904,1.36756,2.04405,0.77977,0.57019,8.19507,375.00000
1.19967,0.87932,1.40088,1.59315,0.80549,0.57499,13.38192,375.00000
1.11477,0.76435,1.32538,1.73401,0.77759,0.58669,8.13946,438.00000
1.22046,0.88185,1.38865,1.57470,0.80887,0.58248,10.59464,562.00000
0.42171,0.33732,0.51295,1.52064,0.37900,0.73887,0.01882,62.00000
1.14863,0.83613,1.36842,1.63661,0.78818,0.57597,8.75953,375.00000
1.20316,0.99695,1.36726,1.37144,0.80912,0.59179,12.96659,438.00000
1.07859,0.68979,1.31229,1.90245,0.75958,0.57882,6.32870,625.00000
1.16329,0.83946,1.34966,1.60776,0.79288,0.58747,11.67740,250.00000
1.16618,0.86894,1.29933,1.49532,0.77883,0.59941,11.82408,562.00000
1.08046,0.75165,1.34653,1.79143,0.76015,0.56452,7.77333,375.00000
1.21938,0.99218,1.38623,1.39715,0.81364,0.58695,17.05448,312.00000
1.23419,0.94803,1.39462,1.47107,0.82409,0.59091,18.97840,312.00000
1.23004,1.03742,1.37331,1.32378,0.80649,0.58726,16.25215,500.00000
1.14354,0.85790,1.30008,1.51542,0.79677,0.61286,12.36422,312.00000
1.15850,0.83548,1.33136,1.59352,0.79257,0.59531,12.51912,562.00000
1.12079,0.76918,1.38005,1.79418,0.79818,0.57837,12.15006,438.00000
1.22635,0.89865,1.39014,1.54692,0.82523,0.59363,18.07614,438.00000
1.13464,0.78798,1.30390,1.65474,0.78380,0.60112,9.75839,438.00000
1.11941,0.78450,1.27457,1.62468,0.78282,0.61418,9.21031,500.00000
1.16702,0.86479,1.36286,1.57595,0.78895,0.57889,7.92997,375.00000
1.20824,1.02207,1.35997,1.33061,0.81432,0.59877,15.96432,438.00000
1.19580,0.93299,1.30851,1.40249,0.80086,0.61204,13.94670,562.00000
1.28208,1.07598,1.41421,1.31435,0.83479,0.59029,22.15531,188.00000
1.17511,0.90431,1.34813,1.49078,0.80849,0.59972,15.59332,625.00000
