# TypeTokenRatio, GuiraudsIndex, Yule's_K, HapaxLegonema, AdvancedGuiraud, Avaliacao
1.21739,4.34659,127.55102,23.00000,1.70084,688.00000
1.47619,7.54342,144.38085,84.00000,2.78388,812.00000
1.00000,4.12311,0.00000,17.00000,1.94029,500.00000
1.04545,4.58732,37.80718,22.00000,2.08514,688.00000
1.31250,4.93771,158.73016,32.00000,1.69734,688.00000
1.21667,7.02247,75.06099,60.00000,3.16011,875.00000
1.21154,6.55138,70.54674,52.00000,2.26779,688.00000
1.13793,5.04825,91.82736,29.00000,4.17786,188.00000
1.66667,2.68328,750.00000,12.00000,0.67082,375.00000
1.36364,7.51443,74.37642,77.00000,3.90360,562.00000
1.23404,6.17140,83.23424,47.00000,2.75744,562.00000
1.10870,6.44129,38.44675,46.00000,4.48090,312.00000
1.50000,2.00000,987.65432,6.00000,1.00000,62.00000
1.25532,6.11888,80.43666,47.00000,2.47359,500.00000
1.34848,6.99599,93.42255,66.00000,3.81599,875.00000
1.00000,3.74166,0.00000,14.00000,1.87083,500.00000
1.18182,5.28423,118.34320,33.00000,2.56205,625.00000
1.27027,5.39700,162.96967,37.00000,1.45865,625.00000
1.11111,4.92950,66.66667,27.00000,3.65148,438.00000
1.09677,5.31646,69.20415,31.00000,4.28746,312.00000
1.24138,6.83537,61.72840,58.00000,3.53553,562.00000
1.10000,4.26401,82.64463,20.00000,3.19801,562.00000
1.29630,7.90479,61.67800,81.00000,4.39155,438.00000
1.18367,6.43402,71.34364,49.00000,3.02005,562.00000
1.12000,4.72456,102.04082,25.00000,2.26779,500.00000
1.45783,7.54545,114.74626,83.00000,5.45455,375.00000
1.16279,6.08112,72.00000,43.00000,1.97990,938.00000
1.09302,6.27219,45.26935,43.00000,2.91730,500.00000
1.07353,7.95880,18.76525,68.00000,3.62828,688.00000
1.14286,5.53399,62.50000,35.00000,1.73925,500.00000
1.42169,7.64077,83.30939,83.00000,2.85378,625.00000
1.54545,3.77297,311.41869,22.00000,1.71499,438.00000
1.06250,5.48795,34.60208,32.00000,4.63046,0.00000
1.31765,8.03175,76.53061,85.00000,4.25210,562.00000
1.30000,4.80384,170.94017,30.00000,2.40192,500.00000
1.66667,6.29285,171.90083,66.00000,3.33712,625.00000
1.66667,6.29285,171.90083,66.00000,3.33712,562.00000
1.24138,4.83333,123.45679,29.00000,2.50000,500.00000
1.14286,4.94975,97.65625,28.00000,2.47487,500.00000
1.73913,5.14296,196.87500,46.00000,2.12426,500.00000
1.18605,6.02120,107.65090,43.00000,3.36067,438.00000
2.00000,3.87298,472.22222,30.00000,1.67829,312.00000
1.08824,5.58957,43.82761,34.00000,2.79478,375.00000
1.21569,6.47701,72.84079,51.00000,3.17500,500.00000
1.31818,4.08530,166.46849,22.00000,3.71391,375.00000
1.14815,4.84934,145.68158,27.00000,2.69408,562.00000
1.32500,5.49442,113.91954,40.00000,2.33513,438.00000
1.24324,7.71503,63.79962,74.00000,3.85752,438.00000
1.14286,5.53399,62.50000,35.00000,3.16228,625.00000
1.51923,5.85046,208.29995,52.00000,4.27533,500.00000
1.00000,5.29150,0.00000,28.00000,2.26779,562.00000
1.67532,6.77947,180.27763,77.00000,4.49030,562.00000
1.34615,7.61202,74.37642,78.00000,4.87950,562.00000
1.71429,6.06218,137.17421,63.00000,3.56033,312.00000
1.35000,5.44331,144.03292,40.00000,2.99382,438.00000
1.25000,6.19677,127.77778,48.00000,3.22749,562.00000
1.31507,7.45053,75.95486,73.00000,3.57217,562.00000
1.57143,6.33174,204.06081,63.00000,3.61814,500.00000
1.17647,6.58407,61.11111,51.00000,2.45289,625.00000
1.36957,5.79546,136.05442,46.00000,3.02372,562.00000
1.35417,5.95367,108.87574,48.00000,3.22490,562.00000
1.45349,7.69207,97.28000,86.00000,3.84604,562.00000
1.37079,8.05768,96.74819,89.00000,2.26339,562.00000
1.16667,5.07093,81.63265,30.00000,2.87352,438.00000
1.68750,3.07920,493.82716,16.00000,1.53960,500.00000
1.46429,4.37287,249.85128,28.00000,1.56174,438.00000
1.15385,7.50555,39.11111,65.00000,2.88675,750.00000
1.21739,6.14701,82.90816,46.00000,2.53898,562.00000
1.26389,7.54765,77.28535,72.00000,4.61245,375.00000
1.28333,6.83763,94.45100,60.00000,3.41882,500.00000
1.27273,7.20119,70.86168,66.00000,3.38238,500.00000
1.35484,8.28510,80.62484,93.00000,4.63253,438.00000
1.21053,3.96177,189.03592,19.00000,1.45960,438.00000
1.54237,6.18488,140.07970,59.00000,2.41106,562.00000
1.25000,3.09839,355.55556,12.00000,1.80739,438.00000
1.35821,7.02351,99.02186,67.00000,3.66900,562.00000
1.10714,5.02895,62.43496,28.00000,3.59211,312.00000
1.11111,6.36396,48.00000,45.00000,3.95980,312.00000
1.22500,5.71429,108.28821,40.00000,2.14286,438.00000
1.40580,7.00589,108.40684,69.00000,4.16292,688.00000
1.28571,8.08290,66.87243,84.00000,3.75278,812.00000
1.45882,7.63323,106.65973,85.00000,5.11875,375.00000
1.38983,6.51546,130.87448,59.00000,3.53381,625.00000
1.37255,6.09567,163.26531,51.00000,3.70521,625.00000
1.15385,8.88069,29.02494,91.00000,5.66022,500.00000
1.28889,5.90879,142.68728,45.00000,3.80789,375.00000
1.21212,5.21776,100.00000,33.00000,3.79473,250.00000
1.36364,4.91935,167.90123,33.00000,1.49071,562.00000
1.51163,5.33349,241.42012,43.00000,3.47297,562.00000
1.80000,5.00000,274.34842,45.00000,2.00000,438.00000
1.27273,5.09201,136.05442,33.00000,2.00594,562.00000
1.25714,5.27645,154.95868,35.00000,3.16587,562.00000
1.41818,6.22752,111.76857,55.00000,3.17038,500.00000
1.34783,5.84201,140.47867,46.00000,2.41300,625.00000
1.25000,5.93296,99.17355,44.00000,2.69680,500.00000
1.64286,5.05621,193.23671,42.00000,1.44463,562.00000
1.60465,5.17659,189.03592,43.00000,1.56502,562.00000
1.98529,5.85251,334.70508,68.00000,2.32379,562.00000
1.23333,4.93197,116.87363,30.00000,2.13719,562.00000
1.19149,6.28064,70.15306,47.00000,3.47440,500.00000
1.34286,5.10527,153.91580,35.00000,2.47970,438.00000
1.20930,5.96303,88.75740,43.00000,2.35748,438.00000
1.28571,6.17342,115.89821,49.00000,2.64575,562.00000
1.59551,7.46871,149.77187,89.00000,3.69240,562.00000
1.11628,6.20652,43.40278,43.00000,3.46410,562.00000
1.29630,6.45423,81.63265,54.00000,3.46616,812.00000
1.25000,7.15542,62.50000,64.00000,4.80755,562.00000
1.38235,4.95941,181.07741,34.00000,2.18797,562.00000
1.50000,7.02377,137.97581,74.00000,6.26444,438.00000
1.61905,7.20294,196.79931,84.00000,3.60147,562.00000
1.21429,5.88118,76.89350,42.00000,3.92078,500.00000
1.22414,6.88333,75.38187,58.00000,4.74713,375.00000
1.32857,7.25866,101.74587,70.00000,4.04411,500.00000
1.42424,6.80738,113.17338,66.00000,2.78484,438.00000
1.53333,6.25543,146.50284,60.00000,2.18940,438.00000
1.11111,6.97137,33.33333,54.00000,4.64758,562.00000
1.65909,5.14981,221.42991,44.00000,1.87266,562.00000
1.24242,5.15373,118.97680,33.00000,3.12348,562.00000
1.66176,6.39690,151.93046,68.00000,2.91623,500.00000
1.44068,6.39945,146.71280,59.00000,3.14549,688.00000
1.11364,6.28571,49.97918,44.00000,2.14286,562.00000
1.28571,5.21749,108.64198,35.00000,2.83235,562.00000
1.31579,5.37401,184.00000,38.00000,2.40416,750.00000
1.50000,6.83130,179.59184,70.00000,3.41565,562.00000
1.50704,6.86383,138.00332,71.00000,2.70686,750.00000
1.40367,8.81213,58.09731,109.00000,4.12311,562.00000
1.27907,5.79812,158.67769,43.00000,2.96648,562.00000
1.53623,6.70187,224.27910,69.00000,3.98227,562.00000
1.33333,5.19615,147.56944,36.00000,2.74241,562.00000
1.44615,6.70424,117.70032,65.00000,4.33197,562.00000
1.20930,5.96303,66.56805,43.00000,3.05085,562.00000
1.32692,6.26006,117.62235,52.00000,4.45428,562.00000
1.55556,4.81070,210.45918,36.00000,2.67261,625.00000
1.52381,7.42462,103.75977,84.00000,4.33103,688.00000
2.15385,5.49350,301.02041,65.00000,2.95804,562.00000
1.35821,7.02351,84.53085,67.00000,3.24968,625.00000
1.10169,7.31805,33.13609,59.00000,4.71332,438.00000
1.55422,7.30774,153.83691,83.00000,4.13812,438.00000
1.26316,6.71751,84.87654,57.00000,3.65339,625.00000
1.26866,7.26717,102.42215,67.00000,3.03703,562.00000
1.42500,7.49269,124.65374,80.00000,3.55903,750.00000
1.12500,4.61880,82.30453,24.00000,4.04145,312.00000
1.56923,6.43596,405.61323,65.00000,4.05960,438.00000
1.36765,7.05127,335.29888,68.00000,4.56259,562.00000
1.33333,6.53835,145.42936,57.00000,5.16185,0.00000
1.62500,5.87040,268.08356,56.00000,2.62071,500.00000
1.20000,5.40062,90.70295,35.00000,1.69734,438.00000
1.54167,5.57989,186.26735,48.00000,2.20871,375.00000
1.03279,7.68528,10.07811,61.00000,7.05534,0.00000
1.20000,7.35980,49.30966,65.00000,6.22752,188.00000
1.30000,5.54700,118.34320,40.00000,2.49615,688.00000
1.62025,6.98268,366.21094,79.00000,4.15425,562.00000
1.28000,4.41942,195.31250,25.00000,1.76777,500.00000
1.54902,5.73795,134.59382,51.00000,3.03774,625.00000
1.68421,5.81754,308.15972,57.00000,2.24537,500.00000
1.35000,10.18350,54.86968,140.00000,5.23723,562.00000
1.25000,4.73286,130.61224,28.00000,2.02837,438.00000
1.59322,6.08539,239.92757,59.00000,2.68170,875.00000
1.28571,3.29983,308.64198,14.00000,2.82843,62.00000
1.29412,7.24882,95.55785,68.00000,3.09141,688.00000
1.23529,6.42540,80.62484,51.00000,3.90563,562.00000
1.36145,7.80798,109.64054,83.00000,4.51546,562.00000
1.18750,5.19109,96.95291,32.00000,3.56887,312.00000
1.16129,5.16667,92.59259,31.00000,3.33333,500.00000
1.05263,6.00833,25.00000,38.00000,3.32039,500.00000
1.29310,6.69726,110.22222,58.00000,3.00222,688.00000
1.14634,5.98046,81.48483,41.00000,2.77143,312.00000
1.62281,8.38145,142.58583,114.00000,6.39637,250.00000
1.46988,7.51447,119.59151,83.00000,3.71197,625.00000
1.32258,8.38553,96.50340,93.00000,6.40185,312.00000
1.47059,4.80833,240.00000,34.00000,2.96985,562.00000
1.24138,8.37158,106.31001,87.00000,5.96595,375.00000
1.35593,6.59640,190.62500,59.00000,2.90689,625.00000
1.40323,6.64710,108.33664,62.00000,2.57307,562.00000
1.31579,7.60000,98.00000,76.00000,3.40000,500.00000
1.30769,5.46109,123.02960,39.00000,2.38048,562.00000
1.61905,3.60147,346.02076,21.00000,2.22948,500.00000
1.31034,6.65306,83.10249,58.00000,3.90007,688.00000
1.43902,5.33775,160.87331,41.00000,1.56227,625.00000
1.65714,4.59573,315.10107,35.00000,2.36352,562.00000
2.02632,4.33050,323.83201,38.00000,1.36753,562.00000
1.71429,4.51848,355.55556,35.00000,1.80739,438.00000
1.50000,6.00000,176.80232,54.00000,3.11111,438.00000
1.16000,6.56532,53.50773,50.00000,3.15135,500.00000
1.33333,6.70820,159.37500,60.00000,4.80755,500.00000
1.57303,7.52187,139.79592,89.00000,3.88771,500.00000
1.27500,5.60112,207.61246,40.00000,3.36067,375.00000
1.27692,7.13468,72.57947,65.00000,2.85387,562.00000
1.54545,7.05858,114.39870,77.00000,3.75846,562.00000
1.34234,9.09347,100.89636,111.00000,7.12732,312.00000
1.28889,5.90879,118.90606,45.00000,3.28266,625.00000
1.04348,6.63953,17.36111,46.00000,4.33013,562.00000
1.46667,4.52267,371.90083,30.00000,1.50756,438.00000
1.36538,6.17126,107.12160,52.00000,3.32299,562.00000
1.80435,5.04916,354.18784,46.00000,1.86599,562.00000
1.36957,5.79546,226.75737,46.00000,2.64575,812.00000
1.39326,7.99244,105.35900,89.00000,3.68191,562.00000
1.69697,6.23641,170.59949,66.00000,3.30719,562.00000
1.37097,6.72484,119.03114,62.00000,3.03703,562.00000
1.41935,6.60922,173.03719,62.00000,3.83761,438.00000
1.54444,7.63370,97.30345,90.00000,3.73203,625.00000
1.51562,9.18986,80.24232,128.00000,4.37954,625.00000
1.50000,5.77350,163.55556,50.00000,2.65581,500.00000
1.47273,6.11111,149.36747,55.00000,2.88889,438.00000
1.35135,5.23259,176.00000,37.00000,2.54558,438.00000
1.32353,5.06842,158.02469,34.00000,2.38514,562.00000
1.46154,4.21776,360.11080,26.00000,1.94666,438.00000
1.28947,5.42857,116.61808,38.00000,3.42857,500.00000
1.31481,6.40862,103.15414,54.00000,3.79770,562.00000
1.14286,5.53399,75.00000,35.00000,2.21359,438.00000
1.21839,8.45019,72.97971,87.00000,5.63346,375.00000
1.36842,5.26965,125.73964,38.00000,2.91218,562.00000
1.15789,5.72872,82.64463,38.00000,3.16587,562.00000
1.30357,6.55430,150.12197,56.00000,4.09644,875.00000
1.33333,8.07775,81.74792,87.00000,3.99245,688.00000
1.18000,6.50945,74.69118,50.00000,4.29623,500.00000
1.21569,6.47701,72.84079,51.00000,3.68300,625.00000
1.26744,8.23731,58.91760,86.00000,4.69335,375.00000
1.27083,6.14577,96.74819,48.00000,3.84111,625.00000
1.40000,5.97614,204.08163,50.00000,2.27093,562.00000
1.32353,5.06842,197.53086,34.00000,3.13050,562.00000
1.03030,5.65945,17.30104,33.00000,3.08697,500.00000
1.21154,6.55138,141.09347,52.00000,4.66156,375.00000
1.29412,6.27767,87.23600,51.00000,2.09256,625.00000
1.27692,7.13468,66.77312,65.00000,2.96364,750.00000
1.29412,7.24882,77.47934,68.00000,3.62441,562.00000
2.00000,5.00000,402.00000,50.00000,2.40000,438.00000
1.06557,7.56612,18.93491,61.00000,3.47297,438.00000
1.50909,6.03703,240.96386,55.00000,2.96364,500.00000
1.03226,5.48008,19.53125,31.00000,2.82843,625.00000
1.29630,6.45423,77.55102,54.00000,3.46616,562.00000
1.20312,7.29348,50.59875,64.00000,5.92595,500.00000
1.21053,5.60279,122.87335,38.00000,2.94884,500.00000
1.14706,7.69948,36.16042,68.00000,4.18943,688.00000
1.51316,7.08704,117.95841,76.00000,4.00977,750.00000
1.49153,6.28942,160.12397,59.00000,3.83761,562.00000
1.23077,6.50000,68.35938,52.00000,2.87500,688.00000
1.20370,6.69788,61.53846,54.00000,3.10087,625.00000
1.34783,8.26184,61.13424,92.00000,4.75954,562.00000
1.00000,6.40312,0.00000,41.00000,3.90434,500.00000
1.50000,5.03322,363.18867,38.00000,3.97360,0.00000
1.28947,7.67716,83.29863,76.00000,3.43452,562.00000
1.13514,5.70922,68.02721,37.00000,4.01189,500.00000
1.27848,7.86079,60.77836,79.00000,4.07965,500.00000
1.43750,7.46004,114.93384,80.00000,3.82327,500.00000
1.25758,7.24444,72.57947,66.00000,3.95151,625.00000
1.30303,7.11696,100.05408,66.00000,3.23498,500.00000
1.29167,6.09601,109.26119,48.00000,3.81000,562.00000
1.33333,6.18466,129.75779,51.00000,3.15296,562.00000
1.46154,5.96481,162.74238,52.00000,2.86770,438.00000
1.47273,6.11111,128.02926,55.00000,3.77778,500.00000
1.53333,6.25543,129.96219,60.00000,3.33623,625.00000
1.24000,6.35001,130.07284,50.00000,2.66700,562.00000
1.33735,7.87801,61.68330,83.00000,3.22714,438.00000
1.38462,6.12826,131.17284,52.00000,3.53553,562.00000
1.07143,5.11208,44.44444,28.00000,3.10376,438.00000
1.25714,5.27645,134.29752,35.00000,2.86436,562.00000
1.68750,5.33333,204.23716,48.00000,2.77778,312.00000
1.31707,5.57939,198.90261,41.00000,3.40207,375.00000
1.26471,5.18495,129.79989,34.00000,3.50747,125.00000
2.10714,3.64529,499.85636,28.00000,1.69246,500.00000
1.09091,5.50000,61.72840,33.00000,4.83333,375.00000
1.35135,5.23259,240.00000,37.00000,3.39411,250.00000
1.78689,5.84274,156.55248,61.00000,3.54396,438.00000
1.21212,5.21776,100.00000,33.00000,2.37171,250.00000
1.14286,4.94975,97.65625,28.00000,3.53553,312.00000
1.51515,4.66690,248.00000,33.00000,1.41421,750.00000
1.37500,4.82418,258.26446,32.00000,2.41209,438.00000
1.08571,5.67775,41.55125,35.00000,3.08221,312.00000
1.33333,4.50000,308.64198,27.00000,1.16667,438.00000
1.55000,6.22171,191.92970,60.00000,3.21455,562.00000
1.56522,3.83333,308.64198,23.00000,2.00000,312.00000
1.34615,4.39480,244.89796,26.00000,3.04256,500.00000
1.15625,5.26077,160.70124,32.00000,3.61678,312.00000
1.12500,7.05534,45.35147,56.00000,5.54348,312.00000
1.37838,7.32709,76.89350,74.00000,4.85172,438.00000
1.50000,6.42910,221.99098,62.00000,3.94042,438.00000
1.66667,3.00000,544.00000,15.00000,0.80000,250.00000
1.09091,8.98146,19.53125,88.00000,4.89898,438.00000
1.48889,5.49762,155.93673,45.00000,2.68773,438.00000
1.56989,7.69673,208.29424,93.00000,5.62772,312.00000
1.52778,4.85424,271.07438,36.00000,1.48324,438.00000
1.65000,3.48155,367.30946,20.00000,1.56670,375.00000
1.51351,4.94433,210.45918,37.00000,3.07350,562.00000
1.22581,5.02886,124.65374,31.00000,3.40665,375.00000
1.22222,3.83761,165.28926,18.00000,2.13201,188.00000
1.04545,4.58732,37.80718,22.00000,3.96177,250.00000
1.20000,4.56435,133.33333,25.00000,3.28634,125.00000
1.31250,6.98297,76.53061,64.00000,2.29129,438.00000
1.16000,4.64238,118.90606,25.00000,2.22834,500.00000
1.62500,5.87040,200.45888,56.00000,1.57243,438.00000
1.32308,7.00913,81.12493,65.00000,3.12715,562.00000
1.71111,5.12823,381.17726,45.00000,3.76070,250.00000
1.05405,5.92474,26.29849,37.00000,2.56205,562.00000
1.26866,7.26717,69.20415,67.00000,3.14549,562.00000
1.05405,5.92474,26.29849,37.00000,4.00320,500.00000
1.29070,8.16276,66.55304,86.00000,3.41697,625.00000
1.05000,6.17213,22.67574,40.00000,3.85758,500.00000
1.41538,6.77672,120.51040,65.00000,3.23197,625.00000
1.93023,4.71986,313.54333,43.00000,2.19529,375.00000
1.38636,5.63362,128.99758,44.00000,1.92055,625.00000
1.19318,8.58792,45.35147,88.00000,4.58673,500.00000
1.19753,8.22430,51.01499,81.00000,3.55371,500.00000
1.16667,5.07093,114.28571,30.00000,2.53546,500.00000
1.53846,4.11096,250.00000,26.00000,1.42302,562.00000
1.57778,5.34052,206.30827,45.00000,1.78017,562.00000
1.50685,6.96028,145.45455,73.00000,3.24177,500.00000
1.42000,5.93391,134.89387,50.00000,2.25489,562.00000
1.42254,7.06476,98.02960,71.00000,3.18412,250.00000
1.56250,5.54256,202.66667,48.00000,3.23316,688.00000
1.26316,6.71751,81.01852,57.00000,3.88909,562.00000
1.27660,6.06767,100.00000,47.00000,2.58199,750.00000
1.36620,7.20896,85.02498,71.00000,3.14757,688.00000
1.10000,6.03023,51.65289,40.00000,2.71360,750.00000
1.45161,6.53537,143.20988,62.00000,4.00555,438.00000
1.07407,5.01377,47.56243,27.00000,4.08530,312.00000
1.35211,7.24641,117.18750,71.00000,2.85774,625.00000
1.28205,7.80000,62.00000,78.00000,4.30000,500.00000
1.51282,7.18048,180.98248,78.00000,3.03790,562.00000
1.19753,8.22430,48.88936,81.00000,4.26445,562.00000
1.52239,6.63399,132.64129,67.00000,3.76256,625.00000
1.18966,6.98238,75.61437,58.00000,5.65814,125.00000
1.22500,5.71429,83.29863,40.00000,2.28571,562.00000
1.34545,6.39362,105.91673,55.00000,2.44120,562.00000
1.21212,5.21776,125.00000,33.00000,2.37171,438.00000
1.22414,6.88333,87.28427,58.00000,3.79770,625.00000
1.48000,5.81238,171.65814,50.00000,2.20871,438.00000
1.21739,4.34659,204.08163,23.00000,2.83473,375.00000
1.32692,6.26006,134.42554,52.00000,3.00965,562.00000
1.28814,6.76776,114.26593,59.00000,4.12948,500.00000
1.22222,4.70010,128.55831,27.00000,2.78524,438.00000
1.59091,7.43736,147.95918,88.00000,3.80319,438.00000
1.20690,6.93233,65.30612,58.00000,3.10759,500.00000
1.17949,5.75024,75.61437,39.00000,2.94884,625.00000
1.26786,6.64598,75.38187,56.00000,3.44167,812.00000
1.30303,7.11696,86.53326,66.00000,3.12715,500.00000
1.43662,7.03005,92.27220,71.00000,2.97044,438.00000
1.13725,6.69663,77.28894,51.00000,3.93919,500.00000
1.16327,6.49021,73.86888,49.00000,3.44378,625.00000
1.56061,6.50317,135.73381,66.00000,3.35012,562.00000
1.45714,4.90098,322.95271,35.00000,2.38048,625.00000
1.05714,5.75396,29.21841,35.00000,2.79478,562.00000
1.22727,5.98764,75.44582,44.00000,3.40207,562.00000
1.39535,7.85069,76.38889,86.00000,5.56851,250.00000
1.50000,6.00000,161.56074,54.00000,3.00000,500.00000
1.45600,9.26562,210.11955,125.00000,6.37474,438.00000
1.79545,7.00090,253.16456,88.00000,3.81867,750.00000
1.56701,7.86774,142.83241,97.00000,4.29887,500.00000
1.18000,6.50945,74.69118,50.00000,4.16605,438.00000
1.34211,5.32106,161.47636,38.00000,2.80056,500.00000
1.56897,6.08005,164.23137,58.00000,1.99174,438.00000
1.19048,5.93970,80.00000,42.00000,4.10122,438.00000
1.81395,4.86879,414.20118,43.00000,3.62329,375.00000
1.37179,7.54054,92.58451,78.00000,3.19023,688.00000
1.49123,6.18252,119.03114,57.00000,3.47089,312.00000
1.47222,4.94498,213.59915,36.00000,3.15929,500.00000
1.21951,5.79828,80.00000,41.00000,2.12132,625.00000
1.27419,6.97554,64.09229,62.00000,3.26275,500.00000
1.14000,6.62266,49.24592,50.00000,4.76832,250.00000
1.58333,3.89331,415.51247,24.00000,1.94666,375.00000
1.16000,6.56532,83.23424,50.00000,3.67658,562.00000
1.25000,5.65685,96.00000,40.00000,2.82843,562.00000
1.42857,3.13050,400.00000,14.00000,1.34164,250.00000
1.28571,5.71548,102.88066,42.00000,1.90516,438.00000
1.09091,4.49073,104.16667,22.00000,3.26599,500.00000
1.00000,2.00000,0.00000,4.00000,2.00000,0.00000
1.29630,6.45423,159.18367,54.00000,3.82473,375.00000
1.32258,4.84139,249.85128,31.00000,3.43582,250.00000
1.34483,4.64372,328.73110,29.00000,3.04243,250.00000
1.34375,4.87995,173.06652,32.00000,2.43998,375.00000
3.12500,2.77128,1635.55556,24.00000,1.84752,125.00000
1.50000,4.47214,187.65432,30.00000,3.57771,312.00000
1.48864,7.68860,100.22726,88.00000,2.53374,500.00000
1.35294,7.08949,89.79206,68.00000,3.75326,625.00000
1.32727,6.43726,138.86283,55.00000,4.09644,375.00000
1.75000,5.85540,239.45578,60.00000,3.22047,688.00000
1.12903,5.23996,65.30612,31.00000,2.87352,625.00000
1.22222,5.42720,123.96694,36.00000,2.56285,438.00000
1.10000,5.22233,73.46189,30.00000,2.43709,312.00000
1.14634,5.98046,63.37709,41.00000,1.89624,562.00000
1.12766,6.45595,42.71983,47.00000,3.84610,500.00000
1.28571,8.08290,68.58711,84.00000,3.65655,625.00000
1.33684,8.42989,58.28012,95.00000,4.52552,625.00000
1.32979,8.40762,60.16000,94.00000,4.11437,625.00000
1.61972,6.62078,151.22873,71.00000,2.98402,562.00000
1.52727,6.00099,161.56463,55.00000,2.50951,500.00000
1.12903,7.41042,48.97959,62.00000,5.97614,0.00000
1.41935,4.67343,175.61983,31.00000,3.46738,312.00000
1.20690,4.90189,97.95918,29.00000,3.04256,250.00000
1.42553,5.74196,124.74939,47.00000,3.42074,500.00000
1.34426,6.73632,107.07912,61.00000,3.31295,438.00000
1.13953,6.14286,58.30904,43.00000,2.71429,562.00000
1.41096,7.19290,113.11151,73.00000,4.23692,438.00000
1.04545,4.58732,37.80718,22.00000,1.45960,250.00000
1.21311,10.02834,54.78451,122.00000,6.74036,500.00000
1.29412,6.27767,156.10652,51.00000,2.83110,375.00000
1.39286,6.34075,147.92899,56.00000,2.71746,562.00000
1.30909,6.48181,69.44444,55.00000,3.29983,500.00000
1.20000,5.00000,108.02469,30.00000,2.00000,688.00000
1.43860,6.29460,151.69542,57.00000,2.31906,625.00000
1.20408,6.37926,86.18213,49.00000,4.81699,375.00000
1.76471,5.37587,501.23457,51.00000,2.74064,625.00000
1.60714,5.90292,212.34568,56.00000,3.37310,312.00000
1.28571,4.04145,246.91358,21.00000,2.50185,500.00000
1.60000,3.95285,487.50000,25.00000,2.68794,438.00000
1.20690,4.90189,97.95918,29.00000,2.53546,500.00000
1.44118,4.85714,174.92711,34.00000,2.42857,562.00000
1.56410,4.99344,284.86966,39.00000,1.92055,625.00000
1.18750,7.34130,62.32687,64.00000,3.44124,625.00000
1.29032,4.90153,175.00000,31.00000,3.16228,312.00000
1.21569,6.47701,67.63788,51.00000,2.92100,500.00000
1.37255,6.09567,102.04082,51.00000,2.62950,438.00000
1.94595,4.36049,235.33951,37.00000,2.00347,562.00000
1.28205,7.80000,54.00000,78.00000,3.60000,750.00000
1.41463,5.38356,154.57788,41.00000,2.62613,500.00000
1.22523,9.51817,89.74913,111.00000,6.17395,375.00000
1.55814,7.42927,95.78971,86.00000,4.75128,438.00000
1.11594,7.86328,40.47900,69.00000,5.92595,125.00000
1.13889,5.62226,71.38608,36.00000,4.21669,562.00000
1.14286,4.28661,138.88889,21.00000,3.06186,438.00000
1.26667,5.96040,80.02462,45.00000,3.44378,562.00000
1.05405,5.92474,26.29849,37.00000,2.88231,500.00000
1.40909,6.84388,85.55902,66.00000,3.42194,625.00000
1.12500,5.96285,49.38272,40.00000,3.87585,562.00000
1.60317,6.26873,223.50750,63.00000,3.18412,562.00000
2.45455,3.66667,411.52263,33.00000,1.88889,562.00000
1.54348,5.45920,170.60107,46.00000,3.08563,688.00000
1.38571,7.10742,102.02997,70.00000,3.04604,562.00000
1.45833,4.05674,261.22449,24.00000,1.85934,500.00000
1.42857,5.85662,257.14286,49.00000,3.22712,625.00000
1.34884,5.64618,136.74197,43.00000,2.62613,938.00000
1.47500,5.20756,361.96495,40.00000,1.95283,375.00000
1.30303,7.11696,64.89995,66.00000,3.45065,750.00000
1.42857,5.85662,151.02041,49.00000,2.62950,500.00000
1.31579,7.60000,100.00000,76.00000,4.10000,562.00000
1.32609,5.88970,96.74819,46.00000,2.68877,688.00000
1.16949,7.10277,46.20878,59.00000,3.37080,438.00000
1.24390,5.74115,92.27220,41.00000,3.08062,562.00000
1.19444,5.48995,108.16658,36.00000,3.04997,312.00000
1.36232,7.11681,117.70032,69.00000,2.88798,625.00000
1.17857,4.87417,110.19284,28.00000,3.13340,312.00000
1.41270,6.67799,123.72175,63.00000,3.28599,688.00000
1.10714,5.02895,83.24662,28.00000,3.05329,438.00000
1.60000,5.86302,198.86364,55.00000,2.13201,562.00000
1.36667,4.68521,202.26056,30.00000,2.49878,562.00000
1.35556,5.76166,128.99758,45.00000,2.56074,500.00000
1.35294,3.54475,340.26465,17.00000,1.66812,438.00000
1.24242,5.15373,154.66984,33.00000,2.96730,562.00000
1.19048,5.93970,64.00000,42.00000,3.39411,500.00000
1.27848,7.86079,60.77836,79.00000,4.07965,500.00000
1.20833,7.71921,52.84714,72.00000,4.07403,625.00000
1.09375,5.40899,48.97959,32.00000,2.70449,562.00000
1.03846,5.00370,27.43484,26.00000,3.27165,312.00000
1.64706,7.86947,189.20068,102.00000,4.08904,438.00000
1.28000,4.41942,195.31250,25.00000,2.82843,438.00000
1.27027,5.39700,135.80806,37.00000,3.79249,250.00000
1.52941,5.77461,147.92899,51.00000,2.15133,562.00000
1.21429,4.80196,173.01038,28.00000,1.88648,625.00000
1.46341,5.29308,205.55556,41.00000,1.93649,562.00000
1.34286,5.10527,144.86193,35.00000,2.47970,500.00000
1.22222,3.83761,206.61157,18.00000,1.49241,688.00000
1.17500,5.83460,72.43096,40.00000,2.77143,625.00000
1.00000,3.74166,0.00000,14.00000,3.20713,0.00000
1.38554,7.73979,87.71267,83.00000,3.63677,688.00000
1.27451,6.32577,113.60947,51.00000,4.09315,312.00000
1.60714,5.90292,251.85185,56.00000,4.11096,562.00000
1.97222,6.04211,327.31601,72.00000,2.85322,562.00000
1.39362,8.21282,73.42229,94.00000,4.71800,375.00000
1.38000,6.01929,117.62235,50.00000,2.88926,562.00000
1.28000,6.25000,156.25000,50.00000,2.75000,500.00000
1.15909,6.16123,61.51480,44.00000,3.22064,562.00000
1.13889,5.62226,71.38608,36.00000,2.49878,562.00000
1.58333,7.28372,135.67754,84.00000,3.90199,562.00000
1.32692,6.26006,134.42554,52.00000,3.00965,438.00000
1.50000,8.00000,108.02469,96.00000,4.41667,562.00000
1.30000,5.54700,170.11834,40.00000,3.18953,562.00000
1.04255,6.71429,16.65973,47.00000,3.28571,500.00000
1.33333,4.24264,195.31250,24.00000,2.65165,562.00000
1.31579,5.37401,184.00000,38.00000,2.26274,562.00000
1.26667,6.88247,90.02770,60.00000,3.44124,500.00000
1.22222,3.83761,206.61157,18.00000,2.55841,625.00000
1.30909,6.48181,81.01852,55.00000,3.65339,688.00000
1.20548,7.78183,56.81818,73.00000,4.26401,500.00000
1.47500,5.20756,361.96495,40.00000,2.34340,438.00000
1.02857,5.83333,15.43210,35.00000,3.00000,500.00000
1.24324,5.45535,151.22873,37.00000,3.53861,375.00000
1.42424,4.81354,181.07741,33.00000,2.04211,688.00000
1.19608,6.52988,64.49879,51.00000,2.68877,562.00000
1.27273,6.57376,89.79592,55.00000,3.22712,562.00000
1.31034,6.65306,86.56510,58.00000,3.09711,562.00000
1.30508,6.72367,101.19750,59.00000,2.50713,500.00000
1.35185,6.32022,90.07318,54.00000,2.92603,750.00000
1.03774,7.14652,13.22314,53.00000,3.50584,375.00000
1.10714,5.02895,62.43496,28.00000,2.15526,500.00000
1.22500,5.71429,83.29863,40.00000,3.14286,375.00000
1.00000,5.00000,0.00000,25.00000,4.20000,0.00000
1.40000,8.01784,66.76745,90.00000,3.47440,438.00000
1.19608,6.52988,80.62349,51.00000,2.94485,312.00000
1.31522,8.36364,57.37313,92.00000,3.45455,500.00000
1.39062,6.78399,95.94748,64.00000,2.75599,562.00000
1.23664,10.29233,31.24524,131.00000,5.26402,438.00000
1.18750,3.67065,166.20499,16.00000,1.83533,188.00000
1.15556,6.24038,59.17160,45.00000,3.18953,500.00000
1.31429,7.29800,92.15501,70.00000,3.12772,500.00000
1.21622,5.51563,98.76543,37.00000,1.19257,438.00000
1.25532,6.11888,132.14594,47.00000,3.25472,562.00000
1.62500,3.13786,502.95858,16.00000,0.78446,375.00000
1.28889,5.90879,107.01546,45.00000,2.36352,438.00000
1.39623,6.16112,105.91673,53.00000,2.55745,500.00000
1.30435,5.93857,150.00000,46.00000,2.19469,938.00000
1.27778,3.75326,226.84310,18.00000,1.87663,312.00000
1.43860,6.29460,145.74658,57.00000,3.20251,562.00000
1.35000,3.84900,274.34842,20.00000,1.34715,625.00000
1.22414,6.88333,87.28427,58.00000,3.67902,688.00000
1.48921,9.66117,83.54921,139.00000,6.60296,500.00000
1.48571,6.86406,116.49408,70.00000,3.82426,438.00000
1.42727,8.77896,79.51641,110.00000,3.11254,625.00000
1.31579,6.58179,103.11111,57.00000,3.92598,562.00000
1.36170,5.87500,200.19531,47.00000,3.00000,562.00000
1.25000,6.44981,160.94675,52.00000,2.48069,500.00000
1.00000,4.00000,0.00000,16.00000,3.25000,0.00000
1.15556,6.24038,59.17160,45.00000,3.18953,562.00000
1.02857,5.83333,15.43210,35.00000,3.50000,312.00000
1.68293,4.93582,239.44549,41.00000,2.16695,500.00000
1.35294,7.92629,87.71267,85.00000,4.28952,562.00000
1.48980,5.73502,172.64027,49.00000,2.45786,562.00000
1.97561,4.55556,280.44505,41.00000,2.44444,562.00000
1.03448,5.29465,22.22222,29.00000,3.65148,438.00000
1.60215,7.61886,105.40066,93.00000,4.58770,438.00000
1.18750,3.67065,166.20499,16.00000,2.06474,188.00000
1.38776,5.94212,142.73356,49.00000,2.78916,562.00000
1.16000,4.64238,118.90606,25.00000,2.78543,438.00000
1.25000,7.15542,59.37500,64.00000,2.12426,375.00000
1.34959,9.54665,119.75613,123.00000,5.51067,562.00000
1.17857,4.87417,110.19284,28.00000,1.56670,562.00000
1.08333,3.32820,118.34320,12.00000,1.38675,250.00000
1.32075,6.33471,110.20408,53.00000,3.34664,562.00000
1.59615,5.70774,145.15895,52.00000,3.18316,500.00000
1.46053,7.21360,102.26443,76.00000,4.46104,625.00000
1.26250,7.96030,50.97539,80.00000,3.78114,688.00000
1.38710,4.72746,162.24986,31.00000,3.50747,500.00000
1.30303,7.11696,108.16658,66.00000,3.34282,438.00000
1.32203,6.68043,72.32084,59.00000,5.09525,438.00000
1.71429,3.50000,354.93827,21.00000,1.83333,250.00000
1.43750,8.82684,77.92909,112.00000,2.91601,625.00000
1.14286,5.53399,62.50000,35.00000,2.52982,625.00000
1.27500,5.60112,115.34025,40.00000,3.50070,375.00000
1.55172,6.11374,266.66667,58.00000,2.00278,625.00000
1.24691,8.05980,56.85717,81.00000,4.27866,438.00000
1.55263,4.94718,224.07354,38.00000,1.95283,438.00000
1.35088,6.49575,107.94400,57.00000,3.76070,500.00000
1.14583,6.47232,52.89256,48.00000,4.31488,688.00000
1.38235,7.01366,106.38298,68.00000,2.78484,500.00000
1.27778,6.50084,100.81916,54.00000,3.25042,562.00000
1.30000,7.84465,77.66272,80.00000,3.43203,500.00000
1.33824,7.12834,103.85219,68.00000,5.34625,438.00000
1.30508,6.72367,192.27526,59.00000,4.21654,438.00000
1.26316,6.71751,131.17284,57.00000,5.89256,62.00000
1.47619,6.53280,191.92970,63.00000,4.14781,125.00000
1.33333,5.61249,159.43878,42.00000,3.47440,438.00000
1.44737,5.12392,185.12397,38.00000,3.64068,0.00000
1.23333,4.93197,116.87363,30.00000,2.79478,500.00000
1.24390,5.74115,92.27220,41.00000,2.66053,625.00000
1.39286,7.76580,119.80422,84.00000,4.34515,625.00000
1.33333,7.19375,75.61437,69.00000,3.12772,625.00000
1.33333,5.80948,155.55556,45.00000,1.93649,562.00000
1.71053,4.71332,260.35503,38.00000,2.23263,438.00000
1.29000,8.80451,62.49624,100.00000,4.75443,375.00000
1.28000,4.41942,156.25000,25.00000,2.29810,562.00000
1.54545,6.53497,201.84544,66.00000,3.86158,625.00000
1.13636,4.40000,128.00000,22.00000,3.00000,625.00000
1.22222,5.42720,144.62810,36.00000,1.95982,562.00000
1.64912,5.87910,174.28701,57.00000,2.57855,625.00000
1.48611,6.96050,193.90340,72.00000,4.25364,625.00000
1.17391,4.42635,137.17421,23.00000,2.69430,312.00000
1.23333,4.93197,189.91965,30.00000,1.97279,500.00000
1.18000,6.50945,91.92761,50.00000,3.25472,562.00000
1.21429,5.88118,99.96155,42.00000,2.24045,438.00000
1.34884,5.64618,321.04637,43.00000,3.67658,375.00000
1.30000,7.33799,89.36119,70.00000,4.08831,500.00000
1.24000,6.35001,98.85536,50.00000,3.30200,438.00000
1.23810,5.82435,81.36095,42.00000,2.91218,562.00000
2.00000,4.58258,354.30839,42.00000,2.07307,438.00000
1.28125,4.99756,130.87448,32.00000,1.71791,250.00000
1.22727,5.98764,75.44582,44.00000,2.99382,562.00000
1.44000,5.89256,146.60494,50.00000,2.82843,625.00000
1.17647,6.58407,88.88889,51.00000,2.45289,625.00000
1.41667,5.04101,184.54441,36.00000,2.38048,625.00000
1.46341,5.29308,261.11111,41.00000,2.58199,438.00000
1.06897,5.20855,41.62331,29.00000,2.87368,500.00000
1.54000,5.69803,222.63451,50.00000,2.50713,500.00000
1.24561,6.76466,154.73120,57.00000,6.28994,0.00000
1.55769,5.77778,195.09221,52.00000,2.55556,625.00000
1.21154,9.26506,39.05266,104.00000,4.00892,562.00000
1.26582,7.90000,66.00000,79.00000,4.50000,625.00000
1.20408,6.37926,74.69118,49.00000,2.47359,750.00000
1.65306,5.44444,185.94726,49.00000,1.77778,562.00000
1.28571,5.71548,96.02195,42.00000,3.12990,562.00000
1.20755,6.62500,83.00781,53.00000,2.62500,625.00000
1.31429,5.16047,113.42155,35.00000,2.50651,438.00000
1.21569,6.47701,72.84079,51.00000,3.68300,625.00000
1.39344,6.61638,141.17647,61.00000,3.47089,438.00000
1.14286,5.53399,75.00000,35.00000,2.52982,688.00000
1.44286,6.96526,145.08382,70.00000,2.98511,625.00000
1.29167,4.31053,208.11655,24.00000,2.51447,500.00000
1.57895,4.90578,233.33333,38.00000,2.32379,500.00000
1.46591,7.74797,99.75362,88.00000,2.81744,438.00000
1.46667,4.52267,216.94215,30.00000,1.50756,438.00000
1.19048,5.93970,88.00000,42.00000,2.96985,438.00000
1.15909,6.16123,76.89350,44.00000,4.06081,312.00000
1.28302,9.08943,46.49654,106.00000,7.37444,188.00000
1.33036,9.17540,56.75420,112.00000,5.57078,312.00000
1.17500,5.83460,90.53871,40.00000,3.50076,562.00000
1.22500,5.71429,83.29863,40.00000,3.14286,375.00000
1.36667,4.68521,273.64664,30.00000,2.65495,375.00000
1.45946,5.03506,212.62003,37.00000,2.31341,562.00000
1.36364,5.68038,150.00000,44.00000,4.26028,250.00000
1.24324,5.45535,113.42155,37.00000,3.24372,312.00000
1.00000,4.00000,0.00000,16.00000,2.00000,0.00000
1.07143,7.22957,22.22222,56.00000,3.22749,562.00000
1.34444,8.18182,96.98791,90.00000,4.18182,500.00000
1.20000,5.40062,102.04082,35.00000,1.69734,562.00000
1.80000,3.33333,370.37037,20.00000,2.66667,125.00000
1.42553,5.74196,133.66006,47.00000,3.05424,562.00000
1.39130,5.75000,224.60938,46.00000,2.62500,688.00000
1.31579,3.80000,224.00000,19.00000,1.40000,562.00000
1.15385,6.71317,55.55556,52.00000,4.51848,375.00000
1.19512,8.28325,47.89671,82.00000,4.24264,562.00000
1.37931,4.58530,225.00000,29.00000,2.05548,312.00000
1.30769,4.45896,207.61246,26.00000,2.05798,375.00000
1.44595,7.15385,146.73771,74.00000,3.09356,562.00000
1.24074,6.59715,93.56204,54.00000,4.64244,62.00000
1.74138,5.77122,215.66513,58.00000,2.58710,500.00000
1.34615,6.21519,167.34694,52.00000,3.58569,562.00000
1.52632,3.52821,404.28062,19.00000,2.22834,250.00000
1.38983,6.51546,101.13028,59.00000,3.53381,562.00000
1.18868,6.67737,75.58579,53.00000,3.77964,438.00000
1.38182,6.30893,169.66759,55.00000,2.98240,500.00000
1.33333,4.97494,268.59504,33.00000,2.41209,562.00000
1.73913,5.14296,275.00000,46.00000,1.78885,438.00000
1.09677,5.31646,51.90311,31.00000,2.74398,438.00000
1.12500,4.61880,82.30453,24.00000,2.11695,375.00000
1.15267,10.66063,24.56033,131.00000,7.73099,500.00000
1.06452,5.39641,36.73095,31.00000,4.52602,250.00000
1.00000,4.89898,0.00000,24.00000,2.04124,375.00000
1.33588,9.90267,41.79592,131.00000,5.21591,750.00000
1.34043,5.92144,120.93726,47.00000,2.51976,500.00000
1.25000,4.00000,256.00000,20.00000,2.20000,438.00000
1.50000,6.11010,283.44671,56.00000,2.40040,438.00000
1.48780,5.24951,274.11986,41.00000,2.04859,562.00000
1.18750,6.35776,67.71314,48.00000,2.51661,688.00000
1.26364,9.33008,48.65173,110.00000,7.80334,188.00000
1.40816,5.89891,113.42155,49.00000,3.37080,750.00000
1.38298,5.82963,189.34911,47.00000,1.61245,562.00000
1.35385,6.92902,95.55785,65.00000,3.83761,562.00000
1.07018,7.29810,21.49960,57.00000,3.32896,500.00000
1.68421,5.81754,193.14236,57.00000,2.95980,625.00000
1.29268,5.63178,135.27946,41.00000,2.74721,500.00000
1.50649,7.14927,99.58383,77.00000,3.80675,438.00000
1.22727,5.98764,123.45679,44.00000,4.49073,312.00000
1.12766,6.45595,85.43966,47.00000,4.67026,438.00000
1.32468,7.62414,86.50519,77.00000,3.16847,562.00000
1.07692,4.91354,51.02041,26.00000,2.83473,438.00000
1.34211,5.32106,130.71895,38.00000,2.24045,500.00000
1.34483,4.64372,170.94017,29.00000,2.40192,625.00000
1.30000,6.79366,134.77975,60.00000,2.94392,750.00000
1.04348,6.63953,17.36111,46.00000,4.33013,500.00000
1.25641,5.57143,141.60766,39.00000,2.42857,562.00000
1.31481,9.06316,58.52013,108.00000,4.61550,562.00000
1.51515,8.08332,104.00000,99.00000,4.08248,438.00000
1.27451,6.32577,108.87574,51.00000,2.72876,625.00000
1.18182,4.31455,177.51479,22.00000,4.31455,0.00000
1.12903,5.23996,65.30612,31.00000,2.36643,688.00000
1.19718,7.70103,69.20415,71.00000,3.36242,500.00000
1.57500,5.03953,206.60116,40.00000,2.77174,500.00000
1.53333,4.42326,236.29490,30.00000,2.50651,625.00000
1.11475,7.39734,34.60208,61.00000,4.24437,562.00000
1.37255,6.09567,142.85714,51.00000,3.10759,500.00000
1.14286,6.54790,51.02041,49.00000,4.40981,562.00000
1.19697,7.42558,64.09229,66.00000,3.60028,625.00000
1.15068,7.96495,42.51701,73.00000,5.34634,625.00000
1.78571,4.84974,309.33333,42.00000,2.19393,750.00000
1.35294,6.13968,172.23272,51.00000,2.52810,625.00000
1.03571,5.19947,23.78121,28.00000,1.67126,625.00000
1.43182,5.54348,226.75737,44.00000,3.40168,438.00000
1.38182,6.30893,180.05540,55.00000,4.01478,562.00000
1.33913,9.26696,62.40513,115.00000,5.47960,562.00000
1.15789,5.72872,92.97521,38.00000,2.86436,562.00000
1.29412,5.12569,175.61983,34.00000,3.01511,562.00000
1.43396,6.07952,166.20499,53.00000,2.17945,688.00000
1.63793,5.95067,163.98892,58.00000,3.18053,688.00000
1.86842,4.50977,234.08054,38.00000,1.89885,562.00000
1.13793,5.04825,73.46189,29.00000,1.91485,625.00000
1.18644,7.05185,57.14286,59.00000,3.94425,562.00000
1.24444,6.01338,82.90816,45.00000,3.34077,625.00000
1.26667,7.69484,50.96953,75.00000,3.69352,562.00000
1.11364,6.28571,49.97918,44.00000,3.85714,500.00000
1.24074,6.59715,151.48140,54.00000,2.68773,500.00000
1.11594,7.86328,30.35925,69.00000,3.76070,562.00000
1.40741,6.19422,166.20499,54.00000,3.21182,438.00000
1.20833,6.30271,65.39834,48.00000,2.88874,562.00000
1.34906,8.86417,60.63866,106.00000,6.52269,438.00000
1.05660,7.08242,19.13265,53.00000,3.87529,312.00000
1.35211,7.24641,99.82639,71.00000,2.75568,562.00000
1.57500,7.12697,165.02897,80.00000,5.07796,250.00000
1.05714,5.75396,29.21841,35.00000,2.30159,812.00000
1.38298,5.82963,146.74556,47.00000,2.23263,625.00000
1.23729,6.90543,90.07318,59.00000,3.39419,625.00000
1.41304,5.70560,175.14793,46.00000,1.86052,625.00000
1.19118,7.55556,48.77305,68.00000,3.77778,688.00000
1.29268,5.63178,113.91954,41.00000,2.33513,562.00000
1.25000,4.73286,130.61224,28.00000,2.87352,625.00000
1.00000,4.89898,0.00000,24.00000,3.87836,0.00000
1.63265,5.47837,181.25000,49.00000,2.57148,500.00000
1.16667,8.78310,30.83900,90.00000,4.39155,438.00000
1.36364,5.68038,150.00000,44.00000,4.51848,500.00000
1.25000,4.73286,114.28571,28.00000,1.85934,438.00000
1.33333,5.61249,376.27551,42.00000,4.00892,312.00000
1.19444,5.48995,86.53326,36.00000,2.43998,438.00000
1.16129,5.16667,77.16049,31.00000,1.83333,438.00000
1.28571,4.04145,219.47874,21.00000,1.92450,688.00000
1.65333,6.73520,195.10926,75.00000,4.22072,375.00000
1.30000,4.80384,170.94017,30.00000,2.24179,500.00000
1.11628,6.20652,43.40278,43.00000,3.03109,875.00000
1.32308,9.91241,48.67496,130.00000,5.94744,562.00000
1.16854,8.72717,51.77515,89.00000,5.29514,500.00000
1.57143,4.71940,244.62810,35.00000,2.29228,562.00000
1.37736,6.20318,168.88722,53.00000,3.62828,688.00000
1.28090,8.33561,61.55740,89.00000,3.74634,438.00000
1.36364,6.95701,86.41975,66.00000,3.16228,500.00000
1.29310,6.69726,117.33333,58.00000,4.04145,500.00000
1.33333,4.97494,185.95041,33.00000,1.65831,438.00000
1.27692,7.13468,133.54623,65.00000,5.04916,625.00000
1.66071,5.80693,212.74136,56.00000,3.11086,438.00000
1.39623,6.16112,131.48283,53.00000,2.20871,625.00000
1.00000,4.47214,0.00000,20.00000,3.13050,312.00000
1.25000,6.19677,88.88889,48.00000,3.22749,562.00000
1.43137,5.96910,176.39332,51.00000,3.27715,625.00000
1.07143,6.26099,29.62963,42.00000,3.27957,688.00000
1.61250,7.04361,110.57028,80.00000,2.46526,562.00000
1.74286,4.48129,317.11905,35.00000,1.53644,500.00000
1.63333,6.06092,239.48355,60.00000,2.52538,625.00000
1.66129,6.10904,152.70054,62.00000,2.95599,438.00000
1.13462,6.76982,45.96380,52.00000,3.25472,562.00000
1.00000,4.69042,0.00000,22.00000,2.34521,625.00000
1.19231,4.66974,104.05827,26.00000,1.97566,500.00000
1.15217,6.31859,49.83980,46.00000,3.43401,562.00000
1.13158,5.79495,64.89995,38.00000,2.89747,875.00000
1.66667,4.44972,238.01653,33.00000,2.56196,688.00000
1.46875,4.66768,217.29289,32.00000,2.47970,500.00000
1.23810,5.82435,96.15385,42.00000,2.91218,500.00000
1.39024,7.68000,135.42629,82.00000,4.21464,500.00000
1.32000,4.35194,202.02020,25.00000,2.43709,438.00000
1.63158,4.82600,249.73985,38.00000,2.28600,438.00000
1.29167,7.46605,104.05827,72.00000,3.31825,562.00000
1.28155,8.96500,104.45363,103.00000,4.17786,562.00000
1.24000,6.35001,176.89906,50.00000,3.42900,375.00000
1.64444,5.23114,215.48576,45.00000,1.85996,750.00000
1.11765,6.75512,36.93444,51.00000,4.50341,375.00000
1.20000,5.00000,108.02469,30.00000,2.00000,438.00000
1.38571,7.10742,93.52747,70.00000,3.85832,562.00000
1.29167,6.09601,83.24662,48.00000,2.41300,438.00000
1.21918,7.73798,53.02361,73.00000,3.81599,500.00000
1.48052,7.21171,96.95291,77.00000,2.90342,562.00000
1.22581,5.02886,110.80332,31.00000,2.75776,500.00000
1.16923,7.45601,45.01385,65.00000,3.67065,750.00000
1.57895,4.90578,216.66667,38.00000,2.32379,562.00000
1.58333,3.89331,290.85873,24.00000,1.29777,438.00000
1.02273,6.55913,9.87654,44.00000,4.32306,562.00000
1.36364,4.91935,148.14815,33.00000,3.57771,500.00000
1.35714,6.42364,117.72853,56.00000,3.21182,625.00000
1.04545,4.58732,37.80718,22.00000,2.08514,438.00000
1.43396,6.07952,141.96676,53.00000,2.06474,875.00000
1.08511,6.58132,38.44675,47.00000,4.20084,500.00000
1.50000,6.53197,154.07986,64.00000,4.18454,312.00000
1.34483,6.56721,105.19395,58.00000,2.71746,375.00000
1.47500,5.20756,275.78282,40.00000,2.73397,438.00000
1.23077,5.62917,86.80556,39.00000,2.88675,750.00000
1.25000,5.05964,150.00000,32.00000,2.68794,562.00000
1.53448,6.14799,131.29655,58.00000,2.86199,500.00000
1.38182,6.30893,124.65374,55.00000,2.75299,750.00000
1.14925,7.63536,37.10575,67.00000,3.98862,625.00000
1.18519,4.77297,97.65625,27.00000,1.76777,562.00000
1.29487,7.76129,84.30546,78.00000,3.48263,625.00000
1.12903,5.23996,114.28571,31.00000,2.36643,438.00000
1.14286,6.06218,52.08333,42.00000,3.31976,562.00000
1.23077,4.59619,117.18750,26.00000,1.94454,500.00000
1.38235,4.95941,162.96967,34.00000,2.18797,688.00000
1.23529,6.42540,80.62484,51.00000,3.90563,688.00000
1.32000,4.35194,183.65473,25.00000,2.61116,375.00000
1.61905,3.60147,346.02076,21.00000,2.22948,562.00000
1.09375,5.40899,48.97959,32.00000,3.71868,562.00000
1.21951,5.79828,80.00000,41.00000,2.40416,500.00000
1.43038,7.43169,101.80907,79.00000,4.04510,750.00000
1.30435,5.93857,105.55556,46.00000,2.58199,562.00000
1.10769,7.66032,27.00617,65.00000,3.77124,750.00000
1.28125,4.99756,226.05592,32.00000,1.71791,500.00000
1.54902,5.73795,198.68611,51.00000,3.15025,438.00000
1.16000,6.56532,71.34364,50.00000,4.33311,562.00000
1.26923,4.52602,165.28926,26.00000,2.95932,438.00000
1.55932,6.15118,132.32514,59.00000,2.60643,562.00000
1.33824,7.12834,74.87018,68.00000,3.35451,500.00000
1.44118,4.85714,166.59725,34.00000,2.28571,562.00000
1.44737,5.12392,224.79339,38.00000,2.15744,562.00000
1.07018,7.29810,21.49960,57.00000,3.07289,562.00000
1.35294,6.13968,92.41756,51.00000,2.76887,750.00000
1.51948,7.11865,105.19395,77.00000,3.79045,625.00000
1.65854,4.97198,255.19031,41.00000,1.69775,625.00000
1.19149,6.28064,76.53061,47.00000,2.80624,688.00000
1.41818,6.22752,141.35437,55.00000,4.98202,375.00000
1.39252,8.76578,59.45678,107.00000,4.26001,625.00000
1.29268,5.63178,106.79957,41.00000,2.74721,375.00000
1.22222,6.06780,85.95041,45.00000,4.04520,375.00000
1.47059,7.60263,113.92000,85.00000,4.20381,562.00000
1.21053,3.96177,151.22873,19.00000,2.71069,375.00000
1.71795,6.73817,142.57073,78.00000,3.54186,500.00000
1.41071,6.30049,157.02612,56.00000,4.83788,250.00000
1.48438,6.56626,128.53186,64.00000,3.69352,562.00000
1.23729,6.90543,82.56709,59.00000,4.09644,438.00000
1.20690,6.93233,81.63265,58.00000,4.54187,750.00000
1.18182,7.47303,52.59698,66.00000,4.86879,438.00000
1.25806,4.96397,131.49244,31.00000,2.40192,562.00000
1.45098,5.92863,127.83053,51.00000,2.20871,438.00000
1.30081,9.72400,78.90625,123.00000,7.03607,562.00000
1.12121,7.67234,32.87071,66.00000,4.18491,688.00000
1.16667,7.52140,43.85225,66.00000,3.64674,625.00000
1.41176,6.01041,138.88889,51.00000,3.06413,688.00000
1.37705,9.41250,120.46485,122.00000,5.47777,562.00000
1.16854,8.72717,35.13314,89.00000,4.90290,375.00000
1.26154,7.17805,83.28376,65.00000,3.97553,562.00000
1.36364,7.51443,235.82766,77.00000,5.46504,438.00000
1.46667,4.52267,371.90083,30.00000,1.50756,438.00000
1.24419,8.31393,45.41881,86.00000,4.64034,562.00000
1.18367,6.43402,77.28894,49.00000,2.10090,750.00000
1.35955,8.09091,77.86353,89.00000,4.36364,562.00000
1.74074,3.93835,398.37030,27.00000,1.45865,312.00000
1.81818,3.47851,412.50000,22.00000,1.89737,438.00000
1.18605,6.02120,76.89350,43.00000,2.94059,562.00000
1.15000,5.89768,56.71078,40.00000,3.09628,625.00000
1.23214,6.74161,79.81516,56.00000,3.49119,562.00000
1.52800,9.04468,84.42751,125.00000,4.12438,875.00000
1.37681,7.07925,113.01939,69.00000,3.28313,688.00000
1.72500,4.81543,327.66226,40.00000,2.64849,312.00000
1.13333,6.30126,61.51480,45.00000,2.10042,750.00000
1.23256,5.90650,78.31969,43.00000,3.02193,562.00000
1.65116,5.10316,234.08054,43.00000,1.78017,562.00000
1.27273,5.09201,215.41950,33.00000,2.93176,312.00000
1.32075,6.33471,97.95918,53.00000,3.46616,562.00000
1.15385,4.74693,155.55556,26.00000,2.73861,500.00000
1.23171,8.15930,47.05421,82.00000,4.17916,375.00000
1.71429,4.04145,416.66667,28.00000,1.73205,562.00000
1.20290,7.57373,58.06358,69.00000,3.51246,562.00000
1.40909,5.58801,182.10198,44.00000,3.17500,562.00000
1.20930,5.96303,81.36095,43.00000,3.18953,562.00000
1.32000,6.15457,105.60147,50.00000,3.69274,562.00000
1.26786,6.64598,67.44694,56.00000,2.96695,625.00000
1.04545,4.58732,37.80718,22.00000,2.71069,438.00000
1.41935,4.67343,196.28099,31.00000,1.80907,688.00000
1.39535,5.55128,144.44444,43.00000,2.84019,625.00000
1.51899,7.21168,95.83333,79.00000,3.10376,625.00000
1.20455,6.04386,71.19972,44.00000,2.88457,500.00000
1.34783,9.23702,57.44017,115.00000,4.49803,438.00000
1.34783,4.13092,249.73985,23.00000,1.97566,312.00000
1.63415,5.00895,236.13277,41.00000,2.44339,562.00000
1.10256,5.94744,43.26663,39.00000,3.65997,250.00000
1.32308,7.00913,105.46241,65.00000,3.01932,562.00000
1.60870,3.78118,511.32213,23.00000,2.46598,312.00000
1.59091,3.71868,359.18367,22.00000,2.19740,250.00000
1.20000,5.40062,90.70295,35.00000,1.54303,500.00000
1.49315,6.99213,124.56864,73.00000,4.59757,625.00000
1.45000,5.25226,184.30440,40.00000,1.44437,750.00000
1.25000,8.00000,70.00000,80.00000,3.60000,562.00000
1.13043,4.51067,88.75740,23.00000,1.76505,250.00000
1.14286,5.53399,62.50000,35.00000,3.00416,375.00000
1.29114,7.82217,63.43714,79.00000,4.55468,562.00000
1.08333,5.76461,39.44773,36.00000,2.24179,562.00000
1.87931,5.55539,265.97088,58.00000,3.83131,312.00000
1.12903,5.23996,65.30612,31.00000,2.53546,562.00000
1.39683,6.71582,82.64463,63.00000,2.87821,875.00000
1.24490,6.27381,112.87288,49.00000,4.86540,375.00000
1.28358,7.22480,67.60411,67.00000,2.91148,562.00000
1.05714,5.75396,29.21841,35.00000,2.79478,562.00000
1.46154,7.30537,152.35457,78.00000,3.84000,812.00000
1.45055,7.92053,72.31405,91.00000,5.13529,250.00000
1.64634,7.05744,215.08916,82.00000,3.52872,562.00000
1.64062,6.24576,145.12472,64.00000,2.73252,375.00000
1.33803,7.28445,97.50693,71.00000,2.66754,562.00000
1.69231,6.78903,128.55831,78.00000,2.26301,438.00000
1.38776,5.94212,138.40830,49.00000,2.66789,438.00000
1.32692,6.26006,130.22474,52.00000,2.52810,438.00000
1.28571,6.17342,95.74200,49.00000,2.89773,625.00000
1.24000,4.49013,187.30489,25.00000,2.33487,375.00000
1.21429,3.39550,276.81661,14.00000,1.69775,188.00000
1.15000,5.89768,66.16257,40.00000,3.83349,312.00000
1.34615,6.21519,122.44898,52.00000,2.39046,750.00000
1.46000,5.85206,266.46650,50.00000,4.79869,312.00000
1.33333,4.50000,185.18519,27.00000,2.16667,562.00000
1.28261,5.98869,137.89141,46.00000,4.16605,375.00000
1.81818,4.91935,271.87500,44.00000,1.78885,625.00000
1.70175,5.78747,252.94930,57.00000,2.33530,625.00000
1.90476,3.32039,425.00000,21.00000,1.73925,375.00000
1.31169,7.66179,96.06901,77.00000,3.38313,500.00000
1.13158,5.79495,64.89995,38.00000,2.74497,500.00000
1.21739,6.14701,133.92857,46.00000,3.20713,500.00000
1.41667,4.11597,432.52595,24.00000,2.91548,62.00000
1.25000,6.44981,94.67456,52.00000,3.96911,375.00000
1.16000,4.64238,118.90606,25.00000,3.89960,250.00000
1.45349,7.69207,102.40000,86.00000,4.47214,562.00000
1.65854,4.97198,475.77855,41.00000,1.94029,562.00000
1.32759,6.60971,118.06375,58.00000,3.30486,562.00000
1.47917,5.69655,138.86134,48.00000,2.25489,625.00000
1.25000,5.93296,112.39669,44.00000,2.96648,500.00000
1.70370,3.98093,349.71645,27.00000,2.65396,625.00000
1.21429,4.80196,155.70934,28.00000,3.08697,375.00000
1.69231,7.83929,131.71488,104.00000,4.52267,625.00000
1.51515,4.66690,248.00000,33.00000,1.41421,750.00000
1.33333,7.34847,86.80556,72.00000,3.47011,438.00000
1.30357,6.55430,82.56709,56.00000,2.80899,562.00000
1.24691,8.05980,78.42368,81.00000,2.38809,625.00000
1.16949,7.10277,50.40958,59.00000,2.88926,750.00000
1.11429,5.60449,65.74622,35.00000,4.16333,500.00000
1.35417,8.41976,78.10651,96.00000,3.94676,750.00000
1.20339,7.00201,71.41440,59.00000,3.08563,562.00000
1.32143,4.60317,175.31045,28.00000,2.30159,500.00000
1.45714,4.90098,292.19531,35.00000,2.24045,562.00000
1.50746,6.66675,237.23164,67.00000,4.97519,125.00000
1.21818,6.71932,111.38338,55.00000,3.05424,812.00000
1.09677,5.31646,51.90311,31.00000,3.08697,250.00000
1.25455,6.62122,121.82315,55.00000,2.76887,625.00000
1.25316,7.93980,69.38068,79.00000,3.61814,500.00000
1.15789,5.72872,82.64463,38.00000,1.95982,438.00000
1.72727,2.52357,831.02493,11.00000,0.68825,438.00000
1.27586,4.76757,146.09204,29.00000,2.13719,500.00000
1.70000,4.20084,276.81661,30.00000,2.80056,375.00000
1.29630,6.45423,97.95918,54.00000,3.34664,750.00000
1.62857,4.63586,221.60665,35.00000,2.51661,562.00000
1.36735,5.98630,138.11539,49.00000,3.42074,500.00000
1.20000,6.12372,75.44582,45.00000,3.26599,688.00000
1.20202,9.07532,36.72057,99.00000,4.12514,562.00000
1.26786,6.64598,83.31680,56.00000,4.27241,562.00000
1.34783,4.13092,187.30489,23.00000,1.61645,500.00000
1.34043,5.92144,131.01537,47.00000,3.77964,625.00000
1.47059,4.80833,208.00000,34.00000,2.26274,562.00000
1.41935,4.67343,206.61157,31.00000,1.65831,500.00000
1.50562,7.68843,121.40789,89.00000,3.36909,562.00000
1.40678,6.47609,226.44796,59.00000,4.93939,375.00000
1.05882,5.66667,30.86420,34.00000,2.66667,500.00000
1.24444,6.01338,82.90816,45.00000,2.93987,562.00000
1.17857,4.87417,110.19284,28.00000,2.95932,375.00000
1.22727,5.98764,89.16324,44.00000,2.04124,875.00000
1.09091,5.50000,92.59259,33.00000,2.66667,438.00000
1.27778,6.50084,113.42155,54.00000,3.13003,500.00000
1.20192,9.30204,49.92000,104.00000,4.11437,688.00000
1.73529,6.25991,172.36426,68.00000,2.66967,500.00000
1.53333,4.42326,226.84310,30.00000,2.50651,438.00000
1.75556,7.16002,216.31149,90.00000,3.81867,562.00000
1.58824,5.66667,204.23716,51.00000,3.22222,438.00000
1.55696,7.12319,100.46930,79.00000,3.42634,625.00000
1.10714,5.02895,62.43496,28.00000,2.69408,438.00000
1.26190,5.76914,149.51940,42.00000,2.33513,562.00000
1.33333,5.19615,147.56944,36.00000,2.16506,250.00000
1.35849,6.24611,111.88272,53.00000,2.23917,500.00000
1.45946,7.12065,121.74211,74.00000,4.42635,188.00000
1.22222,6.64694,114.78421,54.00000,2.95420,688.00000
1.15625,7.43985,58.43682,64.00000,4.64991,312.00000
1.25806,7.02012,55.88429,62.00000,3.96297,688.00000
1.76364,5.58440,250.82368,55.00000,2.63990,688.00000
1.49315,6.99213,132.98544,73.00000,2.77770,750.00000
1.24138,6.83537,111.88272,58.00000,3.06413,688.00000
1.21429,6.79100,64.87889,56.00000,3.88057,750.00000
1.36538,6.17126,119.02400,52.00000,2.72960,562.00000
1.15385,4.74693,111.11111,26.00000,3.46891,375.00000
1.16667,6.00000,66.63890,42.00000,2.85714,688.00000
1.14737,9.09935,31.98384,95.00000,7.66261,375.00000
1.18478,8.81200,31.98384,92.00000,4.88491,625.00000
1.27500,5.60112,115.34025,40.00000,2.52050,562.00000
1.22222,6.64694,133.14968,54.00000,4.30820,562.00000
1.34211,5.32106,222.99116,38.00000,3.22064,375.00000
3.53191,3.64791,160.40064,47.00000,0.93138,0.00000
1.61333,6.81818,193.97582,75.00000,2.45455,812.00000
1.16129,5.16667,77.16049,31.00000,2.50000,562.00000
1.14545,6.92935,45.35147,55.00000,4.78755,375.00000
1.49254,6.70000,200.00000,67.00000,4.00000,500.00000
1.25532,6.11888,74.69118,47.00000,3.38491,562.00000
1.28000,4.41942,136.71875,25.00000,2.82843,375.00000
1.50725,6.76601,269.97041,69.00000,3.33397,562.00000
1.25000,4.73286,130.61224,28.00000,2.19740,375.00000
1.29032,4.90153,125.00000,31.00000,4.42719,312.00000
1.20000,4.08248,138.88889,20.00000,2.44949,562.00000
1.28261,5.98869,86.18213,46.00000,3.64529,500.00000
1.36585,7.74827,89.28571,82.00000,3.40168,562.00000
1.06977,6.34000,28.35539,43.00000,2.50651,438.00000
1.73171,4.86580,337.23468,41.00000,2.25489,500.00000
1.29851,7.18315,79.27071,67.00000,3.10913,500.00000
1.19608,6.52988,69.87369,51.00000,4.48129,562.00000
1.35484,4.78340,181.40590,31.00000,2.31455,375.00000
1.35294,7.08949,108.69565,68.00000,6.04692,0.00000
1.34615,4.39480,326.53061,26.00000,1.35225,438.00000
1.25926,6.54846,69.20415,54.00000,3.15296,562.00000
1.23881,7.35421,52.25722,67.00000,6.03703,0.00000
1.28571,8.08290,63.44307,84.00000,5.00370,375.00000
1.50980,5.81199,145.04976,51.00000,2.27921,438.00000
1.53333,6.99379,107.37240,75.00000,2.70426,625.00000
1.14706,5.44436,92.04471,34.00000,2.08167,500.00000
1.39326,7.99244,88.44953,89.00000,4.40033,562.00000
1.36957,8.19601,74.32603,92.00000,4.54344,562.00000
1.12000,6.68153,57.39796,50.00000,3.60803,438.00000
1.10714,5.02895,83.24662,28.00000,3.05329,562.00000
1.25641,7.87919,64.55643,78.00000,2.82843,812.00000
1.30233,5.74612,108.41837,43.00000,2.40535,562.00000
1.43939,6.77146,146.26039,66.00000,3.69352,500.00000
1.39024,5.43058,203.13943,41.00000,3.04642,438.00000
1.40000,5.34522,153.06122,40.00000,2.40535,562.00000
1.39706,6.97665,203.87812,68.00000,5.74548,0.00000
1.41250,7.52577,123.73718,80.00000,3.48067,625.00000
1.50000,4.47214,237.03704,30.00000,1.34164,438.00000
1.25641,5.57143,116.61808,39.00000,2.28571,500.00000
1.26923,4.52602,202.02020,26.00000,2.08893,438.00000
1.36364,4.91935,167.90123,33.00000,1.49071,562.00000
1.40541,7.25630,114.64497,74.00000,4.02038,438.00000
1.22414,6.88333,59.51200,58.00000,4.03506,375.00000
1.34146,5.52844,132.23140,41.00000,2.42712,625.00000
1.27143,7.41999,73.22308,70.00000,4.13399,750.00000
1.27778,5.30791,217.39130,36.00000,3.98093,125.00000
1.19118,7.55556,48.77305,68.00000,3.77778,750.00000
1.25641,5.57143,116.61808,39.00000,3.00000,438.00000
1.10000,5.22233,55.09642,30.00000,3.30748,562.00000
1.76744,4.93244,211.21884,43.00000,2.63828,562.00000
1.33784,7.43728,91.82736,74.00000,3.11562,500.00000
1.06667,6.49519,34.72222,45.00000,4.04145,562.00000
1.23333,6.97486,84.00292,60.00000,2.55745,938.00000
1.02273,6.55913,9.87654,44.00000,5.06842,250.00000
1.19626,9.45755,46.38672,107.00000,4.15425,750.00000
1.43478,5.66221,188.24610,46.00000,2.58492,500.00000
1.22581,5.02886,110.80332,31.00000,2.27110,625.00000
1.34483,8.04315,83.27854,87.00000,4.53005,625.00000
1.53571,6.03864,146.02488,56.00000,3.55848,438.00000
1.14286,4.94975,78.12500,28.00000,3.00520,250.00000
1.33333,6.00000,161.13281,48.00000,4.12500,375.00000
1.53846,5.03488,227.77778,39.00000,1.29099,438.00000
1.67442,5.06760,243.05556,43.00000,2.35702,562.00000
1.34021,8.50746,62.72189,97.00000,4.20988,812.00000
1.27419,6.97554,108.95690,62.00000,3.37526,625.00000
1.00000,1.41421,0.00000,2.00000,1.41421,0.00000
1.10000,7.38549,32.13958,60.00000,6.52385,250.00000
1.12500,8.00000,36.57979,72.00000,5.44444,562.00000
1.38182,6.30893,124.65374,55.00000,2.40887,625.00000
1.00000,5.38516,0.00000,29.00000,5.01377,312.00000
1.42424,6.80738,142.59846,66.00000,3.30055,438.00000
1.68333,5.97022,207.82276,60.00000,3.48263,375.00000
1.11538,4.82808,71.34364,26.00000,2.59973,438.00000
1.30435,5.93857,122.22222,46.00000,2.32379,688.00000
1.25806,4.96397,157.79093,31.00000,2.40192,438.00000
1.12308,7.60767,30.02439,65.00000,2.92603,625.00000
1.39344,6.61638,99.65398,61.00000,4.12168,625.00000
1.46154,4.21776,498.61496,26.00000,2.91999,250.00000
1.24638,7.44046,73.01244,69.00000,3.55848,500.00000
1.23913,6.09285,86.18036,46.00000,2.51661,562.00000
1.39655,6.44444,112.78768,58.00000,2.11111,500.00000
1.26786,6.64598,115.05654,56.00000,2.84828,688.00000
1.11364,6.28571,41.64931,44.00000,3.71429,562.00000
1.40909,7.90263,91.05099,88.00000,3.68191,562.00000
1.36066,6.69562,89.99855,61.00000,3.18316,438.00000
1.25000,4.00000,256.00000,20.00000,2.00000,375.00000
1.16279,6.08112,56.00000,43.00000,3.53553,562.00000
1.15152,5.35331,83.10249,33.00000,2.27110,500.00000
1.30769,7.72315,76.89350,78.00000,3.36650,562.00000
1.35065,7.55047,105.39941,77.00000,3.53009,812.00000
1.16981,6.73101,52.02914,53.00000,3.30200,625.00000
1.16000,4.64238,118.90606,25.00000,2.04265,312.00000
1.31818,5.77748,118.90606,44.00000,3.02005,438.00000
1.83824,6.08210,217.60000,68.00000,2.68328,625.00000
1.26667,5.96040,116.95906,45.00000,3.04642,375.00000
1.33333,6.70820,181.25000,60.00000,2.45967,625.00000
1.21053,7.92355,44.89603,76.00000,2.60643,750.00000
1.59259,7.13165,109.36843,81.00000,2.46526,625.00000
1.11111,4.02492,100.00000,18.00000,2.01246,312.00000
1.13725,6.69663,53.50773,51.00000,2.88874,500.00000
1.54545,5.96559,310.03460,55.00000,3.14549,500.00000
1.50980,5.81199,377.80401,51.00000,3.19090,438.00000
1.28571,6.17342,115.89821,49.00000,2.77174,562.00000
1.52439,7.33430,166.40000,82.00000,4.29325,500.00000
1.34783,5.84201,88.44953,46.00000,2.41300,562.00000
1.19355,5.09637,116.87363,31.00000,2.46598,500.00000
1.03030,5.65945,17.30104,33.00000,3.08697,750.00000
1.26154,7.17805,59.48840,65.00000,4.74856,562.00000
1.78947,4.60818,506.05536,38.00000,1.94029,562.00000
1.55556,6.80336,148.27806,72.00000,4.63006,500.00000
1.27586,4.76757,146.09204,29.00000,3.28798,500.00000
1.26786,6.64598,71.41440,56.00000,3.32299,562.00000
1.20930,5.96303,73.96450,43.00000,3.18953,562.00000
1.14286,6.06218,60.76389,42.00000,2.74241,688.00000
1.20930,5.96303,96.15385,43.00000,3.05085,688.00000
1.30000,6.20174,175.14793,50.00000,2.72876,312.00000
1.33333,3.67423,243.05556,18.00000,2.85774,250.00000
1.22581,5.02886,180.05540,31.00000,2.10888,438.00000
1.33803,7.28445,117.45152,71.00000,2.77014,562.00000
1.07143,3.61478,88.88889,14.00000,2.84019,562.00000
1.51786,6.07405,304.49827,56.00000,5.53173,125.00000
1.13043,4.51067,88.75740,23.00000,1.76505,500.00000
1.38462,4.33333,246.91358,26.00000,1.66667,500.00000
1.22857,5.33745,129.79989,35.00000,3.96496,375.00000
1.62745,5.59798,200.31935,51.00000,3.18316,438.00000
1.33929,6.46632,110.22222,56.00000,3.11769,688.00000
1.17647,3.80132,200.00000,17.00000,1.78885,500.00000
1.17857,4.87417,91.82736,28.00000,2.61116,562.00000
1.13333,5.14496,86.50519,30.00000,1.54349,438.00000
1.23810,4.11844,236.68639,21.00000,1.56893,375.00000
1.32727,6.43726,116.34453,55.00000,2.57491,562.00000
1.23077,6.50000,83.00781,52.00000,3.62500,625.00000
1.17857,4.87417,110.19284,28.00000,2.78524,625.00000
1.14706,5.44436,105.19395,34.00000,2.40192,500.00000
1.53125,6.46498,291.54519,64.00000,3.13147,562.00000
1.71111,5.12823,391.29701,45.00000,2.96297,625.00000
1.35417,5.95367,118.34320,48.00000,2.10859,688.00000
1.68966,5.85888,237.40108,58.00000,2.92944,438.00000
1.10526,5.86353,45.35147,38.00000,2.77746,375.00000
1.60656,6.16193,179.09204,61.00000,3.33350,562.00000
1.08571,5.67775,55.40166,35.00000,3.73109,438.00000
1.23077,6.50000,107.42188,52.00000,3.62500,812.00000
1.27083,6.14577,80.62349,48.00000,2.68877,500.00000
1.16667,4.53557,127.55102,24.00000,2.83473,500.00000
1.37037,4.43877,160.70124,27.00000,1.64399,625.00000
1.18182,4.31455,147.92899,22.00000,1.76505,562.00000
1.28571,5.71548,96.02195,42.00000,3.12990,562.00000
1.17021,6.33748,59.50413,47.00000,3.23616,625.00000
1.48780,7.42393,138.40365,82.00000,4.07411,312.00000
1.29787,6.01773,112.87288,47.00000,1.92055,750.00000
1.20833,6.30271,71.34364,48.00000,3.80789,500.00000
1.40323,6.64710,147.97199,62.00000,3.96682,312.00000
1.29630,6.45423,118.36735,54.00000,3.34664,438.00000
1.35897,5.35706,128.15949,39.00000,3.02193,562.00000
1.25000,4.00000,256.00000,20.00000,2.00000,375.00000
1.13158,5.79495,54.08329,38.00000,2.59248,562.00000
1.12500,4.61880,109.73937,24.00000,2.11695,500.00000
1.41270,6.67799,121.19682,63.00000,3.28599,562.00000
1.45946,5.03506,253.77229,37.00000,1.76908,438.00000
1.11765,3.90007,110.80332,17.00000,1.60591,250.00000
1.25581,5.85156,157.75034,43.00000,2.99382,250.00000
1.45614,6.25656,206.12571,57.00000,3.95151,438.00000
1.26829,5.68568,96.15385,41.00000,3.18953,812.00000
1.38182,6.30893,221.60665,55.00000,2.63828,500.00000
1.40000,7.55929,78.12500,80.00000,4.53557,500.00000
1.09091,5.50000,61.72840,33.00000,2.66667,500.00000
2.00000,3.24037,736.96145,21.00000,1.38873,250.00000
1.32500,5.49442,142.39943,40.00000,3.15929,438.00000
1.56000,4.00320,328.73110,25.00000,2.56205,250.00000
1.46667,3.19801,413.22314,15.00000,1.70561,0.00000
1.91935,5.68353,240.09604,62.00000,2.47509,750.00000
1.47368,5.07796,223.21429,38.00000,2.53898,438.00000
1.58333,6.15587,148.47645,60.00000,2.35975,500.00000
1.08000,4.81125,54.86968,25.00000,3.27165,562.00000
1.19643,6.84149,66.83003,56.00000,5.00895,250.00000
1.01053,9.69590,2.17014,95.00000,7.55259,62.00000
1.05000,4.36436,45.35147,20.00000,1.74574,500.00000
1.15000,4.17029,113.42155,20.00000,2.08514,500.00000
1.57500,5.03953,236.83547,40.00000,2.26779,562.00000
1.41176,6.01041,200.61728,51.00000,3.41768,812.00000
1.36538,6.17126,202.34081,52.00000,2.84828,562.00000
1.30556,9.09524,54.32322,108.00000,4.96870,562.00000
1.34694,6.03148,114.78421,49.00000,3.07729,562.00000
1.33803,7.28445,126.31579,71.00000,3.59092,562.00000
1.67647,4.50341,233.91813,34.00000,2.38416,562.00000
1.24138,4.83333,154.32099,29.00000,3.33333,375.00000
1.80645,4.14255,420.91837,31.00000,2.13809,500.00000
1.46000,5.85206,153.87502,50.00000,2.10674,625.00000
1.65217,6.46244,158.51031,69.00000,2.90342,562.00000
1.23810,4.11844,236.68639,21.00000,1.76505,375.00000
1.53333,7.66131,141.77694,90.00000,3.91578,438.00000
1.20690,6.93233,65.30612,58.00000,3.34664,438.00000
1.38824,7.82488,70.38207,85.00000,3.77436,562.00000
1.18605,6.02120,115.34025,43.00000,3.36067,438.00000
1.73585,5.52563,167.76938,53.00000,2.50217,625.00000
1.47619,6.53280,166.49324,63.00000,3.42194,562.00000
1.12857,7.87562,35.25076,70.00000,3.82530,562.00000
1.32258,6.84675,98.15586,62.00000,2.76079,1000.00000
1.12500,4.61880,109.73937,24.00000,2.11695,500.00000
1.18367,6.43402,65.39834,49.00000,3.02005,438.00000
1.28571,7.37865,61.72840,70.00000,2.95146,250.00000
1.29710,10.31460,38.70042,138.00000,5.60576,688.00000
1.13636,4.40000,96.00000,22.00000,3.80000,312.00000
1.70588,3.15682,570.74911,17.00000,2.04265,438.00000
1.34783,5.84201,119.66701,46.00000,3.04800,625.00000
1.39286,4.48359,276.13412,28.00000,3.04243,375.00000
1.28846,6.35281,133.66006,52.00000,3.17641,562.00000
1.69388,5.37845,290.31790,49.00000,2.74411,438.00000
1.44615,6.70424,99.59258,65.00000,3.71312,250.00000
1.22857,5.33745,118.98323,35.00000,3.35497,500.00000
1.28205,5.51543,176.00000,39.00000,3.25269,500.00000
1.88235,5.20517,455.72917,51.00000,2.55155,562.00000
1.12903,5.23996,114.28571,31.00000,2.19740,562.00000
1.02632,6.08487,13.14924,38.00000,3.04243,250.00000
1.33333,6.00000,170.89844,48.00000,2.00000,625.00000
1.15385,5.81378,69.13580,39.00000,2.68328,438.00000
1.24000,4.49013,145.68158,25.00000,2.33487,438.00000
1.18367,6.43402,59.45303,49.00000,2.88874,562.00000
1.26984,7.04361,81.25000,63.00000,4.36033,562.00000
1.17857,6.89312,50.50505,56.00000,2.95420,500.00000
1.41176,6.01041,131.17284,51.00000,2.35702,562.00000
1.12500,4.61880,82.30453,24.00000,2.50185,438.00000
1.30882,7.20799,80.79788,68.00000,3.70999,1000.00000
1.62903,6.16923,223.50750,62.00000,3.18412,500.00000
1.07143,6.26099,29.62963,42.00000,4.17399,562.00000
1.35135,5.23259,176.00000,37.00000,2.54558,500.00000
1.35135,5.23259,136.00000,37.00000,1.97990,562.00000
1.57317,7.21970,97.34992,82.00000,4.75443,312.00000
1.28788,7.15871,127.33564,66.00000,3.47089,562.00000
1.24324,5.45535,122.87335,37.00000,2.50651,688.00000
1.16667,6.41427,76.53061,48.00000,3.47440,500.00000
1.17808,7.87179,48.67496,73.00000,4.42114,812.00000
1.76923,3.83349,368.62004,26.00000,1.91675,375.00000
1.25000,6.19677,77.77778,48.00000,4.00208,375.00000
1.61538,4.91354,246.91358,39.00000,2.51976,438.00000
1.24242,5.15373,107.07912,33.00000,2.96730,562.00000
3.00000,2.88675,1571.55556,25.00000,1.84752,62.00000
1.43590,5.21159,153.06122,39.00000,1.87083,375.00000
1.42105,3.65655,301.78326,19.00000,1.53960,438.00000
1.62963,5.75642,240.18595,54.00000,2.13201,625.00000
1.44318,7.80874,106.64021,88.00000,5.94529,250.00000
1.39394,6.88098,89.79206,66.00000,2.81494,562.00000
1.45714,4.90098,199.92311,35.00000,3.08062,375.00000
1.13793,5.04825,91.82736,29.00000,3.82971,312.00000
1.12500,5.96285,49.38272,40.00000,4.47214,312.00000
1.17647,5.37587,87.50000,34.00000,2.52982,500.00000
1.28889,8.35629,89.17955,90.00000,4.92093,312.00000
1.26190,5.76914,106.79957,42.00000,3.43401,562.00000
1.31481,6.40862,107.12160,54.00000,3.44167,438.00000
1.15094,6.78595,53.74899,53.00000,2.81681,438.00000
1.45614,6.25656,142.25577,57.00000,3.18316,438.00000
1.49351,7.18029,178.44991,77.00000,3.45027,500.00000
1.60000,4.33013,303.81944,30.00000,1.58771,375.00000
1.09804,6.81516,31.88776,51.00000,4.27618,438.00000
1.34328,7.06242,81.48148,67.00000,2.10819,562.00000
1.00000,3.87298,0.00000,15.00000,1.54919,188.00000
1.11290,7.46392,33.60639,62.00000,3.49119,625.00000
