# coordinating_conjunction, numeral, determiner, existencial, subordinatingConjunction, adjective, comparativeAdjective, superlativeAdjective, ordinalAdjective_or_numeral, modalAuxiliary, singular_or_massCommun_noun, pluralCommonNoun, preposition, participle, predeterminer, genitiveMarker, personalPronoun, possessivePronoun, adverb, comparativeAdverb, superlativeAdverbs, preposition_or_infinitive, n_verb_baseForm, n_verb_pastTense, n_verb_gerund, n_verb_pastParticiple, n_verb_thirdPersonSingPresent, n_whDeterminer, n_whAdverb, whPronoun, avaliacao
3,2,5,0,2,4,0,0,2,0,9,0,7,0,0,2,3,3,6,0,0,4,2,3,4,0,1,0,0,1,688
23,1,26,1,15,16,0,0,1,4,41,2,25,2,1,6,49,3,29,0,0,20,11,32,7,2,5,0,6,13,812
3,0,5,0,1,3,0,0,0,0,5,0,3,2,0,0,8,1,4,0,0,2,1,4,1,2,1,0,0,1,500
2,1,6,0,9,5,0,0,1,3,11,0,4,0,0,1,6,1,6,0,0,4,2,7,0,0,0,0,1,4,688
7,0,10,1,1,1,0,0,0,1,22,0,14,0,0,2,4,3,5,0,0,12,3,8,3,0,0,0,3,1,688
5,1,19,1,10,12,0,0,1,3,25,1,20,1,0,3,18,2,19,6,0,12,5,10,3,1,2,0,3,11,875
6,0,17,0,0,7,0,0,1,2,22,2,6,2,0,1,11,2,7,1,0,7,4,5,0,2,5,0,1,3,688
3,0,3,0,0,5,0,0,0,0,12,1,4,0,0,1,1,2,3,0,0,3,1,5,1,0,0,0,0,0,188
5,0,1,0,0,0,0,0,0,0,7,0,6,0,0,0,7,0,7,1,0,3,0,4,3,0,0,0,0,0,375
12,5,36,0,4,3,0,0,5,0,56,24,30,3,2,12,33,13,13,0,0,14,4,14,0,3,20,0,1,1,562
7,0,18,2,1,6,0,0,0,3,30,1,15,2,0,5,12,8,10,0,0,8,1,12,0,2,2,0,4,1,562
9,0,6,0,3,8,1,0,0,0,16,1,4,3,1,2,10,3,7,1,0,4,2,10,2,3,0,0,2,2,312
0,0,4,0,1,1,0,0,0,0,5,0,1,0,0,1,2,0,0,0,0,1,1,0,0,0,2,0,0,2,62
7,2,19,2,5,5,0,0,2,4,30,9,13,2,0,7,12,5,7,1,0,7,4,13,0,2,1,0,0,3,500
10,0,29,5,11,1,0,0,1,8,44,10,23,4,3,8,18,9,17,6,0,20,12,15,1,4,3,0,2,8,875
1,0,4,0,1,2,0,0,0,0,7,1,5,1,0,2,0,1,4,0,0,1,0,2,0,1,0,0,0,1,500
4,2,11,0,3,5,0,0,2,1,20,3,12,0,0,5,4,0,9,0,0,3,1,8,1,0,3,0,0,3,625
8,2,11,1,4,5,0,0,2,1,17,5,8,1,0,2,11,0,5,0,0,7,5,11,1,1,0,0,1,2,625
9,1,5,1,0,0,0,0,1,0,7,1,6,0,0,5,1,6,2,0,0,1,0,0,0,0,0,0,0,4,438
9,1,6,0,7,6,0,0,1,0,16,3,10,0,0,6,2,0,0,0,0,6,3,3,1,0,0,0,0,5,312
13,2,19,0,2,6,0,0,3,0,34,9,20,3,0,11,7,4,8,0,0,10,5,18,2,3,1,0,3,1,562
1,0,2,0,0,4,0,0,0,0,5,2,3,0,0,3,4,0,1,0,0,1,1,0,0,0,2,0,0,0,562
21,1,25,4,5,10,0,0,1,5,50,8,27,5,0,10,19,9,16,2,0,16,6,26,5,5,0,0,2,5,438
12,0,13,5,3,5,0,0,0,5,25,4,9,3,0,2,3,9,6,0,0,8,4,10,0,3,2,0,2,2,562
6,1,16,1,0,1,0,0,1,2,17,3,6,1,3,1,5,8,6,1,0,5,1,6,0,1,1,0,1,0,500
14,0,27,0,2,6,0,0,0,1,25,6,25,3,2,9,6,5,6,0,0,11,4,5,1,3,4,0,0,1,375
5,0,18,1,3,2,0,0,1,2,28,12,14,2,1,4,6,5,5,0,0,12,3,8,5,2,0,0,2,1,938
4,4,8,0,4,5,1,0,4,0,21,3,13,1,0,5,12,0,6,0,0,6,5,8,1,1,0,0,1,4,500
9,1,23,1,9,6,0,0,1,2,30,12,18,1,1,7,9,2,15,0,0,12,5,9,2,1,0,0,3,5,688
5,0,15,0,1,2,2,0,0,0,19,6,8,2,1,3,3,0,5,2,0,5,3,7,1,2,1,0,1,1,500
23,4,27,1,5,9,1,0,4,1,55,3,32,2,0,6,19,9,19,1,0,21,8,28,2,2,0,0,3,3,625
1,2,16,0,0,1,0,0,2,0,16,1,9,0,2,3,3,2,1,1,0,5,0,4,0,0,1,0,0,0,438
3,0,4,0,0,0,0,0,0,0,4,0,3,0,0,2,0,0,1,0,0,0,0,1,0,0,1,0,0,0,0
14,1,23,2,8,14,0,0,1,7,47,14,16,4,0,2,25,9,21,2,0,21,15,19,2,4,3,0,2,6,562
5,1,8,0,5,0,0,0,1,0,16,4,7,2,0,4,6,1,6,0,0,7,5,9,0,2,2,0,1,0,500
9,0,23,1,9,8,1,0,0,5,42,12,23,1,4,5,41,10,30,3,0,23,12,38,0,1,6,0,10,5,625
9,0,23,1,9,8,1,0,0,5,42,12,23,1,4,5,41,10,30,3,0,23,12,38,0,1,6,0,10,5,562
4,0,15,0,3,2,0,0,0,2,18,10,5,0,4,4,7,5,3,0,0,6,5,7,0,0,0,0,0,1,500
7,1,13,3,1,0,0,0,1,3,17,3,4,1,0,3,9,0,2,0,0,2,1,5,0,1,0,0,1,2,500
8,3,25,0,10,5,1,0,3,2,40,10,18,3,0,8,19,2,12,2,0,17,9,13,3,3,3,0,2,3,500
5,0,10,0,5,5,0,0,0,2,21,1,14,0,0,5,20,0,5,0,0,7,2,8,1,0,4,0,0,7,438
5,5,21,2,0,5,0,0,5,2,27,6,9,1,0,2,7,8,6,0,0,3,0,17,0,1,10,0,0,3,312
12,0,10,0,0,4,0,0,0,0,18,0,9,0,0,3,11,0,2,0,0,3,1,10,2,0,1,0,0,2,375
8,0,17,0,8,4,1,0,0,3,33,6,18,2,2,4,15,2,10,1,0,13,7,15,1,2,1,0,4,4,500
7,0,5,0,1,3,0,0,2,0,15,3,8,2,0,4,8,0,1,0,0,3,1,3,0,2,0,0,0,2,375
5,0,11,2,3,2,0,0,1,2,15,2,9,2,0,5,3,4,6,0,0,4,4,7,0,2,1,0,1,1,562
7,1,18,3,2,4,0,0,1,3,22,0,14,1,2,6,19,5,4,0,0,4,1,11,3,1,1,0,3,1,438
8,1,21,4,15,7,0,0,1,5,38,2,20,1,0,5,35,4,19,0,0,11,4,18,3,1,10,0,4,9,438
0,0,14,2,1,6,0,0,0,2,16,4,5,2,1,1,5,4,9,3,0,4,2,3,1,2,7,0,2,0,625
4,1,12,0,2,1,0,0,1,0,16,1,9,1,0,1,8,0,9,4,0,8,0,5,2,1,7,0,0,1,500
3,0,6,1,6,2,0,0,0,1,13,2,7,0,0,4,10,2,4,0,0,3,3,7,1,0,2,0,1,5,562
21,0,22,0,1,22,0,0,4,0,51,2,44,3,0,22,30,0,8,0,0,12,0,25,2,3,2,0,1,2,562
20,2,31,1,7,6,0,0,2,1,46,28,26,2,2,9,10,1,8,1,0,12,8,21,3,2,8,0,2,3,562
3,2,20,2,6,7,0,0,2,4,33,2,19,0,0,2,36,0,13,1,0,19,7,21,1,0,17,0,3,8,312
9,0,22,3,3,7,0,0,0,3,23,2,12,2,3,1,12,7,7,0,0,8,2,10,0,2,0,0,2,1,438
9,8,12,1,1,1,0,0,8,0,6,3,10,1,0,4,2,5,5,0,0,5,0,0,0,1,1,0,3,1,562
4,3,15,0,0,4,0,0,4,0,17,9,21,0,0,4,3,8,4,0,0,12,0,4,0,0,2,0,0,5,562
19,3,18,1,0,4,0,0,3,1,12,2,21,1,0,6,7,6,21,6,0,12,1,1,0,1,4,0,0,6,500
8,1,14,3,2,7,0,0,1,8,24,2,15,0,1,2,16,4,10,1,0,11,5,6,2,0,3,0,1,2,625
6,2,9,1,4,4,0,0,2,1,10,3,5,0,0,1,3,5,16,4,0,4,0,1,0,0,5,0,4,6,562
6,2,10,1,3,4,0,0,2,1,10,3,4,0,0,0,2,5,15,4,0,4,0,1,0,0,4,0,4,6,562
14,1,31,0,1,14,0,0,2,1,66,21,25,1,1,9,14,11,4,1,0,12,3,23,5,1,5,0,0,1,562
14,1,34,2,6,4,0,0,1,6,29,6,20,1,0,11,20,2,15,2,0,9,4,23,3,1,3,0,0,5,562
6,1,10,2,5,3,0,0,1,4,13,0,7,1,0,1,5,2,8,1,0,3,1,5,0,1,4,0,3,3,438
1,0,13,0,1,1,0,0,1,0,13,5,9,0,0,4,4,0,5,0,0,0,0,3,0,0,5,0,2,3,500
5,1,9,0,5,2,0,0,1,5,19,2,7,1,1,2,15,3,4,0,0,9,5,6,1,1,0,0,2,1,438
16,2,27,3,5,4,0,0,2,5,36,8,17,3,3,6,17,7,8,0,0,14,6,11,0,3,14,0,0,4,750
1,3,16,1,3,3,1,0,3,1,31,7,18,1,0,7,5,4,8,3,0,7,2,17,0,1,2,0,0,4,562
17,1,26,2,4,5,0,0,1,3,45,9,20,1,2,7,20,7,6,0,0,14,5,20,2,1,3,0,2,3,375
7,0,18,0,8,4,0,0,0,1,28,3,10,0,0,5,25,1,19,0,0,9,8,22,0,0,13,0,4,4,500
12,3,19,1,9,5,0,0,3,1,44,8,17,1,0,8,12,0,13,0,0,9,4,8,2,1,6,0,1,6,500
12,4,31,3,15,14,1,0,5,7,51,8,28,2,0,15,35,6,26,1,0,21,12,30,7,2,9,0,7,11,438
2,0,16,0,2,0,0,0,0,2,14,0,7,0,2,1,7,7,4,0,0,6,2,6,0,0,3,0,1,2,438
15,5,16,4,4,6,0,0,5,4,34,5,18,2,0,7,22,4,17,5,0,11,5,16,0,2,2,0,2,3,562
0,1,2,0,3,2,0,0,1,0,4,1,3,0,0,3,7,0,4,2,0,2,2,2,3,0,1,0,0,2,438
18,6,25,0,6,8,0,0,6,4,35,7,12,2,1,3,27,6,18,4,0,13,7,17,4,2,1,0,2,11,562
3,0,5,1,0,2,0,0,0,1,8,0,8,1,0,3,9,0,0,0,0,3,0,6,1,1,2,0,0,0,312
3,3,10,0,2,5,0,0,3,0,22,1,12,0,1,7,12,2,5,2,0,6,2,5,0,0,5,0,0,5,312
14,0,22,0,5,1,0,0,0,1,29,5,17,1,0,6,4,4,5,0,0,5,3,8,3,1,1,0,1,2,438
10,0,28,8,6,9,0,0,0,10,45,9,28,4,0,13,23,5,10,0,0,11,6,16,2,4,4,0,3,5,688
4,1,31,5,15,12,0,0,1,6,39,7,18,6,0,6,14,4,14,0,0,17,10,18,5,6,6,0,1,10,812
6,4,34,1,2,15,0,0,4,1,57,2,32,3,5,10,20,4,10,0,0,18,0,10,0,3,9,0,0,3,375
6,0,26,0,8,4,0,0,0,2,39,1,26,0,2,7,22,11,17,2,0,17,5,24,4,0,1,0,7,5,625
4,0,22,1,2,12,0,0,1,1,37,9,16,3,1,6,14,10,11,0,0,15,6,10,2,3,2,0,4,3,625
26,2,22,2,3,15,0,0,2,2,51,9,18,0,0,5,9,1,10,1,0,11,6,10,0,0,3,0,0,2,500
3,0,17,0,2,6,0,0,0,0,29,4,14,0,2,8,5,7,9,4,0,5,1,9,0,0,5,0,1,1,375
3,0,8,2,2,5,0,0,0,2,17,1,6,2,0,2,12,1,4,0,0,3,0,8,0,2,2,0,1,1,250
4,1,9,1,4,0,0,0,1,2,16,7,9,2,0,2,14,7,11,2,0,7,2,13,5,2,0,0,2,5,562
13,3,21,0,6,5,0,0,4,1,32,12,9,0,0,4,29,1,6,1,0,11,8,14,1,0,1,0,2,4,562
19,3,17,0,9,7,0,0,4,5,28,2,13,1,0,4,27,0,21,0,0,19,11,20,0,1,6,0,5,1,438
5,0,19,4,4,10,1,0,3,4,18,2,11,3,4,4,16,2,9,1,0,3,1,5,1,3,0,0,2,6,562
4,0,18,0,2,6,0,0,1,2,21,5,6,0,2,2,8,6,4,0,0,4,1,1,1,0,3,0,1,1,562
19,9,16,1,5,14,3,0,9,5,41,24,14,0,0,5,27,1,26,7,0,8,5,20,1,0,0,0,0,3,500
1,0,5,3,3,10,0,0,0,4,20,3,9,0,0,3,21,2,15,2,0,4,2,16,0,1,8,0,3,3,625
10,0,14,2,7,6,0,0,0,2,25,6,11,1,0,1,9,0,15,1,0,11,4,7,1,1,2,0,4,6,500
15,3,26,1,6,5,0,0,3,2,34,5,9,1,1,1,18,3,4,0,0,19,11,13,0,1,3,0,1,4,562
15,3,26,1,6,4,0,0,3,2,35,6,9,1,1,1,18,3,4,0,0,19,11,13,0,1,3,0,1,4,562
11,2,34,2,10,10,0,0,2,5,51,6,17,2,2,5,47,8,24,0,0,11,5,31,1,2,11,0,4,13,562
2,0,15,0,3,2,0,0,0,0,20,4,10,0,1,4,7,5,8,0,0,9,7,8,1,0,2,0,3,3,562
10,3,21,3,5,1,0,0,3,3,31,8,19,0,3,5,15,5,9,5,0,13,7,14,1,0,2,0,2,6,500
12,0,7,0,1,5,0,0,0,0,16,4,7,0,0,3,6,0,1,0,0,2,0,10,2,0,0,0,0,1,438
10,1,16,2,11,5,0,0,1,4,24,7,11,0,1,4,28,0,7,0,0,3,1,1,0,0,2,0,5,3,438
11,1,23,0,5,4,0,0,1,0,26,1,12,2,3,3,24,10,10,4,0,10,5,21,5,2,2,0,0,4,562
15,2,27,1,8,7,0,0,3,3,56,6,18,1,1,7,15,4,14,1,0,18,10,18,2,1,12,0,4,5,562
3,0,16,2,3,3,0,0,0,2,24,4,13,2,1,4,7,3,4,0,0,8,5,10,2,2,0,0,0,2,562
7,2,18,5,2,4,0,0,2,6,35,9,23,6,0,10,8,4,5,1,0,8,3,10,0,6,0,0,2,4,812
7,1,15,5,3,5,0,0,1,6,37,9,18,8,0,10,7,4,3,0,0,8,3,8,0,8,0,0,1,3,562
10,0,21,2,4,2,0,0,0,3,31,5,13,3,1,5,19,10,9,0,0,9,3,21,0,3,0,0,1,4,562
11,1,22,0,2,21,0,0,1,0,41,6,24,2,2,11,25,8,3,0,0,10,1,4,3,2,4,0,0,0,438
14,4,53,1,13,12,1,0,4,2,56,8,22,2,6,10,21,9,14,2,0,20,11,38,4,2,6,0,6,5,562
8,1,14,0,4,2,0,0,1,0,23,0,11,0,0,4,8,1,4,0,0,11,5,9,1,0,3,0,1,0,500
9,0,17,1,4,11,0,0,1,3,24,2,15,2,0,6,14,2,11,3,0,7,2,9,0,2,5,0,3,0,375
18,0,26,8,14,15,0,0,1,10,31,8,24,4,4,5,24,8,23,6,0,16,6,15,1,4,7,0,3,8,500
6,8,21,1,22,10,0,0,9,2,36,5,23,2,3,7,16,3,19,1,0,17,10,25,1,2,0,0,6,13,438
6,8,21,1,20,10,1,0,9,2,37,5,22,2,2,8,16,3,19,1,0,17,10,26,1,2,0,0,6,12,438
4,0,7,0,3,4,0,0,0,0,20,6,17,3,1,2,16,2,7,3,0,22,11,3,3,3,0,0,1,0,562
10,1,10,2,0,1,0,0,1,0,11,6,15,0,2,9,4,10,17,6,0,5,1,1,0,0,2,0,0,1,562
3,2,2,1,1,0,0,0,2,0,7,3,13,0,0,6,5,5,15,7,0,2,0,0,0,0,0,0,6,1,562
4,2,28,6,10,4,0,0,2,10,40,9,25,1,0,4,18,16,16,1,0,22,15,14,1,1,10,0,4,4,500
10,1,20,2,18,7,0,0,1,2,32,6,21,0,0,6,30,5,15,0,0,21,8,24,3,0,4,0,9,7,688
5,1,10,1,3,3,0,0,1,1,10,4,6,2,1,1,10,4,9,0,0,4,2,15,1,2,1,0,0,1,562
11,0,16,0,2,2,0,0,1,1,23,4,11,2,2,2,7,5,8,0,0,10,2,13,1,2,2,0,0,2,562
7,0,16,0,4,6,0,0,0,0,19,4,12,1,1,7,15,1,11,0,0,4,1,9,1,1,5,0,0,2,750
11,3,38,1,3,3,0,0,3,1,62,27,32,2,4,12,28,13,13,0,0,15,4,13,0,2,7,0,1,1,562
16,0,27,6,9,4,1,0,0,8,34,8,20,8,0,8,35,11,24,1,0,17,13,22,3,8,1,0,5,4,750
24,3,36,3,8,19,0,0,3,4,67,13,45,5,3,16,33,8,32,2,0,27,13,40,1,5,2,0,3,2,562
8,3,19,0,4,2,0,0,3,5,31,13,16,4,2,9,7,4,6,0,0,11,6,7,0,4,0,0,3,0,562
10,1,28,3,10,6,1,0,1,3,42,6,27,3,2,13,12,5,18,1,0,20,14,28,2,3,2,0,5,2,562
3,0,8,0,2,2,0,0,0,2,17,4,8,0,1,3,13,5,5,0,0,4,0,7,4,0,3,0,1,2,562
25,0,25,1,10,2,0,0,0,2,37,12,15,2,3,3,34,6,22,2,0,14,9,19,6,2,6,0,6,8,562
7,5,17,0,2,3,0,0,5,0,28,3,7,0,2,3,10,4,3,0,0,4,3,8,0,0,4,0,0,0,562
16,0,14,1,4,6,0,0,0,2,21,6,9,1,0,2,19,2,11,0,0,4,2,19,0,1,5,0,1,7,562
3,1,23,2,7,4,0,0,1,3,28,6,20,1,5,7,19,11,16,0,0,10,5,20,1,1,3,0,2,5,625
25,1,32,1,10,3,0,0,1,6,38,15,17,4,5,4,34,6,27,3,0,14,11,29,3,4,4,0,5,10,688
8,2,39,2,6,7,1,0,3,3,48,16,15,6,2,6,27,14,22,4,0,25,17,41,0,6,6,0,2,2,562
8,1,29,0,5,9,0,0,1,1,42,6,20,1,1,2,15,10,25,0,0,17,13,17,3,1,4,0,2,3,625
5,1,10,1,2,11,0,0,1,1,23,3,19,2,0,7,13,2,5,0,0,8,3,11,1,2,0,0,2,0,438
15,7,25,0,7,7,0,0,11,0,60,14,33,1,2,7,12,2,15,1,0,10,3,2,1,1,16,0,4,1,438
10,1,27,3,8,8,0,0,1,3,41,7,12,2,1,4,15,3,3,0,0,9,5,13,3,2,1,0,2,5,625
7,0,21,1,5,8,2,0,0,2,32,11,15,3,3,7,10,5,10,1,0,18,15,16,1,3,4,0,2,6,562
12,0,24,4,13,7,0,0,0,6,39,4,18,6,0,6,20,2,21,2,0,19,13,23,3,6,1,0,3,5,750
11,0,2,0,0,0,0,0,0,0,2,0,6,0,0,1,0,4,0,0,0,5,0,0,0,0,0,0,0,0,312
48,2,41,3,6,5,0,0,2,3,54,7,24,0,3,7,26,26,19,1,0,18,11,20,3,0,2,0,2,3,438
43,2,39,2,7,4,0,0,2,2,55,8,22,0,2,8,22,24,15,1,0,16,10,18,3,0,1,0,2,3,562
9,1,4,0,0,3,0,0,1,0,12,0,12,2,0,4,0,0,2,0,0,4,0,2,0,2,1,0,0,0,0
6,0,29,1,2,4,0,0,0,4,43,4,20,1,0,10,16,0,8,2,0,12,4,19,2,1,6,0,1,0,500
5,1,10,3,5,8,1,0,1,4,14,1,10,2,1,5,9,2,8,0,0,4,3,3,2,2,6,0,0,4,438
6,0,18,4,5,5,0,0,1,7,36,4,11,2,0,4,13,5,19,8,0,8,4,19,0,2,3,0,5,6,375
2,0,4,1,0,10,0,0,0,1,12,4,4,2,0,1,3,1,1,0,0,0,0,1,1,2,0,0,0,0,0
20,0,14,0,3,12,1,0,0,0,25,11,14,0,1,2,13,3,5,0,0,6,2,11,1,0,1,0,0,3,188
7,0,20,0,4,11,0,0,1,0,24,1,8,1,2,4,13,3,5,0,0,7,3,5,1,1,1,0,0,2,688
12,1,34,0,6,17,0,0,3,1,46,7,19,2,1,4,27,16,29,0,0,14,8,19,3,2,4,0,2,3,562
2,0,12,1,3,2,0,0,0,2,17,5,5,0,0,1,7,4,6,0,0,6,4,4,1,0,3,0,4,2,500
15,3,23,4,6,1,0,0,3,4,34,10,14,4,2,3,22,5,14,1,0,9,1,21,2,4,6,0,2,3,625
15,0,26,0,8,4,0,0,0,0,32,7,22,1,4,13,10,6,15,2,0,10,5,22,6,1,1,0,2,3,500
21,3,49,6,17,13,0,0,4,8,84,15,38,2,2,15,27,11,38,2,0,43,32,33,4,2,2,0,7,6,562
3,0,9,1,6,7,0,0,0,5,12,5,7,1,0,2,10,2,10,3,0,6,4,0,1,1,3,0,2,3,438
8,0,21,1,12,8,1,0,1,4,31,5,16,5,2,5,11,3,17,1,0,13,8,18,2,5,0,0,4,7,875
0,0,1,0,0,0,0,0,0,0,2,0,2,0,0,1,0,0,0,0,0,0,0,1,0,0,0,0,0,0,62
17,1,29,1,6,7,0,0,1,1,43,9,17,4,1,6,17,9,9,0,0,7,2,16,6,4,5,0,3,2,688
11,2,20,2,1,5,0,0,2,2,31,8,10,4,1,3,7,8,15,3,0,7,7,10,2,4,0,0,3,3,562
7,6,19,1,5,9,0,0,6,5,50,14,17,4,0,12,15,3,12,4,0,11,11,7,2,4,12,0,1,6,562
2,0,8,0,1,4,0,0,0,0,17,4,10,2,0,1,7,2,3,0,0,8,0,3,0,2,3,0,0,2,312
5,0,9,0,7,2,1,0,0,1,13,0,5,2,0,2,11,3,6,0,0,6,6,10,1,2,1,0,0,7,500
6,1,12,1,4,1,0,0,1,1,13,10,4,1,0,3,10,5,7,2,0,2,1,12,0,1,1,0,1,4,500
9,1,30,5,11,10,0,0,2,5,42,5,17,3,1,6,1,8,7,0,0,7,4,13,0,3,0,0,0,3,688
12,2,14,0,0,3,0,0,2,0,26,2,9,0,0,2,15,6,2,0,0,2,0,9,4,0,3,0,1,3,312
9,1,22,1,4,21,1,0,1,5,68,11,30,3,1,12,30,2,16,9,0,9,6,10,2,3,13,0,4,7,250
17,2,22,8,9,4,0,0,2,1,36,7,27,6,0,12,41,8,10,1,0,6,3,17,2,6,21,0,2,4,625
10,6,36,3,2,20,0,0,6,3,54,4,22,3,2,4,5,5,12,3,0,13,0,9,0,4,11,0,2,2,312
9,1,5,0,1,2,0,0,1,0,8,1,8,0,0,3,4,3,2,1,0,5,0,0,0,0,2,0,1,1,562
13,0,10,1,3,18,0,0,0,2,43,3,11,4,0,3,7,1,10,0,0,7,2,16,4,4,0,0,3,0,375
6,1,22,1,9,7,0,0,2,2,29,13,13,2,2,6,10,2,10,0,0,11,7,11,3,2,5,0,2,4,625
9,0,21,3,8,17,0,0,0,4,32,5,18,3,2,5,13,2,11,1,0,9,4,18,2,3,2,0,0,5,562
16,1,44,2,9,5,0,0,1,4,55,11,25,1,5,10,20,18,14,0,0,14,6,21,6,1,0,0,5,7,500
14,0,21,0,5,1,0,0,0,1,29,5,16,0,4,10,14,11,5,0,0,10,6,20,0,0,3,0,2,4,562
10,0,12,0,0,1,0,0,0,1,18,6,8,1,0,3,5,6,8,0,0,7,4,10,1,1,1,0,1,1,500
20,2,27,0,3,1,0,0,2,1,36,7,17,6,0,6,14,8,5,0,0,12,6,28,0,6,2,0,0,2,688
8,0,22,2,6,3,0,0,0,3,24,6,12,0,3,1,19,4,8,4,0,5,1,15,2,0,5,0,1,4,625
13,1,18,0,11,3,0,0,1,0,25,7,15,0,0,5,16,1,9,0,0,13,10,8,10,0,1,0,0,7,562
14,1,25,1,4,5,0,0,1,3,41,9,17,0,0,5,11,3,5,0,0,19,8,17,0,0,5,0,3,0,562
13,2,19,0,9,2,0,0,2,0,24,9,17,0,0,5,16,1,10,0,0,15,11,9,10,0,1,0,0,7,438
19,3,19,0,3,4,0,0,4,0,39,6,20,3,1,8,20,3,12,0,0,7,0,26,1,3,4,0,2,2,438
4,2,10,1,4,4,0,0,2,2,19,6,8,3,1,2,16,1,7,0,0,8,6,12,4,3,0,0,3,1,500
7,0,21,1,4,9,0,0,0,1,44,13,21,8,3,5,8,5,7,0,0,10,2,9,1,8,4,0,1,6,500
17,2,33,2,13,3,0,0,2,4,68,7,28,4,0,11,27,7,6,0,0,16,10,35,4,4,7,0,4,6,500
13,1,17,0,1,6,0,0,1,1,24,4,16,0,2,6,13,4,11,2,0,10,4,11,1,0,4,0,4,0,375
15,2,26,1,6,4,0,0,2,5,37,9,24,2,5,10,24,9,9,0,0,22,12,16,3,2,3,0,3,2,562
19,1,29,4,10,20,0,0,1,5,55,26,23,5,4,9,16,8,2,0,0,30,22,9,0,5,1,0,0,6,562
27,11,38,0,3,17,0,0,12,0,62,12,20,3,1,8,2,5,4,1,0,8,3,10,1,3,7,0,0,3,312
9,3,14,1,7,6,0,0,3,2,17,3,8,1,2,1,6,6,10,2,0,8,5,9,0,1,1,0,1,4,625
6,0,10,2,1,15,0,0,0,2,18,2,2,3,3,0,6,6,3,0,0,5,4,10,0,3,0,0,4,0,562
9,1,15,0,3,5,0,0,1,3,22,0,8,0,2,1,10,1,6,0,0,13,6,8,0,0,1,0,0,4,438
14,0,22,0,9,5,1,0,1,0,34,7,16,3,0,9,10,11,11,2,0,9,5,12,3,3,0,0,1,5,562
6,0,24,3,6,5,1,0,0,3,34,15,17,4,0,5,14,8,15,6,0,10,2,14,2,4,1,0,0,4,562
7,1,24,3,8,2,0,0,1,4,35,4,16,4,0,9,7,8,15,5,0,9,7,12,4,4,0,0,2,5,812
11,0,30,2,6,5,2,0,1,4,58,9,33,3,1,9,20,9,25,3,0,18,7,22,3,3,7,0,6,3,562
9,0,26,1,8,9,1,0,0,5,41,13,24,1,4,6,40,10,29,2,0,20,11,38,0,1,6,0,10,5,562
7,0,21,0,9,8,0,0,0,5,39,7,9,1,0,4,15,10,17,2,0,10,9,4,0,1,18,0,2,6,562
16,4,26,2,5,2,0,0,4,2,44,11,27,2,0,15,21,3,18,0,0,10,4,18,1,2,2,0,0,1,438
13,4,35,3,10,12,0,0,4,3,50,11,32,3,2,9,26,12,14,1,0,20,3,33,2,3,6,1,5,5,625
26,3,49,5,26,13,0,0,3,17,72,24,38,3,1,17,48,15,42,3,0,32,24,37,6,3,6,0,7,14,625
9,1,30,3,7,4,0,0,1,3,46,7,28,1,1,10,5,0,12,0,0,17,7,13,1,1,1,0,4,7,500
10,1,35,3,7,4,0,0,1,3,49,8,28,1,1,10,7,0,13,0,0,17,7,16,2,1,1,0,4,8,438
5,0,18,0,2,4,0,0,1,0,33,7,9,0,0,4,4,7,5,0,0,7,3,12,0,0,5,0,1,0,438
9,2,7,2,4,9,0,0,2,2,18,2,11,1,0,4,5,0,10,0,0,9,5,13,1,1,0,0,1,1,562
7,1,11,0,2,2,0,0,1,1,16,0,6,0,0,1,2,0,4,0,0,3,2,13,1,0,0,0,0,1,438
12,1,15,1,0,8,0,0,2,1,22,9,11,6,3,3,6,5,5,0,0,10,4,10,0,6,1,0,1,0,500
13,0,17,2,4,9,0,0,2,2,26,4,15,2,0,6,16,1,7,0,0,7,3,13,0,2,19,0,1,3,562
0,1,13,1,6,2,0,0,1,1,24,3,10,0,0,7,8,1,3,0,0,3,1,8,2,0,2,0,1,6,438
14,3,24,2,2,12,2,0,3,5,40,9,17,0,0,4,23,11,12,3,0,8,3,17,1,0,6,0,2,0,375
6,0,19,1,3,4,0,0,0,1,20,9,15,2,2,4,12,6,11,4,0,11,2,12,0,2,0,0,4,1,562
6,0,9,1,2,4,0,0,0,1,17,4,7,0,0,4,7,0,6,0,0,5,3,8,0,0,1,0,1,1,562
9,0,20,1,9,7,0,0,0,4,31,16,13,0,1,4,16,1,19,1,0,7,3,17,1,0,2,0,2,9,875
15,1,25,2,8,14,0,0,1,7,46,15,19,5,0,2,28,9,23,2,0,21,14,19,1,5,2,0,2,7,688
19,6,15,3,11,3,0,0,6,3,34,14,11,1,0,3,13,5,6,1,0,11,7,14,0,1,1,0,1,4,500
6,2,18,1,10,6,0,0,2,2,30,5,16,5,0,7,12,4,10,2,0,10,4,16,6,5,1,0,5,3,625
5,0,25,1,6,8,0,0,2,4,40,8,23,2,2,7,31,12,32,0,0,10,1,23,0,2,14,0,5,4,375
12,0,20,0,9,7,0,0,0,2,28,7,11,3,0,5,11,5,6,0,0,11,8,16,0,3,2,1,2,7,625
8,0,19,4,6,3,0,0,0,6,29,8,20,2,3,8,13,1,13,0,0,14,9,16,1,2,3,0,1,1,562
7,2,14,0,1,3,0,0,2,1,21,5,4,0,2,1,12,4,5,0,0,5,2,12,2,0,1,0,0,1,562
6,0,14,0,2,2,0,0,0,1,16,10,4,0,1,1,5,4,3,0,0,3,3,6,3,0,0,0,2,0,500
4,0,10,0,0,2,0,0,0,0,49,23,9,0,1,6,4,5,3,2,0,1,1,9,0,0,1,0,0,0,375
4,0,20,1,5,5,0,0,0,5,25,5,16,3,1,7,10,3,7,0,0,11,7,15,0,3,1,0,2,4,625
11,1,16,1,11,7,0,0,1,4,21,4,15,2,1,7,22,6,14,1,0,9,4,19,4,2,0,0,6,5,750
12,3,22,2,7,4,0,0,3,4,38,7,11,2,1,3,22,6,12,1,0,8,4,27,1,3,4,0,5,3,562
12,1,18,0,5,24,1,0,2,2,30,4,12,0,2,3,26,4,16,2,0,26,22,11,0,0,4,0,0,5,438
7,0,20,1,9,5,0,0,0,2,27,11,18,1,1,7,7,1,15,0,0,12,4,8,2,1,0,0,3,5,438
9,3,24,1,14,15,0,0,3,2,40,9,19,0,2,11,12,0,13,3,0,8,4,7,1,0,3,0,3,6,500
3,0,13,0,1,2,0,0,0,2,20,9,8,1,3,4,10,7,4,0,0,3,2,4,0,1,3,0,1,2,625
7,2,16,1,4,6,0,0,2,1,33,8,13,0,0,5,5,6,11,1,0,19,13,29,1,0,0,0,2,0,562
2,0,4,0,6,16,0,0,0,0,18,3,8,0,0,1,5,1,5,1,0,5,2,22,1,0,2,0,1,0,500
7,1,15,3,2,5,0,0,1,3,22,6,9,3,1,7,7,3,6,1,0,1,1,6,1,3,0,0,3,0,500
9,1,18,2,7,8,0,0,1,3,33,7,17,0,0,5,20,6,14,1,0,17,11,23,2,0,4,0,4,8,688
9,1,38,1,5,6,0,0,2,1,41,19,21,6,0,6,16,4,23,4,0,14,6,10,1,6,7,0,2,4,750
7,0,31,2,3,9,1,0,0,2,34,9,16,4,4,6,20,10,12,1,0,7,3,19,1,4,3,0,4,3,562
7,0,17,1,7,5,0,0,1,3,34,10,19,2,0,4,10,7,10,2,0,17,9,7,0,2,1,0,4,4,688
7,0,17,1,7,6,0,0,1,3,34,10,19,1,0,4,10,7,10,2,0,16,8,7,0,1,1,0,4,4,625
10,2,24,2,5,26,0,0,2,4,54,11,19,1,0,7,30,6,5,1,0,11,9,18,4,1,2,0,0,5,562
2,1,13,1,1,6,0,0,1,2,13,6,6,1,1,2,11,4,6,2,0,6,2,8,0,1,0,0,0,3,500
9,2,13,6,0,1,0,0,2,0,7,1,6,0,0,4,2,1,1,0,0,2,0,1,0,0,0,0,0,1,0
9,2,32,1,5,6,1,0,2,2,46,11,23,1,5,11,37,14,21,6,0,12,6,30,0,1,3,0,3,5,562
5,2,14,1,3,4,0,0,2,1,15,4,7,0,1,4,11,2,7,0,0,5,3,3,0,0,4,0,2,3,500
6,2,20,4,6,12,2,0,3,4,56,8,39,1,0,14,20,2,6,2,0,13,3,20,1,1,5,0,2,8,500
7,1,31,1,8,15,0,0,1,5,59,18,33,3,0,21,19,3,23,0,0,19,12,20,2,3,6,0,2,3,500
8,1,23,1,6,8,0,0,1,2,46,13,23,3,0,7,17,9,7,0,0,14,2,23,1,3,3,0,1,5,625
3,0,19,2,5,8,2,0,0,4,28,11,17,3,2,5,23,3,14,0,0,10,2,13,2,3,15,0,3,5,500
5,0,14,0,7,6,0,0,1,1,19,2,14,2,1,3,22,4,10,0,0,8,3,9,2,2,4,0,3,6,562
10,3,16,3,10,4,0,0,3,4,27,15,9,3,0,1,17,4,21,5,0,15,11,22,1,3,0,0,1,5,562
7,3,25,2,7,8,0,0,4,3,40,4,15,0,2,4,15,2,13,1,0,10,5,19,1,0,1,0,2,8,438
7,0,27,1,12,3,0,0,0,5,35,5,12,1,4,2,12,9,17,1,0,6,2,16,1,1,9,0,2,10,500
15,2,29,0,5,6,0,0,2,0,39,11,20,0,0,9,17,3,12,0,0,11,7,22,1,0,6,0,0,1,625
12,0,14,0,4,14,0,0,1,1,27,9,12,0,1,4,4,8,8,0,0,12,7,5,0,0,3,0,1,2,562
9,7,25,1,4,14,1,0,7,4,54,14,28,1,1,10,14,3,13,0,0,26,16,11,3,1,4,0,0,2,438
8,2,24,4,14,6,0,0,2,6,27,4,12,0,9,3,18,8,6,0,0,11,8,7,1,0,1,0,0,10,562
4,2,10,1,0,4,0,0,3,1,18,5,10,0,1,3,7,3,5,0,0,3,1,6,2,0,0,0,0,0,438
25,0,15,0,2,3,0,0,0,0,17,4,8,0,2,1,21,0,9,1,0,4,1,23,1,0,3,0,0,2,562
13,5,18,0,1,2,0,0,5,1,20,4,12,1,1,6,8,2,6,0,0,9,5,18,1,1,6,0,0,1,312
4,1,9,0,2,5,0,0,2,0,17,4,7,0,0,5,14,2,7,2,0,1,0,14,1,0,2,0,0,3,375
10,0,12,0,1,8,0,0,0,0,18,0,7,1,2,1,3,6,1,0,0,6,0,9,1,1,8,0,0,0,125
9,5,21,2,0,5,0,0,5,2,20,5,9,1,1,2,6,8,5,0,0,3,0,16,0,1,6,0,0,3,500
6,1,10,0,1,5,0,0,1,1,15,3,4,0,1,1,4,4,1,1,0,2,0,7,0,0,4,0,0,1,375
14,2,17,2,3,2,0,0,2,3,29,0,16,0,2,8,7,2,1,0,0,2,1,6,0,0,2,0,1,4,250
3,2,17,2,6,8,0,0,2,4,34,3,18,0,0,2,37,0,14,1,0,18,5,20,1,0,13,0,3,8,438
10,0,7,0,1,2,0,0,0,0,12,0,6,2,1,3,9,1,4,0,0,6,4,12,3,2,2,0,0,0,250
2,0,6,0,1,2,0,0,0,0,10,2,4,0,0,3,9,0,2,0,0,3,2,8,0,0,0,0,0,1,312
4,1,20,0,5,7,0,0,1,0,25,9,8,0,0,3,7,10,8,0,0,10,7,11,1,0,3,0,2,4,750
12,1,14,0,3,4,0,0,1,1,21,0,7,1,0,1,12,0,5,0,0,9,5,5,1,1,0,0,0,2,438
0,3,8,2,1,6,0,0,3,0,13,6,6,2,0,1,5,4,9,3,0,5,2,2,1,2,7,0,2,0,312
4,0,13,0,2,2,0,0,0,2,20,0,9,0,0,4,3,0,3,0,0,7,2,8,2,0,3,0,0,1,438
13,0,33,6,6,4,0,0,1,8,43,9,27,6,6,11,38,13,16,8,0,19,7,26,2,7,0,0,4,4,562
5,0,15,0,3,5,0,0,1,0,20,3,4,0,0,3,6,0,4,0,0,4,2,4,0,0,4,0,1,1,312
4,1,6,0,2,2,0,0,1,0,11,5,10,0,0,0,5,2,4,0,0,10,6,3,0,0,3,0,0,0,500
3,0,8,1,5,1,0,0,0,1,12,3,8,1,0,1,5,2,7,0,0,3,3,4,0,1,1,0,0,2,312
14,2,16,0,2,7,0,0,2,2,24,1,13,0,1,7,7,10,2,0,0,6,2,5,0,0,0,0,0,0,312
18,0,20,0,1,13,0,0,0,0,43,8,12,1,0,6,8,3,7,0,0,22,20,29,0,1,2,0,0,2,438
1,4,18,0,1,5,0,0,5,1,30,5,19,1,0,9,14,3,10,0,0,8,1,10,5,1,5,0,1,1,438
0,1,14,0,3,0,0,0,1,0,6,0,8,0,0,1,0,0,3,1,0,3,0,2,1,0,3,0,1,2,250
14,3,24,2,8,9,0,0,4,2,40,6,30,2,2,8,14,4,18,2,0,18,7,10,2,2,1,0,6,4,438
2,1,19,2,5,4,0,0,1,2,28,2,16,1,2,4,10,5,10,0,0,10,1,16,3,1,0,0,2,4,438
18,9,46,0,2,12,0,0,9,2,68,5,25,12,0,14,12,0,5,0,0,6,0,15,0,12,6,0,0,1,312
10,1,18,1,4,5,1,0,1,1,20,5,4,2,2,0,16,0,13,0,0,4,1,18,2,2,0,0,0,6,438
3,0,6,0,3,3,0,0,0,0,13,1,9,0,0,4,13,0,5,0,0,8,4,8,0,0,2,0,0,1,375
7,0,12,0,3,1,0,0,0,1,26,6,21,0,0,12,3,4,4,0,0,10,6,10,0,0,0,0,2,0,562
2,0,4,0,0,0,0,0,0,0,12,0,6,0,0,4,5,0,0,0,0,1,0,1,0,0,2,0,0,0,375
2,0,12,0,0,1,0,0,0,0,18,4,14,0,0,0,3,10,3,0,0,11,0,5,0,0,0,0,2,1,188
9,0,7,0,0,6,0,0,1,0,7,2,1,0,0,0,4,0,1,0,0,1,0,2,0,0,2,0,0,0,250
5,0,7,0,3,3,0,0,0,1,14,5,8,0,0,4,9,1,1,0,0,2,0,4,2,0,0,0,0,6,125
6,5,17,2,2,6,0,0,6,3,36,2,17,1,1,6,21,1,12,4,0,6,3,9,3,1,8,0,0,1,438
2,0,9,1,1,3,0,0,0,2,17,4,11,1,0,4,4,1,5,1,0,3,1,4,0,1,0,0,1,0,500
16,33,33,1,4,4,0,0,33,1,46,4,14,3,3,1,8,0,8,0,0,9,5,30,1,3,0,0,2,1,438
9,0,23,2,8,5,0,0,0,3,32,6,11,4,2,6,27,9,20,3,0,9,5,34,0,4,5,0,1,7,562
16,1,14,0,6,6,0,0,1,2,25,0,15,1,0,3,11,0,4,1,0,9,1,11,1,1,9,0,0,4,250
8,1,9,1,3,3,0,0,2,1,18,4,8,0,0,2,11,2,7,1,0,4,2,11,0,0,1,0,1,4,562
9,0,22,2,8,5,0,0,0,3,36,4,11,4,2,6,27,9,21,3,0,10,6,33,0,4,5,0,1,7,562
9,0,7,2,2,2,0,0,0,3,14,5,8,3,1,1,7,2,4,1,0,5,2,4,1,3,0,0,2,2,500
14,4,25,1,9,4,0,0,4,4,49,11,24,2,0,7,30,3,21,4,0,25,15,25,4,2,1,0,4,1,625
4,0,10,1,2,0,0,0,0,2,25,10,16,0,1,9,4,3,5,1,0,4,1,8,1,0,3,0,2,0,500
7,5,14,0,5,10,0,0,5,2,45,7,25,2,0,13,9,1,7,0,0,7,1,18,1,2,6,0,4,2,625
6,0,30,0,2,6,0,0,0,0,32,10,26,1,0,8,25,0,5,0,0,10,6,7,3,1,10,0,2,2,375
8,1,15,1,1,4,0,0,1,1,20,1,14,1,0,5,4,1,9,0,0,12,5,14,2,1,3,0,0,1,625
6,6,32,0,2,13,0,0,8,3,52,16,21,3,0,10,13,16,6,0,0,9,4,15,4,3,7,0,0,0,500
27,4,17,2,5,10,0,0,4,2,42,11,17,2,1,1,21,4,12,0,0,14,7,23,1,2,0,0,2,1,500
9,0,14,0,2,7,0,0,1,0,14,1,4,0,0,1,6,0,6,1,0,3,0,12,1,0,2,0,1,1,500
3,1,8,2,2,3,0,0,1,2,18,0,9,0,0,2,12,0,4,1,0,9,2,6,2,0,0,0,1,1,562
8,2,27,1,2,5,1,0,2,1,35,7,6,0,3,1,10,2,5,2,0,6,3,13,0,0,2,0,2,2,562
18,2,31,0,7,5,0,0,2,1,47,1,25,2,3,11,14,6,17,1,0,21,13,22,4,2,13,0,2,1,500
9,0,25,1,1,5,0,0,1,3,32,12,14,5,1,8,9,3,6,0,0,9,3,18,0,5,0,0,0,3,562
4,2,15,0,8,11,2,0,2,2,35,6,17,3,0,5,23,0,11,2,0,18,9,15,2,3,3,0,1,5,250
7,1,16,3,10,8,0,0,1,4,38,10,11,0,0,3,27,1,8,0,0,6,2,9,0,0,4,0,4,10,688
10,0,24,1,3,6,1,0,1,1,29,6,14,2,2,4,25,11,13,0,0,9,4,24,0,2,4,0,3,2,562
9,0,21,0,5,6,0,0,0,1,31,7,12,4,4,3,10,5,5,0,0,10,7,10,1,4,0,0,0,1,750
15,0,44,5,6,5,1,0,0,5,54,11,30,4,0,10,15,30,20,4,0,16,6,16,2,5,2,0,4,2,688
4,0,14,1,1,9,1,0,0,2,18,9,10,1,3,4,3,5,6,1,0,5,3,3,2,1,2,0,1,1,750
9,2,27,7,17,6,0,0,2,10,33,4,13,2,7,4,25,9,8,0,0,12,10,14,1,2,2,0,0,13,438
8,2,3,0,0,0,0,0,2,0,8,0,4,2,0,3,0,0,0,0,0,1,0,2,1,2,1,0,0,0,312
10,0,20,1,6,8,2,0,0,4,33,6,25,1,3,11,38,9,15,3,0,15,11,19,2,1,9,0,4,5,625
28,0,21,4,7,7,0,0,0,5,41,7,28,6,3,8,11,6,12,1,0,24,12,25,1,6,1,0,1,4,500
14,0,32,2,9,3,0,0,0,9,30,15,22,6,4,2,29,9,30,2,0,25,12,28,5,6,11,0,1,8,562
15,0,28,3,7,10,0,0,0,3,31,7,13,3,2,7,19,3,16,4,0,8,6,18,0,3,3,0,1,6,562
10,1,44,4,17,5,0,0,1,7,41,6,16,3,5,4,28,9,25,4,0,18,13,27,1,3,8,0,8,7,625
4,0,4,0,0,4,0,0,0,0,21,2,12,1,0,8,8,1,5,2,0,5,1,11,0,1,1,0,0,0,125
11,1,10,4,10,3,0,0,2,6,18,6,5,0,0,3,17,6,5,0,0,7,6,15,0,0,2,0,1,7,562
8,0,18,1,5,3,1,0,0,1,24,7,11,1,3,1,28,7,8,0,0,11,4,26,1,1,1,0,1,7,562
8,0,13,0,5,1,0,0,0,2,9,0,8,2,2,1,10,2,4,0,0,8,4,9,0,2,0,0,2,3,438
10,1,22,2,7,3,1,0,1,2,31,9,13,1,3,4,5,4,8,1,0,12,6,5,2,1,0,0,1,3,625
5,0,17,4,6,5,0,0,1,7,29,3,11,2,0,4,13,5,18,8,0,6,2,18,0,2,3,0,5,6,438
8,0,7,0,2,3,0,0,0,0,17,10,8,1,0,4,3,0,1,0,0,2,1,5,0,1,0,0,0,2,375
5,1,21,1,3,8,0,0,1,1,33,9,9,3,1,3,4,1,7,0,0,4,3,14,0,3,1,0,2,1,562
9,4,13,1,1,2,0,0,4,0,9,4,12,0,0,2,1,7,4,1,0,5,0,0,0,0,0,0,2,1,500
3,2,5,0,2,3,0,0,2,0,7,1,3,0,0,1,0,2,8,2,0,1,0,0,0,0,1,0,2,0,438
17,2,32,2,14,3,0,0,2,4,69,7,28,4,0,11,29,7,7,0,0,16,10,35,4,4,8,0,4,6,438
22,1,19,2,3,8,0,0,4,2,37,6,20,2,0,7,10,4,12,0,0,13,3,11,0,2,3,0,0,0,500
8,1,15,2,6,2,0,0,1,3,20,3,12,6,2,3,11,8,5,0,0,7,5,11,0,6,0,0,2,5,625
16,1,21,1,4,1,1,0,1,1,30,7,9,1,2,3,19,7,11,3,0,5,2,16,3,1,4,0,1,6,812
11,3,21,2,6,4,0,0,3,4,38,7,11,2,1,3,23,6,14,2,0,8,4,25,1,3,4,0,5,3,500
25,13,12,3,5,5,0,0,13,4,44,11,25,1,0,5,32,1,25,5,0,18,9,28,9,1,0,0,3,3,438
13,1,13,0,2,1,1,0,1,0,24,3,15,0,0,6,4,6,7,0,0,6,1,12,1,0,3,0,3,0,500
12,2,16,1,5,15,0,0,3,1,25,4,15,2,0,3,12,6,8,0,0,12,6,14,1,2,2,0,0,0,625
12,0,22,7,10,9,0,0,0,10,49,18,15,1,1,5,3,6,14,7,0,17,8,21,0,1,1,0,4,4,562
5,1,15,0,1,2,0,0,1,0,27,7,9,1,0,3,10,9,2,0,0,7,5,10,2,1,2,0,0,0,625
7,0,9,1,2,0,0,0,0,1,18,5,8,3,0,1,6,3,2,0,0,5,1,13,2,3,0,0,2,2,562
18,0,11,1,1,1,0,0,0,2,22,1,9,0,0,1,15,5,4,0,0,5,2,12,1,0,5,0,1,2,562
18,0,10,1,0,19,0,0,0,2,33,11,17,5,0,9,7,0,13,4,0,9,4,9,0,5,7,0,0,0,250
6,2,19,1,3,9,0,0,4,1,35,7,23,3,0,10,25,5,18,6,0,13,4,29,0,3,4,0,4,0,500
20,1,34,0,10,16,1,0,1,3,59,9,24,5,0,11,18,3,15,0,0,10,4,35,2,5,12,0,1,15,438
9,0,36,2,12,39,4,0,0,4,55,16,20,6,3,7,32,5,36,9,0,11,6,24,1,6,9,0,1,6,750
17,5,45,6,18,11,0,0,5,9,59,4,37,2,0,16,50,5,35,6,0,23,11,24,7,2,5,0,4,17,500
4,0,12,0,2,5,0,0,0,0,32,10,13,4,0,6,4,3,6,0,0,11,5,5,2,4,1,0,0,0,438
5,0,19,0,2,4,0,0,1,0,32,7,11,0,0,4,3,7,4,0,0,7,3,11,0,0,5,0,1,0,500
16,30,32,1,4,5,0,0,31,1,44,4,14,3,3,1,9,0,8,0,0,9,5,30,1,3,0,0,2,1,438
5,1,14,0,1,2,0,0,1,0,21,7,12,1,2,8,4,7,2,0,0,2,0,10,4,1,2,0,0,0,438
16,1,12,0,6,6,0,0,1,1,31,0,16,1,0,2,10,0,3,1,0,12,1,11,1,1,9,0,0,4,375
25,0,31,4,9,3,0,0,0,6,41,8,23,4,5,4,49,9,23,2,0,17,7,42,1,4,8,0,6,7,688
4,2,23,2,3,14,0,0,2,2,26,2,13,2,6,8,28,9,10,0,0,5,1,6,1,2,2,0,0,10,312
3,0,12,1,3,4,0,0,0,1,23,1,9,0,0,2,6,2,3,0,0,10,6,6,1,0,3,0,0,1,500
8,1,12,2,4,3,0,0,2,3,25,12,11,1,0,5,11,0,4,0,0,7,4,10,2,1,0,0,0,2,625
12,3,36,0,3,11,0,0,3,0,42,7,17,2,2,7,19,14,3,1,0,11,5,16,0,2,1,0,1,3,500
5,1,6,0,2,2,0,0,1,0,14,1,21,0,1,8,3,1,5,0,0,7,2,7,0,0,3,0,1,0,250
3,0,6,1,1,2,0,0,0,1,14,0,7,4,0,2,7,2,6,0,0,4,0,8,1,4,1,0,0,1,375
10,0,17,1,4,10,0,0,0,2,23,7,8,2,1,3,12,6,4,0,0,5,4,6,0,2,1,0,2,4,562
5,2,8,1,0,3,0,0,2,0,5,2,8,0,0,3,1,5,6,0,0,3,1,1,0,0,2,0,0,4,562
2,1,5,2,5,1,0,0,1,2,9,1,7,0,0,0,11,1,5,3,0,2,0,4,0,0,3,1,0,7,250
14,2,12,1,5,5,2,0,3,2,18,4,9,1,0,2,10,6,6,3,0,11,7,16,1,1,1,0,2,1,438
2,0,8,1,0,3,0,0,0,2,11,1,10,1,2,3,4,4,6,1,0,4,0,7,0,1,0,0,0,0,500
0,0,1,0,0,2,0,0,1,0,4,1,5,0,0,2,1,0,1,0,0,1,0,0,0,0,0,0,0,0,0
23,0,28,0,1,8,0,0,0,0,32,9,19,1,1,9,5,14,1,1,0,7,0,11,0,1,2,0,0,0,375
12,0,7,0,2,4,0,0,0,0,17,0,10,2,1,3,8,2,4,0,0,6,1,7,1,2,4,0,1,0,250
0,0,3,0,1,2,0,0,0,0,5,1,10,0,0,6,8,1,7,0,0,5,1,3,3,0,3,0,0,0,250
2,0,10,0,7,3,0,0,0,1,18,1,5,0,0,1,8,1,8,3,0,9,8,3,2,0,3,0,0,3,375
0,0,19,0,0,1,0,0,0,0,54,51,21,1,0,21,0,0,0,0,0,0,0,0,0,1,18,0,0,0,125
4,1,5,1,0,0,0,0,1,0,4,1,11,0,0,8,0,3,1,0,0,2,0,0,0,0,0,0,0,0,312
13,2,35,1,12,7,0,0,2,3,51,11,23,3,0,10,21,3,10,0,0,16,12,22,17,3,4,0,2,6,500
16,2,12,0,7,3,0,0,2,1,32,8,30,0,0,13,14,4,14,1,0,15,7,14,1,0,1,0,1,4,625
18,3,34,0,0,3,0,0,3,0,36,3,17,1,5,5,8,5,2,0,0,8,1,9,0,1,2,0,0,3,375
9,2,14,2,3,4,0,0,3,2,30,3,18,1,0,7,14,3,4,0,0,6,5,8,0,1,12,0,0,2,688
9,0,13,0,0,3,0,0,0,0,18,2,10,1,0,4,8,3,3,0,0,2,0,9,1,1,5,0,0,0,625
5,0,18,4,4,12,1,0,3,4,16,3,11,2,4,4,17,2,7,1,0,2,0,5,1,2,1,0,2,6,438
1,1,12,1,2,3,0,0,1,3,16,5,12,0,1,5,12,0,10,4,0,4,3,0,0,0,5,0,0,7,312
5,0,11,1,2,3,0,0,0,1,13,5,7,3,1,1,10,4,10,0,0,5,2,16,1,3,1,0,0,2,562
7,0,15,1,0,6,0,0,0,3,25,2,12,2,3,3,5,5,5,1,0,6,3,8,0,2,2,0,0,1,500
4,4,29,5,12,9,0,0,4,3,30,4,19,5,0,6,16,4,11,0,0,17,10,14,5,5,8,0,1,10,625
18,2,22,2,5,12,2,0,3,4,44,7,26,1,0,10,22,0,27,2,0,11,6,24,5,1,2,0,5,3,625
21,5,13,2,1,6,0,0,5,1,28,11,20,0,0,11,0,14,11,1,0,12,3,1,0,0,4,0,1,4,625
4,2,28,6,9,4,0,0,2,10,47,9,23,2,0,4,19,16,15,1,0,22,15,16,1,2,10,0,4,4,562
4,1,16,0,3,2,0,0,1,2,15,0,9,1,2,1,7,11,12,2,0,16,11,15,3,1,4,0,1,0,500
12,0,11,0,3,9,0,0,0,0,23,5,15,0,2,4,3,3,8,1,0,10,1,8,0,0,0,0,1,3,0
9,0,9,0,1,4,0,0,0,1,16,0,7,3,1,4,9,3,4,0,0,2,0,7,0,3,2,0,0,2,312
8,0,10,0,2,0,0,0,0,0,19,2,6,0,2,2,4,4,3,1,0,5,2,4,2,0,4,0,2,2,250
7,0,32,1,4,10,0,0,0,1,38,5,6,4,1,3,8,0,5,0,0,6,5,9,2,4,1,0,0,2,500
10,1,24,3,7,7,0,0,1,3,41,7,15,2,1,7,14,5,9,1,0,5,3,11,2,2,4,0,1,3,438
7,2,15,1,2,1,0,0,2,2,18,7,6,2,3,2,10,7,7,0,0,7,4,18,1,2,2,0,1,4,562
7,3,27,1,9,19,0,0,3,1,43,8,21,4,2,8,27,3,23,5,0,13,6,11,4,4,3,0,3,9,438
3,0,6,0,1,0,0,0,0,0,11,0,6,0,0,2,8,3,8,1,0,6,3,7,0,0,2,0,2,3,250
5,3,32,2,2,27,0,0,3,5,57,25,23,1,5,9,27,12,20,4,0,15,10,22,1,1,5,0,1,0,500
9,1,15,0,7,3,0,0,1,0,29,6,9,0,0,3,8,6,7,1,0,13,9,15,3,0,0,0,4,4,375
10,1,18,1,5,8,0,0,1,2,30,4,23,0,1,8,4,4,15,0,0,13,5,4,6,0,6,0,1,3,562
7,0,22,1,2,5,0,0,1,1,41,8,24,1,1,9,13,2,2,0,0,12,2,5,3,1,2,0,0,0,500
2,0,14,0,3,1,0,0,0,0,12,5,11,0,1,4,7,5,7,0,0,9,6,7,1,0,1,0,3,3,688
9,1,28,9,10,9,0,0,1,8,36,3,22,9,3,6,16,6,13,2,0,15,6,25,2,9,2,0,3,11,625
2,2,8,0,2,3,0,0,2,0,4,0,9,0,0,4,2,5,1,1,0,5,1,0,0,0,0,1,1,4,375
9,0,13,0,1,4,0,0,0,2,18,2,9,0,0,2,20,8,29,1,0,14,7,33,2,0,5,0,3,2,625
4,0,21,0,3,8,0,0,0,1,34,0,18,0,1,8,6,2,12,7,0,11,6,8,1,0,6,0,1,3,312
8,0,8,0,2,1,0,0,0,0,18,11,7,1,0,4,3,0,1,0,0,2,1,5,0,1,0,0,0,2,500
7,0,13,0,1,9,0,0,0,0,10,0,5,1,0,0,8,1,8,1,0,2,0,4,1,1,0,0,0,3,438
6,1,9,2,4,3,0,0,1,3,15,1,7,1,0,1,6,2,8,1,0,3,1,4,0,1,7,0,3,2,500
4,3,10,2,4,1,0,0,3,2,20,3,10,1,0,5,16,3,8,0,0,5,4,12,1,1,5,0,4,3,562
6,2,20,3,3,5,1,0,4,4,16,1,9,4,2,4,1,8,6,0,0,6,5,7,1,4,1,0,1,3,625
10,0,24,4,2,5,0,0,0,4,31,7,9,3,3,3,20,1,19,0,0,12,9,16,5,3,0,0,5,0,625
12,0,11,0,2,4,0,0,0,0,18,0,5,1,0,2,4,2,2,1,0,5,2,9,0,1,1,0,0,0,312
9,1,12,2,2,1,0,0,1,2,26,6,11,0,0,4,20,4,8,0,0,10,4,14,2,0,2,0,1,1,500
13,1,17,2,4,0,0,0,1,3,34,3,25,1,0,8,10,2,11,0,0,20,10,18,0,2,1,0,1,2,438
7,2,20,0,0,7,0,0,2,0,24,4,13,0,0,4,9,0,8,0,0,8,0,11,0,0,5,0,0,0,562
13,2,30,1,11,8,0,0,2,3,39,11,25,4,1,8,26,9,24,1,0,22,12,29,0,4,0,0,0,5,750
11,0,28,1,2,3,0,0,0,2,37,4,15,4,3,5,14,9,7,0,0,7,1,10,3,4,2,0,2,6,500
5,4,24,1,12,11,1,0,4,2,51,11,34,2,1,15,22,2,20,4,0,20,10,16,4,2,3,0,2,3,375
22,0,34,4,7,17,0,0,1,9,62,13,24,3,1,7,22,15,12,0,0,26,17,11,0,3,8,0,1,9,438
8,0,18,2,6,5,0,0,0,2,31,3,18,2,0,7,18,4,13,4,0,11,6,9,0,2,4,0,1,2,125
3,0,10,1,4,8,1,0,0,1,17,2,8,1,0,3,3,7,5,2,0,6,2,5,0,1,2,0,2,2,562
4,1,3,0,2,6,0,0,1,0,7,0,6,0,0,2,3,1,8,5,0,1,0,6,1,0,0,0,3,1,438
12,1,20,3,4,3,0,0,1,3,25,5,10,3,3,4,18,6,10,0,0,10,8,12,1,3,0,0,2,4,562
3,0,13,0,2,6,0,0,1,1,17,4,9,0,1,0,12,5,14,6,0,8,1,16,2,0,1,0,0,3,500
7,3,32,3,10,6,0,0,3,7,44,4,17,1,2,4,22,8,13,1,0,20,12,16,1,1,5,0,6,8,625
5,3,13,2,1,3,0,0,3,2,20,0,12,1,1,7,7,6,2,0,0,6,2,7,1,1,3,0,1,1,562
27,0,36,0,5,4,0,0,0,1,43,3,21,0,4,7,22,5,7,1,0,17,7,23,6,0,1,0,0,3,562
4,1,40,11,4,5,0,0,3,11,38,10,21,12,8,13,23,9,5,0,0,9,4,12,0,12,0,0,0,10,562
11,2,14,0,3,11,0,0,2,1,31,7,12,1,0,2,14,4,13,3,0,15,11,13,2,1,2,0,0,0,688
6,0,28,2,15,12,0,0,0,3,33,8,27,3,2,6,26,10,17,0,0,23,6,22,1,3,2,0,4,10,562
8,0,8,1,0,6,0,0,0,2,8,0,6,0,0,2,9,0,4,0,0,3,0,7,0,0,0,0,0,0,500
21,1,28,0,2,7,0,0,1,1,32,7,7,2,0,3,11,6,11,3,0,8,6,16,0,2,1,0,2,0,625
9,0,18,1,7,12,0,0,0,2,25,2,14,1,0,3,7,4,13,3,0,9,4,14,1,1,1,0,3,2,938
13,0,17,0,6,3,0,0,0,0,21,1,9,3,2,2,25,9,6,0,0,5,3,9,5,3,2,0,1,4,375
15,3,23,0,5,8,0,0,4,0,42,6,20,2,0,3,28,4,12,1,0,17,8,32,2,2,3,0,0,5,750
6,0,20,1,5,5,0,0,0,2,26,6,10,1,0,2,14,10,7,0,0,11,6,18,0,1,4,0,2,2,500
10,1,27,2,18,9,0,0,1,3,42,4,23,1,3,11,20,9,12,0,0,17,12,23,3,1,2,0,4,9,562
1,0,20,2,7,7,1,0,0,3,26,8,9,3,0,1,12,13,11,3,0,11,7,16,0,3,0,0,3,1,688
5,2,12,1,4,5,0,0,2,1,22,1,8,0,0,3,10,2,10,3,0,8,4,10,2,0,6,0,0,6,438
9,1,14,1,2,2,0,0,1,2,29,7,15,0,0,7,10,6,9,0,0,6,3,14,1,0,0,1,1,2,562
5,0,5,1,5,7,0,0,0,3,7,0,6,3,0,5,12,0,7,2,0,3,2,5,0,3,3,0,2,2,312
20,2,23,0,9,5,0,0,2,4,46,10,19,0,3,8,24,4,15,2,0,20,11,27,8,0,5,0,2,6,625
2,0,4,0,0,4,0,0,0,0,8,0,7,0,0,5,3,1,2,0,0,2,1,2,0,0,0,0,0,0,312
8,5,14,0,6,8,0,0,5,2,43,6,24,1,0,13,10,1,5,0,0,7,1,18,1,1,5,0,4,3,688
6,1,6,0,2,2,0,0,1,0,17,3,8,0,0,3,3,1,3,1,0,4,2,3,0,0,2,0,1,0,438
15,0,21,0,7,6,0,0,0,0,29,6,19,0,0,12,9,5,14,2,0,9,5,20,5,0,1,0,2,3,562
13,1,18,1,8,1,0,0,1,1,26,2,9,2,0,2,10,1,3,0,0,9,6,11,0,2,0,0,1,4,562
16,5,14,2,0,8,0,0,6,4,16,7,5,0,1,1,7,0,6,1,0,3,1,18,1,0,3,0,1,0,500
6,0,3,0,2,11,4,0,0,1,7,0,2,0,0,0,7,0,13,5,0,2,2,2,0,0,0,0,1,1,438
11,0,23,1,4,2,0,0,1,1,25,4,13,3,3,7,9,9,5,0,0,6,2,11,0,3,1,0,1,5,562
3,1,15,2,2,4,0,0,1,3,28,6,16,3,0,4,10,1,10,4,0,14,5,5,0,3,3,0,3,4,500
6,2,20,4,6,12,2,0,3,4,56,8,39,1,0,14,20,2,6,2,0,14,4,19,1,1,5,0,2,8,500
13,4,27,6,11,3,0,0,4,11,36,11,12,2,2,3,25,8,16,0,0,20,14,23,3,2,0,0,2,10,625
9,0,14,0,2,7,0,0,1,0,13,2,5,0,0,1,5,0,6,1,0,4,0,10,1,0,3,0,2,1,562
3,0,9,1,0,5,0,0,2,0,16,5,11,2,0,8,1,1,4,0,0,3,2,1,0,2,0,0,1,0,312
43,1,48,1,8,11,0,0,2,3,58,14,19,0,1,11,39,2,17,3,0,17,11,49,4,0,2,0,0,4,438
4,1,6,0,2,2,0,0,1,0,7,1,3,0,0,1,0,2,6,0,0,2,0,1,0,0,1,0,2,0,438
3,0,5,1,0,4,0,0,0,1,12,4,2,1,1,1,1,1,5,0,0,4,3,1,2,1,4,0,1,0,250
12,0,25,2,8,3,0,0,0,6,18,6,4,3,1,0,9,2,7,0,0,8,7,19,0,3,0,0,1,3,562
1,0,11,0,3,4,0,0,0,0,15,2,10,1,2,2,8,4,7,0,0,6,3,7,0,1,1,0,0,0,625
8,0,17,4,1,14,0,0,0,6,36,13,12,0,1,4,6,6,2,1,0,7,4,6,0,0,3,0,0,1,562
9,4,12,5,4,3,0,0,4,6,18,4,12,2,0,6,7,2,4,0,0,5,3,12,4,2,0,0,0,6,500
7,1,9,1,2,2,0,0,1,2,13,3,4,0,0,0,3,2,2,0,0,5,4,4,0,0,0,0,0,1,688
8,1,15,2,6,2,0,0,1,4,20,3,12,6,2,3,10,8,4,0,0,7,5,11,0,6,0,0,2,5,625
0,0,1,0,0,1,0,0,0,0,2,0,1,1,0,0,0,0,0,0,0,0,0,0,0,1,1,0,0,0,0
15,0,50,8,18,11,1,0,0,9,63,16,30,4,9,11,33,15,12,3,0,20,7,26,3,4,7,0,4,10,688
4,0,13,0,2,6,0,0,0,0,29,5,8,1,2,4,4,4,15,0,0,6,4,15,1,1,3,0,0,0,312
11,0,17,3,7,7,0,0,0,3,33,16,20,0,1,7,6,3,13,6,0,16,9,10,2,0,1,0,3,2,562
10,1,31,2,10,12,0,0,1,5,54,5,18,1,2,5,44,8,24,0,0,13,7,30,1,1,8,0,4,13,562
20,1,31,2,5,11,1,0,1,2,42,11,17,2,1,5,14,1,35,19,0,9,2,12,7,2,9,0,3,4,375
5,2,20,1,7,5,0,0,2,2,33,9,15,2,3,3,14,6,6,0,0,17,10,11,0,2,3,0,2,5,562
9,1,14,0,7,3,0,0,1,0,27,5,8,0,0,3,8,6,7,1,0,13,9,14,3,0,0,0,4,3,500
1,0,14,2,8,3,0,0,1,2,12,3,13,1,0,2,14,7,10,3,0,9,4,11,2,1,0,0,4,5,562
5,0,11,1,2,1,0,0,0,1,20,5,13,2,0,5,8,4,1,0,0,9,3,12,3,2,0,0,0,2,562
9,0,37,2,29,31,3,0,0,7,42,16,19,6,4,8,40,5,34,9,0,9,5,24,2,6,9,0,6,24,562
5,1,20,1,3,8,0,0,1,1,33,9,10,3,1,4,4,1,7,0,0,4,3,14,0,3,1,0,2,1,438
5,1,52,5,15,8,0,0,1,6,64,4,42,2,6,16,21,18,29,12,0,40,20,28,3,2,4,0,6,3,562
5,4,3,1,0,1,0,0,4,0,11,7,12,0,0,6,4,3,8,3,0,4,1,1,0,0,0,0,0,5,562
2,3,7,1,5,1,0,0,3,2,21,0,12,0,0,3,13,2,9,1,0,8,2,15,2,0,2,0,0,2,500
13,0,23,0,2,1,0,0,1,0,22,7,13,3,1,6,6,7,4,0,0,6,2,8,0,3,0,0,0,2,562
7,0,16,0,5,6,0,0,0,0,21,4,12,1,1,7,14,1,11,0,0,4,1,9,0,1,3,0,0,3,562
8,0,19,0,10,3,0,0,0,1,25,3,10,0,0,5,22,1,18,0,0,9,8,19,0,0,12,0,3,5,500
8,0,14,0,0,0,0,0,0,0,14,4,3,1,1,0,3,3,2,0,0,3,1,10,0,1,1,0,0,0,625
2,3,12,1,5,6,1,0,3,0,25,5,13,1,0,5,13,3,12,2,0,3,0,17,0,1,10,0,1,3,688
15,2,30,2,5,10,1,0,2,4,38,7,25,4,2,7,19,8,15,1,0,12,3,23,8,4,3,0,1,4,500
12,0,16,0,5,4,0,0,0,0,21,1,10,3,1,1,26,9,6,0,0,5,3,10,5,3,3,0,1,4,438
4,0,11,0,2,5,0,0,1,1,15,4,7,0,0,0,13,3,14,9,0,6,1,16,2,0,1,0,0,3,500
3,0,9,1,0,5,0,0,0,1,19,3,15,0,2,4,9,2,8,0,0,7,1,4,0,0,0,0,0,0,375
4,0,16,4,7,1,0,0,0,4,28,4,13,0,0,6,6,4,11,0,0,7,5,6,1,0,0,0,1,3,688
4,0,14,1,4,3,0,0,0,1,30,7,17,3,1,8,3,7,9,0,0,8,4,14,1,3,3,0,3,0,562
21,0,21,3,2,7,0,0,0,3,36,8,23,0,1,10,10,5,16,2,0,12,4,18,2,0,2,0,2,3,562
16,2,18,1,5,2,0,0,2,3,27,3,13,6,3,6,20,5,10,0,0,14,10,21,3,6,5,0,3,2,562
21,8,18,0,2,4,0,0,8,0,20,8,11,0,0,6,1,6,3,0,0,7,1,0,0,0,3,0,5,1,500
9,0,15,1,1,5,0,0,1,2,32,5,16,1,0,7,30,2,9,2,0,10,6,18,2,1,0,0,1,5,750
4,1,10,0,4,4,2,0,1,0,26,4,11,0,0,5,6,5,7,2,0,11,6,8,2,0,2,0,0,5,375
5,1,10,1,4,0,0,0,1,3,11,1,7,0,1,1,8,1,2,0,0,6,2,5,0,0,0,0,0,2,500
20,6,12,0,0,2,0,0,6,0,11,2,13,0,0,5,2,13,7,1,0,8,1,1,0,0,0,0,1,3,375
2,0,3,0,0,2,0,0,0,0,3,2,4,0,0,3,5,0,1,1,0,0,0,1,0,0,0,0,0,0,0
21,2,29,5,16,7,2,0,2,10,53,6,22,3,2,7,47,9,38,3,0,15,13,29,0,3,6,0,8,14,438
1,0,13,0,6,4,0,0,0,0,29,4,10,0,0,1,0,2,6,0,0,15,8,2,1,0,7,1,0,3,312
23,3,29,1,5,9,1,0,3,1,57,5,32,2,0,6,16,9,19,1,0,21,9,26,2,2,0,0,3,3,500
9,0,21,3,8,19,0,0,0,4,34,5,17,4,2,5,13,2,10,1,0,8,4,17,2,4,2,0,1,5,562
25,1,44,4,13,13,0,0,1,6,63,11,23,10,0,8,27,10,25,4,0,16,9,41,3,10,3,0,6,8,438
2,0,13,0,0,1,0,0,0,0,18,4,15,0,0,0,2,12,3,0,0,12,0,4,0,0,1,0,2,1,188
7,1,14,0,2,7,1,0,1,1,27,4,21,1,0,7,10,2,7,0,0,7,4,13,2,1,0,0,1,2,500
7,0,32,2,13,7,0,0,0,2,50,8,18,2,1,5,24,8,16,7,0,13,6,17,3,2,4,0,2,13,500
1,0,11,0,5,8,1,0,1,0,16,0,9,1,1,3,13,9,4,0,0,8,3,11,2,1,1,0,3,2,438
9,7,12,1,1,2,0,0,7,0,6,3,10,1,0,4,2,5,5,0,0,5,0,0,0,1,1,0,3,1,562
0,2,14,0,3,0,0,0,2,0,6,0,9,0,0,1,0,0,3,1,0,5,1,2,1,0,3,0,1,2,375
1,0,13,0,6,9,0,0,1,0,27,1,13,1,1,6,15,10,6,0,0,8,3,10,2,1,2,0,5,2,438
7,0,20,3,7,6,0,0,0,6,30,6,26,3,1,5,11,1,10,1,0,12,2,12,1,3,2,0,4,4,500
7,0,24,0,4,2,1,0,0,1,34,4,13,2,2,8,12,7,11,1,0,11,9,15,0,2,2,0,1,5,938
0,0,7,0,2,0,0,0,0,0,7,3,3,0,0,0,9,2,7,1,0,1,0,7,0,0,2,0,1,3,312
7,0,44,3,7,1,1,0,0,8,48,16,22,3,12,6,27,19,24,3,0,17,7,20,4,3,8,0,7,5,562
3,1,7,0,3,1,0,0,1,0,14,0,12,1,1,3,1,0,5,0,0,7,3,2,1,1,1,0,1,1,625
10,1,21,2,7,4,1,0,1,2,30,9,13,0,3,4,5,4,7,1,0,12,6,5,2,0,1,0,1,3,688
25,2,17,0,0,6,0,0,2,1,30,13,43,0,0,21,2,20,9,1,0,22,1,5,0,0,2,0,4,1,500
17,7,27,0,3,14,3,0,8,0,60,11,43,0,4,21,12,10,8,4,0,12,4,7,1,0,4,0,0,3,438
15,3,45,5,10,14,2,0,4,8,64,16,36,3,5,14,32,11,32,2,0,27,15,44,8,3,1,0,3,7,625
12,3,17,0,6,14,0,0,3,0,27,4,14,3,1,4,11,3,9,0,0,6,1,19,4,3,1,0,2,5,562
4,1,10,1,2,9,0,0,1,2,17,2,6,2,1,4,16,3,11,0,0,3,2,12,1,2,4,0,1,1,562
6,1,17,0,6,8,0,0,1,2,25,2,14,1,0,8,20,2,8,1,0,8,6,20,0,1,0,0,4,6,500
3,0,1,0,0,0,0,0,0,0,2,0,2,0,0,1,0,1,1,0,0,0,0,1,0,0,1,0,0,0,0
1,0,14,2,7,2,0,0,1,2,12,2,14,1,0,2,14,7,10,3,0,8,4,12,2,1,0,0,4,4,562
8,0,9,1,1,4,0,0,0,1,19,4,13,1,0,3,7,1,6,1,0,10,5,6,2,1,1,0,1,1,312
14,4,19,2,7,2,0,0,4,5,42,15,16,0,1,10,20,2,13,2,0,11,6,13,0,0,7,0,2,5,500
20,2,43,6,20,9,0,0,4,11,53,5,41,6,5,16,38,19,25,4,0,32,21,17,4,6,8,0,3,12,562
5,0,24,0,8,5,0,0,1,2,36,1,27,0,2,7,21,12,18,2,0,19,6,22,3,0,3,0,9,5,562
6,0,31,0,2,5,0,0,0,0,35,9,28,1,1,10,25,0,5,0,0,11,7,7,3,1,9,0,2,3,562
3,0,11,1,0,6,0,0,2,0,15,4,11,2,0,7,1,2,4,0,0,4,2,1,0,2,0,0,0,0,438
5,0,27,2,0,9,0,0,0,2,73,8,34,0,2,12,15,6,4,0,0,42,30,62,0,0,10,0,1,0,438
2,1,8,0,1,2,0,0,1,0,9,1,1,1,1,0,4,0,2,0,0,0,0,2,0,1,2,0,0,2,188
6,2,27,6,9,3,0,0,2,9,34,8,16,4,4,5,26,17,7,0,0,15,8,16,0,7,0,0,2,6,562
2,0,6,1,6,2,0,0,0,2,9,2,1,1,0,0,6,0,2,0,0,6,6,3,0,1,2,0,0,7,438
6,3,24,1,1,5,0,0,3,1,42,5,21,1,1,9,7,4,3,0,0,9,2,15,0,1,6,0,1,1,375
21,0,46,3,11,5,0,0,0,8,61,11,28,5,2,11,25,15,13,1,0,32,21,40,3,5,6,0,1,4,562
4,2,12,0,4,5,0,0,2,0,15,3,9,0,1,2,5,3,3,0,0,9,4,12,0,0,0,0,0,2,562
3,0,4,0,2,0,0,0,0,0,7,0,7,0,0,2,1,1,2,0,0,3,1,3,0,0,0,0,2,2,250
10,1,20,2,8,5,0,0,2,2,30,6,13,0,0,4,11,8,6,0,0,14,8,15,1,0,1,0,2,6,562
15,2,23,4,4,2,0,0,2,4,35,12,14,4,2,3,25,5,13,1,0,9,1,21,2,4,6,0,2,3,500
9,1,19,2,3,11,1,0,3,6,42,4,16,2,2,3,14,5,12,2,0,13,2,20,2,2,13,0,6,3,625
13,2,31,1,11,7,0,0,2,3,37,11,25,4,1,7,24,9,23,1,0,23,13,29,0,4,1,0,0,5,688
4,2,15,0,0,6,0,0,2,1,17,6,5,3,3,0,11,5,4,0,0,3,1,6,1,3,1,0,0,1,500
8,0,29,0,3,4,1,0,0,3,48,8,27,3,1,7,22,4,18,1,0,18,4,19,0,3,5,0,4,4,438
21,1,10,1,0,5,0,0,3,1,6,0,13,0,0,6,0,4,0,0,0,6,0,0,0,0,2,0,1,3,438
11,0,6,0,0,8,3,0,0,0,14,4,5,2,0,2,0,0,12,3,0,1,0,0,0,2,3,0,0,0,250
15,4,45,5,10,16,2,0,6,8,65,18,37,4,4,14,32,11,30,2,0,27,15,44,8,4,1,0,3,7,625
1,0,14,0,2,1,0,0,0,0,17,2,9,4,2,3,19,2,8,3,0,5,3,4,0,4,9,0,3,2,625
8,1,11,2,1,5,0,0,1,2,19,3,16,2,0,7,8,0,3,0,0,8,1,8,0,2,2,0,1,2,375
8,0,19,1,4,4,0,0,0,1,41,6,22,1,0,10,11,2,12,1,0,16,9,24,0,1,2,0,0,3,625
6,2,20,4,6,12,2,0,3,4,53,8,38,1,0,13,21,2,5,2,0,13,3,20,1,1,5,0,2,8,438
7,1,12,0,7,5,0,0,1,5,29,4,11,1,1,2,19,3,7,0,0,13,6,9,1,1,0,0,2,3,438
9,0,21,1,3,10,0,0,0,1,32,1,19,7,0,8,14,1,11,0,0,9,5,7,1,7,1,0,1,1,500
14,0,21,0,2,2,0,0,0,0,34,4,17,1,2,6,9,9,7,0,0,9,2,10,0,1,0,0,0,2,688
20,2,24,0,10,6,0,0,2,4,38,10,18,1,3,8,23,4,13,2,0,19,11,27,8,1,5,0,2,6,500
22,0,23,2,2,6,0,0,0,2,38,9,24,0,1,10,7,5,13,2,0,13,5,17,2,0,2,0,1,3,562
11,2,23,2,10,9,0,0,2,4,32,12,18,4,1,3,35,1,13,0,0,10,4,22,3,4,8,0,4,5,500
5,1,22,0,3,10,1,0,1,1,32,3,15,0,1,7,18,5,10,1,0,7,1,8,0,0,11,0,1,4,438
6,0,22,1,4,6,0,0,0,1,42,12,22,6,3,5,7,6,10,0,0,10,2,13,1,6,3,0,1,6,438
17,2,19,0,1,10,0,0,4,0,24,0,15,1,0,4,18,0,2,0,0,7,0,9,0,1,3,0,0,6,62
11,0,10,8,6,16,1,0,0,8,30,10,7,2,1,3,7,0,3,2,0,3,2,1,1,2,16,0,1,8,125
3,0,18,0,1,5,0,0,0,0,27,5,13,0,2,8,5,8,9,4,0,5,1,9,0,0,5,0,1,0,438
6,0,7,0,0,7,0,0,0,0,22,1,11,2,0,8,1,0,0,0,0,1,0,2,0,2,5,0,0,0,0
6,0,9,4,3,0,0,0,0,6,12,2,3,7,1,0,13,1,10,2,0,4,2,10,2,7,3,0,1,5,500
10,2,20,2,1,4,0,0,2,3,35,5,24,1,1,6,10,6,8,0,0,15,5,13,0,1,5,0,2,1,625
14,3,25,0,7,7,0,0,4,0,41,3,28,1,0,13,23,3,7,0,0,18,11,11,9,1,6,0,2,3,625
20,2,26,1,9,8,2,0,2,1,37,7,24,0,1,8,15,6,17,4,0,17,11,19,2,0,3,0,0,4,625
7,0,25,1,5,2,1,0,0,2,33,6,13,2,2,8,9,7,11,1,0,11,9,17,0,2,2,0,1,5,562
18,1,11,0,1,2,0,0,1,0,27,4,7,1,0,0,6,4,13,0,0,22,18,15,2,1,1,0,1,0,438
10,2,28,11,8,11,0,0,4,13,47,6,24,9,1,6,47,10,15,0,0,11,5,27,0,9,9,0,4,8,375
6,2,6,0,3,5,1,0,2,0,18,3,11,0,0,5,2,2,4,1,0,3,1,6,1,0,2,0,0,1,562
15,2,24,0,2,8,0,0,2,0,43,6,12,1,1,6,15,8,10,1,0,7,2,16,0,1,4,0,0,0,625
6,2,9,0,0,0,0,0,2,2,17,2,10,0,0,5,1,3,2,0,0,5,1,9,0,0,0,0,1,0,625
6,1,10,0,2,2,0,0,1,1,27,3,17,0,0,6,8,5,9,0,0,8,2,12,1,0,2,0,3,0,562
7,1,22,4,10,11,0,0,1,4,34,9,14,5,0,5,16,3,9,0,0,15,10,14,2,5,0,0,0,4,625
11,1,28,3,10,6,1,0,1,3,43,6,27,3,2,13,12,5,17,1,0,20,14,28,2,3,1,0,5,2,625
2,0,6,1,5,1,0,0,0,2,8,2,3,1,0,1,6,0,2,0,0,6,5,2,0,1,1,0,0,7,312
7,0,11,0,2,2,0,0,0,0,18,3,9,0,0,4,8,0,7,1,0,8,4,10,0,0,0,0,1,2,500
6,0,22,1,6,9,0,0,1,3,30,7,19,2,2,11,4,7,5,2,0,9,6,6,1,2,4,0,2,2,562
14,0,21,0,4,2,0,0,0,1,28,4,18,1,0,6,3,4,5,0,0,5,3,10,3,1,1,0,1,2,438
4,0,4,0,1,7,0,0,0,1,29,1,8,1,0,3,16,0,8,1,0,4,1,4,0,1,5,0,2,0,375
6,3,27,1,0,9,0,0,4,3,47,8,27,1,1,13,10,8,10,1,0,9,1,13,2,1,5,0,0,2,500
4,0,25,1,5,7,1,0,0,1,40,8,24,0,7,8,13,10,13,2,0,14,2,0,0,0,6,0,1,2,438
3,3,14,1,3,6,0,0,3,1,28,2,11,1,2,2,9,5,10,2,0,7,3,11,6,1,4,0,0,5,562
11,1,17,0,6,10,0,0,1,5,34,1,15,4,0,1,4,7,10,0,0,18,9,13,2,4,5,0,0,5,438
5,1,10,2,8,1,0,0,2,5,8,1,2,1,0,1,9,0,5,0,0,4,4,4,0,1,3,0,1,2,250
3,2,14,1,4,5,0,0,2,1,22,2,12,1,2,2,13,6,10,2,0,7,3,11,6,1,5,0,0,6,562
10,0,30,5,14,4,0,0,2,7,39,4,23,5,3,8,9,16,10,1,0,21,8,23,2,5,0,0,4,9,625
7,1,26,0,5,6,0,0,2,0,31,6,18,2,0,2,11,3,14,0,0,13,4,15,1,2,0,0,6,3,625
7,0,22,0,4,3,0,0,1,1,30,5,12,1,2,2,3,10,10,0,0,6,2,16,2,1,4,0,6,4,625
1,0,10,1,4,4,0,0,0,4,19,1,7,1,0,1,9,2,7,0,0,10,7,13,3,1,6,0,1,2,438
4,1,21,0,0,3,0,0,1,0,22,3,12,0,2,6,6,8,4,1,0,5,1,6,0,0,0,0,1,0,500
18,2,19,0,2,6,0,0,2,1,32,15,26,1,0,5,21,1,12,2,0,10,2,27,1,1,2,0,0,2,500
5,2,1,1,2,8,0,0,2,1,10,1,9,1,0,1,0,1,1,1,0,3,0,7,0,1,4,0,1,0,0
19,2,20,0,2,6,0,0,2,1,31,14,24,1,0,5,21,1,8,2,0,11,3,26,1,1,5,0,0,2,625
14,4,31,7,11,12,1,0,4,8,60,11,24,1,0,6,27,5,20,4,0,19,10,11,5,1,10,0,0,13,562
9,0,15,2,2,15,0,0,0,2,33,10,12,0,0,3,18,1,14,4,0,10,3,14,0,0,4,0,2,1,625
6,0,21,2,4,6,0,0,0,3,29,8,22,1,0,5,13,6,11,1,0,9,5,15,2,1,2,0,3,3,750
8,1,21,1,12,1,0,0,2,2,31,3,10,2,1,3,19,5,15,3,0,11,10,21,2,2,1,0,5,6,562
11,1,14,3,7,5,0,0,1,3,17,2,7,0,2,3,11,2,10,1,0,10,9,15,1,0,0,0,1,3,562
6,0,20,2,1,6,0,0,3,2,35,6,21,0,0,7,14,5,10,2,0,7,2,17,1,0,1,0,2,1,625
5,0,5,1,3,6,1,0,0,1,15,2,5,0,0,1,21,0,10,1,0,3,3,19,0,0,6,0,4,2,438
5,2,18,1,10,5,0,0,2,2,31,4,15,6,0,7,12,4,12,3,0,10,4,16,5,6,1,0,5,3,625
12,0,15,0,8,4,0,0,0,6,37,7,27,4,0,11,23,3,16,1,0,8,6,14,2,4,3,0,4,6,438
5,1,10,2,3,10,0,0,1,2,14,4,11,3,1,3,4,3,5,2,0,3,2,8,0,4,0,0,2,3,688
16,1,29,0,6,10,0,0,1,2,46,21,14,4,0,7,15,1,10,0,0,18,11,20,2,4,0,0,2,2,625
7,1,4,1,3,10,0,0,1,1,9,1,10,1,0,3,4,0,3,0,0,2,0,2,0,1,0,0,2,1,500
8,3,10,1,0,2,0,0,3,0,11,2,20,0,0,13,2,0,10,2,0,5,0,1,0,0,4,0,1,1,500
13,2,34,1,11,6,0,0,2,2,50,10,23,4,0,10,21,2,9,0,0,16,12,21,17,4,5,0,2,6,438
10,0,12,0,6,4,0,0,0,0,18,1,10,0,0,1,10,0,9,0,0,11,6,14,1,0,0,0,0,1,438
5,0,11,2,2,5,0,0,0,3,19,2,12,1,1,3,7,0,8,0,0,6,3,5,2,1,0,0,0,2,438
15,2,11,1,2,7,0,0,2,1,21,2,16,0,2,4,7,2,4,0,0,12,3,6,0,0,2,0,0,1,312
17,6,21,0,3,16,0,0,6,1,50,3,34,5,0,12,7,2,3,0,0,13,1,10,5,5,5,1,2,2,188
14,9,11,1,6,12,0,0,9,1,40,5,25,0,0,8,17,4,16,1,0,12,7,5,1,0,8,0,3,5,312
15,3,11,2,2,6,0,0,4,2,24,5,6,0,0,3,13,3,0,0,0,6,3,2,2,0,3,0,0,3,562
14,0,8,0,2,3,0,0,0,0,21,6,11,1,0,7,9,1,3,0,0,1,1,10,0,1,0,0,0,1,375
4,1,7,0,0,7,0,0,1,0,15,0,8,0,0,4,1,5,3,0,0,3,0,4,0,0,4,0,0,0,375
5,0,21,1,8,5,2,0,0,6,33,1,9,0,3,5,10,3,4,0,0,12,9,9,0,0,3,0,0,7,562
5,1,16,3,1,9,0,0,1,3,34,4,16,2,2,6,16,5,1,0,0,10,2,10,1,2,0,0,0,0,250
8,4,7,2,0,2,0,0,4,1,5,1,11,0,0,7,2,8,6,1,0,3,0,2,0,0,1,1,0,1,312
2,0,6,0,1,2,0,0,2,0,9,2,5,0,0,2,1,1,4,1,0,1,1,3,0,0,2,0,1,0,0
11,4,11,0,3,8,0,0,4,0,26,5,12,2,0,6,11,5,2,0,0,4,1,10,0,2,0,0,1,1,562
14,2,32,2,16,14,1,0,2,4,48,7,22,4,1,10,25,3,7,1,0,12,8,21,5,4,3,0,3,14,500
6,2,8,1,5,0,0,0,2,3,18,1,11,1,0,4,16,3,7,0,0,8,4,6,0,1,6,0,2,4,562
0,0,3,0,0,1,0,0,0,0,8,3,4,0,0,3,0,0,2,0,0,1,0,0,0,0,2,0,0,0,125
15,1,23,1,4,1,0,0,1,2,40,5,20,3,0,7,18,2,6,1,0,15,7,13,1,3,1,0,1,5,562
7,0,26,3,8,2,0,0,1,5,32,4,16,4,0,9,7,8,17,5,0,9,7,13,5,4,1,0,2,5,688
3,0,11,2,2,2,0,0,1,2,17,7,12,0,2,7,2,3,3,1,0,4,3,6,0,0,0,0,0,1,562
3,6,2,3,0,2,0,0,6,1,11,4,9,0,0,5,2,6,3,1,0,2,0,1,0,0,2,0,0,3,375
15,0,25,3,8,13,0,0,0,4,30,8,16,3,1,8,22,3,17,4,0,10,7,22,0,3,3,0,2,6,562
3,0,10,1,0,4,0,0,0,1,21,5,13,0,2,4,12,3,9,0,0,6,1,7,0,0,2,0,0,0,312
4,1,8,0,1,5,2,0,1,1,17,1,4,0,0,3,8,1,8,2,0,2,1,7,0,0,2,0,1,0,375
18,2,29,0,6,5,0,0,2,1,49,4,26,2,3,12,14,6,16,0,0,20,12,22,5,2,13,0,2,1,562
4,0,2,0,3,12,0,0,0,0,16,3,9,3,0,2,20,0,3,0,0,6,1,5,0,3,11,0,1,3,62
8,0,28,4,7,1,0,0,0,5,37,18,11,5,2,7,22,0,11,1,0,10,10,11,8,5,8,0,6,6,500
9,0,22,1,9,7,0,0,0,4,31,16,13,0,1,4,18,1,20,1,0,10,5,17,2,0,1,0,2,10,562
9,2,9,0,1,1,0,0,2,2,14,1,9,0,0,3,5,1,1,0,0,8,2,9,0,0,2,0,0,1,250
20,9,16,1,5,15,2,0,9,5,41,25,14,0,0,5,25,1,26,7,0,8,5,18,1,0,0,0,0,2,562
3,2,12,5,3,1,0,0,2,4,29,2,8,0,0,2,8,1,8,0,0,5,2,6,1,0,4,0,1,3,438
14,1,29,3,5,13,2,0,1,3,36,2,20,3,1,5,5,3,9,2,0,18,8,14,1,3,0,0,2,1,500
8,2,12,0,1,4,1,0,3,0,25,2,13,0,0,6,10,0,4,0,0,7,4,6,1,0,2,0,0,2,562
19,3,19,0,9,7,0,0,4,5,27,1,11,1,0,4,27,0,21,0,0,19,12,20,0,1,6,0,5,1,438
4,0,13,1,2,2,0,0,0,1,19,5,12,2,1,3,4,6,3,2,0,11,6,4,0,2,0,0,0,0,438
8,0,8,1,0,6,0,0,0,1,13,3,5,1,0,1,4,1,2,0,0,2,0,4,1,1,0,0,0,0,375
4,1,31,1,5,24,0,0,1,2,55,14,26,4,2,8,8,12,11,0,0,22,9,19,2,4,7,0,0,0,500
5,1,7,0,1,2,0,0,1,0,10,2,14,0,0,11,7,1,1,1,0,2,0,2,0,0,0,0,0,0,250
3,0,6,0,7,2,0,0,0,0,12,3,7,0,0,4,9,2,1,0,0,3,3,5,1,0,1,0,1,5,375
19,1,29,1,15,12,1,0,1,9,74,16,30,3,2,8,42,9,34,2,0,21,10,49,6,3,8,0,6,8,750
2,1,11,2,11,8,0,0,1,3,24,3,11,0,0,3,19,1,13,3,0,11,6,14,2,0,6,0,2,7,500
4,0,11,1,9,1,0,0,0,4,14,4,2,1,1,2,12,4,6,1,0,3,3,2,1,1,2,0,1,7,438
13,2,23,1,6,8,1,0,2,3,44,10,19,3,0,12,6,1,9,0,0,10,6,15,4,3,1,0,3,3,438
6,2,20,3,4,6,1,0,4,4,17,2,8,4,2,4,1,8,6,0,0,6,5,6,1,4,2,0,1,3,562
7,0,20,2,5,6,0,0,0,3,30,8,20,1,0,5,12,6,10,1,0,9,5,14,1,1,2,0,3,3,688
18,2,18,0,3,19,0,0,2,0,37,6,26,3,1,5,16,2,5,1,0,19,0,8,0,3,10,0,0,5,188
7,0,33,1,4,7,0,0,0,1,44,4,15,4,1,12,7,0,5,0,0,6,5,8,2,4,0,0,0,2,750
3,0,20,2,5,3,0,0,0,4,39,9,16,1,0,6,5,2,7,1,0,13,6,14,1,1,0,0,3,3,562
10,0,28,5,11,1,0,0,0,8,42,10,24,4,3,8,18,10,20,6,0,21,13,15,1,4,2,0,2,8,562
5,0,15,0,6,5,0,0,0,1,23,3,9,1,0,3,7,4,13,0,0,9,7,22,1,1,3,0,2,3,500
24,1,34,3,9,4,0,0,2,3,54,19,26,4,1,9,5,12,30,9,0,25,15,14,2,4,0,0,2,5,625
12,0,24,4,8,1,0,0,0,5,17,6,12,5,3,4,13,5,9,1,0,6,1,5,3,5,1,0,2,7,500
5,2,46,2,11,8,1,0,2,3,59,12,21,9,9,6,19,9,12,4,0,7,1,16,2,9,12,1,0,12,438
5,1,12,0,1,3,0,0,1,7,17,4,8,0,0,4,20,3,8,0,0,8,6,10,0,0,1,0,0,2,312
7,1,8,0,3,7,0,0,1,0,21,5,8,1,2,1,11,2,6,0,0,6,2,12,1,1,2,0,0,2,438
11,2,31,3,11,4,0,0,3,6,48,15,30,3,2,9,31,17,13,2,0,17,2,19,4,3,7,0,7,15,562
5,1,3,2,2,2,0,0,1,2,13,1,8,3,0,3,5,2,7,2,0,8,3,4,2,3,0,0,0,0,438
14,0,14,0,7,2,0,0,0,0,16,1,9,1,0,1,20,1,18,2,0,14,8,15,0,1,4,0,0,5,500
10,0,18,0,5,0,0,0,0,0,24,7,8,0,1,7,2,3,2,0,0,7,7,4,1,0,1,0,0,1,625
10,0,31,2,4,2,0,0,0,2,29,6,17,4,1,7,10,5,7,0,0,19,12,13,2,4,2,0,2,3,750
5,0,10,2,1,16,0,0,0,2,17,2,2,2,3,0,6,6,3,0,0,5,4,9,0,2,3,0,4,0,500
6,2,15,0,4,5,1,0,3,0,22,1,13,0,1,4,10,6,8,0,0,8,1,10,2,0,3,0,0,2,562
11,3,41,5,11,6,0,0,3,5,65,12,37,5,0,9,24,6,22,0,0,23,9,19,4,5,11,0,4,10,562
14,1,29,6,25,13,0,0,1,10,57,16,35,4,0,14,32,5,18,0,0,33,22,23,7,4,2,0,6,11,438
10,2,11,0,1,14,0,0,2,2,28,15,9,1,0,3,15,4,9,0,0,8,4,16,1,1,2,0,1,1,625
0,0,9,0,0,5,0,0,0,0,10,1,5,0,0,0,0,0,0,0,0,4,0,0,0,0,1,0,1,0,0
4,0,12,1,4,8,1,0,2,1,14,5,8,1,1,2,12,5,4,1,0,4,2,8,1,1,0,0,2,5,688
23,4,25,3,3,3,0,0,4,4,44,10,22,0,0,7,26,9,20,4,0,10,4,23,3,0,7,0,2,5,500
15,1,13,1,4,4,0,0,1,6,23,1,11,2,0,2,20,3,20,1,0,10,5,15,1,2,2,0,7,5,500
5,0,16,0,0,3,0,0,0,1,26,3,12,2,1,5,12,7,4,2,0,4,1,9,1,2,4,0,2,1,625
8,0,26,0,9,6,0,0,0,0,32,4,11,0,1,2,10,9,4,0,0,11,5,13,1,0,1,0,1,4,562
19,3,22,2,5,4,0,0,3,4,36,6,20,3,2,7,19,4,11,0,0,8,3,21,5,3,4,0,3,2,500
14,0,19,0,3,2,0,0,0,0,34,4,17,1,2,6,10,8,7,0,0,11,4,10,0,1,0,0,0,2,562
11,0,18,1,6,7,0,0,0,3,36,14,19,1,1,10,24,11,14,0,0,14,9,16,2,1,0,0,5,4,625
2,0,17,2,6,13,0,0,0,5,27,9,19,0,0,10,10,5,9,2,0,14,8,7,0,0,3,0,5,3,625
6,0,18,0,3,7,0,0,2,0,37,8,21,5,0,8,20,1,9,1,0,15,4,18,2,5,1,0,0,1,750
8,0,20,4,5,2,0,0,0,6,29,5,21,2,3,9,11,1,13,0,0,14,9,13,1,2,3,0,1,1,625
4,0,7,1,2,3,0,0,0,2,11,3,6,1,0,0,4,1,5,0,0,2,0,3,2,1,0,0,2,3,625
7,1,13,0,3,6,0,0,1,1,15,0,9,0,0,5,17,1,10,0,0,2,2,9,2,0,10,0,2,2,438
2,0,11,1,0,4,0,0,1,0,7,1,15,0,0,4,0,2,9,6,0,8,1,0,0,0,0,0,0,0,562
10,3,40,4,6,15,0,0,3,8,59,16,24,2,0,11,39,8,31,10,0,17,9,33,1,2,11,0,0,2,562
3,1,19,1,2,3,0,0,2,2,25,4,11,1,1,3,11,4,2,0,0,3,1,9,1,1,2,0,0,3,562
12,0,24,1,5,2,0,0,1,1,25,5,12,3,3,7,9,8,5,0,0,5,2,11,0,3,1,0,1,6,562
14,0,20,1,13,9,0,0,0,3,24,4,7,1,0,1,27,2,10,0,0,11,7,15,2,1,0,0,4,7,688
10,1,44,4,17,5,1,0,2,8,44,7,14,4,5,4,26,9,24,3,0,17,14,26,1,4,5,0,8,7,688
7,1,20,0,0,7,0,0,1,0,31,3,13,0,0,4,15,0,8,0,0,8,0,12,0,0,10,0,0,0,562
4,2,5,0,3,4,0,0,2,1,14,1,6,0,0,1,4,0,9,4,0,8,6,7,3,0,2,0,1,1,625
2,1,18,4,9,6,1,0,1,5,31,10,16,9,1,7,10,6,2,0,0,7,6,12,2,9,1,0,3,6,562
8,1,17,1,1,6,0,0,3,1,25,7,11,3,2,3,14,8,6,0,0,12,5,6,1,3,2,0,2,2,625
4,3,11,0,1,2,0,0,3,0,17,8,20,0,0,4,4,8,6,0,0,13,0,4,1,0,4,0,0,5,562
3,1,12,1,4,6,0,0,2,2,21,2,14,4,1,6,8,4,12,0,0,8,5,7,0,4,1,0,1,3,500
6,0,19,0,6,7,0,0,0,2,27,3,15,2,0,8,20,2,8,1,0,7,5,20,0,2,0,0,4,6,500
14,3,20,0,3,8,0,0,3,2,34,4,16,0,1,8,16,5,9,1,0,8,4,14,2,0,2,0,1,1,562
15,1,30,3,4,12,1,0,1,3,38,5,21,4,0,5,4,3,8,1,0,19,8,14,1,4,0,0,2,1,438
16,1,21,1,4,8,0,0,1,1,21,4,13,0,1,5,12,7,8,1,0,8,5,18,0,0,0,0,1,3,562
9,0,26,0,14,23,0,0,0,1,76,26,42,7,0,20,16,2,35,1,0,23,13,15,4,7,3,0,0,9,438
12,3,8,0,0,6,0,0,3,0,21,0,14,1,0,6,7,0,3,1,0,5,0,14,0,1,6,0,0,0,312
11,0,20,1,6,11,2,0,0,4,34,7,25,1,3,11,38,9,15,3,0,16,12,19,2,1,11,0,4,5,562
13,0,19,2,3,2,0,0,0,0,15,0,25,1,0,12,2,1,8,5,0,10,0,0,0,1,3,0,1,7,250
10,0,9,0,3,4,0,0,0,1,18,1,12,1,0,5,9,3,6,0,0,9,6,11,1,1,0,0,3,0,812
1,0,5,3,3,10,0,0,0,4,18,2,9,0,0,4,21,2,16,2,0,3,1,15,0,1,10,0,3,3,625
20,0,19,1,6,5,0,0,1,2,37,13,19,5,1,6,10,7,7,1,0,10,3,16,1,5,0,0,1,5,625
5,1,22,1,8,4,0,0,1,1,33,12,14,0,1,7,21,8,12,0,0,9,6,15,1,0,6,0,6,9,625
5,4,20,3,6,4,0,0,4,5,44,11,25,5,0,9,21,8,6,0,0,11,4,14,5,5,2,0,3,3,688
20,4,8,2,3,4,0,0,4,4,13,4,8,2,2,0,25,3,13,3,0,15,9,19,3,2,1,0,2,4,562
4,0,14,1,4,3,1,0,0,1,20,1,7,2,0,3,3,10,7,3,0,5,2,8,0,2,1,0,2,2,625
1,0,3,1,0,2,0,0,0,1,13,3,7,4,0,3,1,0,4,0,0,3,1,3,0,4,0,0,1,0,0
10,1,35,3,7,4,0,0,1,3,46,8,28,1,1,10,7,0,13,0,0,16,7,15,2,1,1,0,3,7,500
14,1,21,2,5,11,2,0,1,3,30,7,14,0,1,0,17,13,13,1,0,13,7,11,1,0,10,0,1,8,438
5,1,14,3,1,6,0,0,1,3,33,4,16,3,2,6,16,5,1,0,0,10,2,9,1,3,0,0,0,0,500
3,0,9,1,6,6,0,0,0,5,11,4,7,1,0,2,9,2,10,3,0,6,4,0,1,1,3,0,2,3,438
2,1,4,0,4,6,0,0,1,0,15,1,3,0,0,2,11,0,12,0,0,6,4,11,1,0,2,0,4,0,312
4,0,12,1,6,5,1,0,0,2,21,0,16,0,2,5,14,2,8,0,0,6,3,9,0,0,0,0,2,6,438
3,1,8,2,10,1,0,0,1,2,16,0,6,0,0,1,4,1,10,0,0,8,5,10,0,0,1,0,1,3,438
7,0,7,3,2,4,0,0,0,3,11,2,4,0,0,1,2,0,8,0,0,5,2,5,0,0,1,0,0,1,688
26,3,14,1,15,21,0,0,3,1,37,0,36,2,1,17,56,2,12,0,0,7,1,54,3,2,18,0,2,2,375
5,0,10,0,5,0,0,0,0,0,15,5,8,2,0,5,6,1,6,0,0,7,5,10,0,2,2,0,1,0,500
6,1,10,0,5,8,0,0,1,1,21,2,19,0,1,2,19,2,12,3,0,13,7,6,0,0,2,0,1,4,875
15,8,46,3,6,18,1,0,8,4,74,22,39,6,2,14,21,15,20,3,0,19,8,28,0,6,3,0,4,7,562
11,0,35,2,1,4,0,0,0,5,53,12,33,7,3,13,14,4,23,1,0,12,2,24,4,7,6,0,6,1,500
10,0,22,0,6,4,1,0,1,2,30,3,12,1,0,3,11,10,7,0,0,9,3,14,0,1,3,0,1,4,562
8,2,20,1,6,5,0,0,4,3,26,11,14,3,1,5,14,2,10,0,0,7,4,16,3,3,7,0,2,8,688
14,4,26,1,7,4,0,0,4,4,50,8,25,2,0,7,31,3,23,6,0,24,13,24,4,2,2,0,4,1,438
10,1,32,2,10,4,0,0,1,3,40,9,18,1,2,10,16,3,19,1,0,13,8,21,4,1,3,0,5,9,500
11,4,12,1,1,3,0,0,4,0,9,3,13,0,0,2,2,8,4,1,0,5,0,0,0,0,0,0,1,1,500
2,1,14,1,0,2,0,0,1,1,17,0,7,1,0,2,14,2,7,0,0,6,2,6,2,1,11,0,1,2,438
7,4,16,8,5,10,0,0,5,9,38,8,21,5,1,9,15,8,5,0,0,9,0,6,0,5,5,0,2,3,625
12,0,16,0,4,2,0,0,0,1,24,0,9,2,0,4,25,8,10,0,0,11,9,24,1,2,5,0,4,4,438
3,0,21,3,13,2,0,0,1,8,27,7,17,3,2,6,24,13,20,2,0,11,5,22,3,3,1,0,5,9,625
3,0,4,0,1,6,0,0,0,0,9,5,2,0,0,1,2,2,1,0,0,3,2,2,0,0,0,0,0,0,312
1,0,11,2,6,6,0,0,0,2,16,2,7,0,0,1,22,3,5,0,0,2,0,16,1,0,1,0,2,4,562
1,3,19,0,3,4,0,0,3,0,22,1,15,0,0,9,10,0,1,0,0,11,5,14,4,0,4,0,0,1,625
4,0,16,2,6,3,0,0,0,3,18,6,6,2,0,0,13,8,7,0,0,9,4,12,2,2,1,0,1,5,688
17,7,35,2,10,16,0,0,7,5,59,14,21,1,0,10,29,10,26,5,0,13,7,21,1,1,1,0,8,4,562
2,2,14,8,8,4,0,0,2,9,13,0,14,7,0,3,31,1,6,3,0,17,10,6,1,7,11,0,0,9,500
7,4,22,2,7,10,0,0,4,6,41,6,23,2,0,10,9,2,21,0,0,14,7,16,0,2,5,0,3,4,625
2,0,23,1,0,4,0,0,0,3,22,2,14,0,1,0,19,12,16,1,0,11,5,18,3,0,9,0,3,1,438
9,2,15,0,2,8,0,0,6,0,30,5,26,0,0,8,2,8,6,1,0,16,3,10,1,0,1,0,0,1,562
3,0,5,0,4,5,0,0,0,1,7,1,8,1,2,2,3,1,8,0,0,4,2,6,1,1,0,0,0,2,625
5,1,7,0,6,7,0,0,1,2,11,0,2,0,1,2,7,0,7,0,0,3,3,6,0,0,1,0,4,4,500
7,1,15,0,4,7,0,0,1,0,28,4,6,0,1,2,9,8,5,0,0,8,5,10,0,0,2,0,0,2,562
8,0,14,0,3,4,0,0,0,0,23,10,10,3,0,3,7,3,7,0,0,7,4,10,0,3,0,0,0,2,875
2,1,24,2,8,3,0,0,1,3,28,6,21,1,5,7,18,12,18,0,0,10,5,23,1,1,2,0,2,6,688
4,3,10,2,5,1,0,0,3,2,21,3,9,2,0,5,12,3,8,0,0,7,4,12,1,2,3,0,4,4,500
7,0,21,1,4,12,0,0,1,1,27,2,7,1,2,4,14,3,3,0,0,6,3,6,1,1,1,0,0,2,500
15,1,29,1,16,11,1,0,1,2,55,7,28,4,1,10,22,3,6,1,0,15,9,22,6,4,2,0,4,13,500
6,0,10,0,4,2,0,0,0,0,16,2,10,1,0,4,6,0,7,1,0,6,2,5,0,1,0,0,3,5,438
5,1,18,5,3,8,0,0,1,8,31,8,6,3,0,2,15,5,9,0,0,4,3,14,0,3,3,1,2,4,438
14,4,27,1,7,15,2,0,5,5,37,4,18,5,3,6,25,4,14,2,0,13,8,12,2,5,9,0,2,4,562
17,3,23,1,13,15,1,0,3,4,49,5,34,9,1,10,54,5,28,7,0,21,12,25,4,9,5,0,6,7,562
5,0,12,0,6,2,0,0,0,0,23,0,13,0,0,2,7,5,8,0,0,11,3,11,6,0,5,0,1,4,375
10,1,10,2,0,1,0,0,1,0,13,6,16,0,2,9,3,10,16,6,0,5,1,2,0,0,2,0,0,1,750
5,2,12,0,4,3,0,0,2,0,21,11,21,0,0,5,11,3,6,1,0,9,4,13,0,0,0,0,0,1,375
6,1,3,0,0,1,0,0,1,1,4,1,3,0,0,2,3,5,2,0,0,0,0,2,0,0,1,0,2,2,438
5,3,22,4,5,11,0,0,3,6,30,3,24,5,1,4,19,6,25,7,0,22,12,20,4,5,4,0,5,6,562
0,2,10,0,1,9,0,0,3,1,26,5,12,0,0,3,1,5,5,0,0,8,4,5,1,0,14,0,0,0,438
9,1,17,3,13,13,0,0,1,8,32,9,14,2,0,5,17,3,19,0,0,19,16,11,1,2,8,0,3,10,500
12,3,32,7,10,11,0,0,3,8,55,9,36,3,1,6,14,8,15,0,0,22,9,18,1,3,4,0,6,8,562
4,1,9,2,0,2,0,0,1,2,10,3,8,1,0,2,6,4,4,2,0,4,1,7,0,1,1,0,1,0,500
7,1,23,2,7,3,0,0,1,3,33,9,15,2,1,5,12,11,13,0,0,6,5,22,3,2,0,0,5,6,750
5,1,16,5,3,11,0,0,1,8,28,7,6,3,0,2,15,5,9,0,0,4,3,14,0,3,3,0,2,3,562
3,1,10,1,1,2,0,0,1,1,20,1,11,0,0,2,13,0,3,1,0,8,1,6,2,0,0,0,1,1,438
5,0,13,0,5,6,0,0,0,2,22,10,7,1,1,4,6,5,2,0,0,6,4,10,1,1,1,0,1,2,562
4,2,16,0,4,8,0,0,2,1,16,7,5,3,3,1,13,5,4,0,0,2,1,6,1,3,1,0,0,3,500
13,1,27,1,8,5,0,0,1,1,46,12,18,2,2,8,22,14,15,0,0,19,11,22,1,2,0,0,4,2,625
5,0,5,0,2,3,0,0,0,0,10,2,6,1,0,3,0,1,5,0,0,1,0,5,0,1,0,0,0,1,438
5,0,29,0,6,5,0,0,1,0,41,9,22,2,2,13,11,6,11,3,0,8,2,17,2,2,1,0,3,3,875
12,0,13,1,1,8,0,0,0,1,17,6,5,4,0,3,3,1,8,0,0,4,3,11,0,4,0,0,1,0,500
15,0,18,0,5,7,0,0,0,0,25,0,10,4,3,7,24,10,2,0,0,2,0,12,3,4,10,0,0,8,312
21,8,19,0,2,5,0,0,8,0,19,8,10,0,0,6,2,6,3,0,0,7,2,0,0,0,3,0,5,1,375
1,0,11,1,4,4,0,0,0,4,17,1,9,1,0,2,9,3,7,0,0,9,6,12,3,1,5,0,1,2,438
9,0,14,1,1,5,0,0,1,1,29,7,15,1,0,5,18,0,12,1,0,8,1,12,0,1,0,0,1,3,750
11,0,23,1,5,1,0,0,1,1,23,4,13,3,3,7,9,9,5,0,0,6,2,11,0,3,1,0,1,6,562
10,4,20,1,8,8,0,0,4,2,49,14,26,1,0,11,13,8,11,2,0,18,9,26,3,1,6,0,2,4,500
4,2,19,1,5,3,0,0,2,1,27,2,24,8,1,5,34,9,12,1,0,13,8,16,1,8,9,0,1,6,750
9,1,20,2,7,7,0,0,1,3,32,6,17,1,0,5,20,6,14,1,0,17,11,23,2,1,4,0,4,8,625
2,0,9,3,3,2,0,0,0,3,18,5,12,1,1,1,5,5,5,2,0,11,4,11,1,1,1,0,1,3,562
10,1,20,1,7,8,2,0,1,4,33,6,24,1,3,12,37,8,14,3,0,15,12,20,3,1,10,0,4,5,625
5,1,12,0,5,2,0,0,1,0,17,6,9,1,0,5,8,2,3,0,0,4,3,8,5,1,0,0,1,3,438
5,1,3,1,0,0,0,0,1,1,11,1,5,0,0,2,1,4,10,6,0,3,0,0,0,0,1,0,0,1,562
12,0,13,0,4,0,0,0,0,0,20,4,18,0,0,4,6,7,5,0,0,9,2,13,0,0,0,0,2,1,500
4,0,16,4,7,1,0,0,0,4,28,3,13,0,0,6,6,4,11,0,0,7,5,5,1,0,1,0,1,3,688
11,2,20,2,1,5,0,0,2,2,31,8,10,4,1,3,7,8,15,3,0,7,7,10,2,4,0,0,3,3,688
0,1,10,2,1,6,1,0,1,2,15,2,3,1,0,1,6,0,6,3,0,1,0,1,0,1,0,0,3,0,375
11,0,12,0,0,1,0,0,0,1,17,6,8,1,0,3,4,6,8,0,0,7,4,10,1,1,1,0,1,1,562
7,0,10,1,5,2,0,0,0,2,14,1,4,1,1,2,8,1,10,1,0,3,2,7,1,1,2,1,1,3,562
11,1,11,4,10,3,0,0,2,6,18,6,5,0,1,3,17,6,5,0,0,8,7,15,0,0,2,0,1,7,500
15,0,37,1,6,11,0,0,0,4,61,9,25,2,2,8,11,9,6,0,0,22,9,21,2,2,0,0,2,4,750
12,0,12,0,2,5,0,0,0,0,29,10,12,1,1,5,6,1,5,0,0,12,6,12,2,1,1,0,3,2,562
6,2,17,2,5,3,0,0,2,3,35,10,17,3,0,6,8,2,15,0,0,17,10,11,2,3,2,0,4,2,750
5,1,22,1,2,1,0,0,1,1,27,2,9,1,3,6,6,7,5,0,0,6,4,9,1,1,0,0,2,0,500
14,1,30,3,1,11,0,0,1,3,34,3,16,1,2,3,22,9,10,1,0,4,0,25,2,1,3,0,2,1,438
9,1,11,0,0,10,0,0,2,0,25,4,14,0,1,1,11,3,9,0,0,11,2,11,0,0,3,0,0,0,562
9,0,9,0,0,5,0,0,0,0,12,0,3,0,0,1,0,0,1,0,0,2,0,9,2,0,3,0,0,0,438
16,1,34,0,3,5,0,0,1,0,34,8,21,0,0,10,18,3,12,0,0,12,7,20,1,0,3,0,0,1,562
10,2,32,2,9,5,0,0,2,3,41,9,17,0,2,9,16,3,17,1,0,13,8,19,4,0,5,0,5,8,500
4,1,16,1,8,5,0,0,1,2,27,4,14,0,0,4,14,2,18,5,0,9,1,12,0,0,4,0,0,6,562
7,2,15,0,1,4,0,0,2,0,24,4,15,0,1,2,7,6,4,1,0,14,7,12,0,0,0,0,0,2,562
5,0,15,0,5,5,0,0,0,1,23,3,9,1,0,3,7,4,14,0,0,10,8,21,1,1,3,0,2,3,562
8,2,10,2,3,7,1,0,3,0,13,1,20,0,0,6,3,5,4,0,0,6,0,2,0,0,2,0,0,6,750
5,2,45,2,11,9,1,0,2,3,58,12,21,9,8,6,19,9,12,4,0,7,1,17,2,9,12,1,0,12,625
5,1,17,1,2,1,0,0,1,2,29,0,13,2,1,6,8,1,14,5,0,16,12,13,0,2,3,0,0,2,625
11,1,12,5,2,4,0,0,1,5,25,4,9,3,0,2,3,9,7,0,0,7,3,10,0,3,2,0,3,2,688
27,1,13,1,1,12,0,0,1,1,30,5,12,0,0,6,15,1,3,0,0,9,4,9,1,0,0,1,0,2,375
25,4,36,3,9,16,0,0,4,4,69,13,46,5,3,16,33,8,36,2,0,28,13,39,1,5,1,0,4,2,625
10,3,23,2,11,4,0,0,3,9,22,3,2,0,4,1,18,0,13,3,0,9,8,7,1,0,3,0,0,10,375
12,1,13,0,3,3,0,0,1,0,17,5,10,1,0,2,6,1,14,1,0,12,7,9,3,1,3,0,1,0,375
15,2,35,6,14,7,1,0,2,6,67,27,40,4,4,15,10,9,18,3,0,18,5,21,3,4,1,0,5,7,562
7,3,9,0,1,2,0,0,4,0,17,4,7,0,0,2,3,2,3,0,0,5,2,5,0,0,2,0,0,0,375
36,2,54,2,6,15,2,0,3,2,70,8,28,1,4,14,27,7,26,0,0,14,6,52,1,1,2,0,6,5,500
11,1,14,3,4,4,0,0,1,3,23,5,7,4,0,2,18,0,6,0,0,4,0,3,0,4,6,0,0,0,250
11,5,26,4,10,2,0,0,5,6,33,12,21,4,2,10,14,3,22,0,0,16,13,16,5,4,0,0,7,5,562
8,1,14,0,8,4,0,0,1,0,31,6,17,0,0,5,7,3,8,1,0,15,10,14,3,0,4,0,1,3,438
8,0,9,1,4,4,0,0,0,2,22,8,9,5,1,4,6,0,4,0,0,4,3,8,2,5,2,0,1,1,750
20,0,18,0,2,4,0,0,0,0,42,7,20,2,1,3,12,3,5,0,0,14,3,13,5,2,1,0,0,1,438
2,2,9,2,1,2,0,0,3,2,19,5,9,2,0,5,9,1,7,3,0,7,6,6,0,2,3,0,1,3,562
6,2,23,4,3,10,1,0,2,4,31,6,18,2,2,6,8,7,13,0,0,9,2,8,2,2,1,0,0,3,438
4,2,29,0,10,14,1,0,2,0,48,3,32,5,0,8,15,18,13,3,0,20,5,19,0,5,5,0,4,5,562
11,1,21,1,5,7,1,0,1,1,36,9,14,3,2,6,17,5,14,1,0,12,8,18,3,3,0,0,0,3,688
6,1,23,2,7,4,0,0,1,3,31,9,15,4,1,5,12,11,13,0,0,7,6,23,3,4,0,0,5,6,625
3,2,20,2,10,6,0,0,3,2,32,8,14,1,1,6,18,3,8,1,0,14,9,15,1,1,0,0,4,7,688
20,0,48,4,11,2,0,0,0,8,65,12,29,7,2,12,27,15,13,1,0,28,17,40,3,7,6,0,1,4,562
12,1,23,0,9,14,0,0,1,4,37,14,15,2,0,7,17,3,6,0,0,5,1,16,2,2,2,0,2,4,375
7,2,18,0,5,11,1,0,2,0,35,1,15,2,0,7,19,5,17,2,0,10,5,11,3,2,3,0,7,4,562
10,4,18,0,1,3,0,0,5,0,9,3,14,0,0,2,2,1,3,0,0,8,0,0,0,0,2,1,0,5,438
9,1,15,0,3,5,0,0,1,3,22,0,8,0,2,1,10,1,6,0,0,13,6,8,0,0,1,0,0,4,438
19,0,22,0,8,9,0,0,1,0,37,10,21,3,2,11,10,8,7,3,0,12,7,26,2,3,2,0,3,0,562
9,1,14,2,2,6,0,0,1,8,29,4,15,0,1,2,15,4,11,1,0,10,4,6,2,0,3,0,1,2,750
2,1,37,1,4,14,0,0,1,1,56,17,22,5,2,10,27,7,11,1,0,14,4,23,1,5,15,0,0,3,562
2,1,13,0,5,4,0,0,2,1,5,1,4,1,0,2,12,4,7,3,0,5,2,7,0,1,4,0,1,5,312
9,1,15,1,1,5,0,0,1,2,13,1,5,1,3,0,9,5,6,0,0,5,2,7,1,1,2,0,0,3,438
6,5,11,4,4,4,1,0,5,4,30,4,22,1,0,10,13,1,5,0,0,9,4,9,0,1,2,0,0,3,562
5,1,4,1,1,0,0,0,1,1,7,1,6,0,0,3,1,4,11,6,0,3,0,0,0,0,1,0,0,1,625
10,0,24,1,3,4,1,0,1,2,30,6,13,2,2,4,25,11,14,0,0,9,4,26,1,2,4,0,3,2,562
26,3,47,6,24,15,0,0,4,17,71,23,39,1,1,18,51,15,41,3,0,34,26,35,5,1,5,0,7,13,875
17,2,40,2,3,3,0,0,2,3,49,8,21,3,2,6,15,14,8,0,0,15,5,18,3,3,1,0,2,2,688
21,1,10,0,4,4,0,0,1,1,22,0,33,0,0,11,10,4,5,0,0,15,0,12,0,0,3,0,0,3,312
5,0,19,1,3,2,0,0,1,2,29,11,13,2,1,4,7,5,5,0,0,11,3,9,5,2,0,0,2,1,750
3,1,19,0,1,3,0,0,1,3,31,6,12,0,1,2,3,0,5,3,0,6,3,9,1,0,4,0,2,2,562
5,1,19,1,6,9,0,0,1,2,35,0,26,0,1,11,8,6,10,3,0,16,6,6,1,0,4,0,2,6,562
9,1,8,0,2,2,0,0,1,0,21,5,8,0,1,3,4,2,4,1,0,4,2,5,0,0,5,0,1,0,312
13,0,23,0,10,4,1,0,1,0,35,8,14,3,0,9,11,11,11,2,0,7,5,14,3,3,0,0,1,5,562
5,0,11,2,3,3,0,0,1,2,15,2,9,2,0,6,3,4,7,0,0,4,4,7,0,2,1,0,1,1,500
16,1,25,1,5,13,1,0,1,2,45,7,26,3,0,12,22,14,22,0,0,9,4,16,3,3,6,0,1,4,375
2,1,13,0,5,3,0,0,2,1,7,1,3,1,0,2,12,4,7,3,0,4,2,7,0,1,4,0,1,5,562
7,1,21,0,10,10,1,0,2,1,42,6,31,3,1,13,20,8,21,0,0,18,11,15,0,3,2,0,3,6,562
7,1,13,0,3,7,0,0,1,1,15,0,9,0,0,5,16,1,9,0,0,1,1,8,3,0,10,0,2,2,562
6,1,22,1,3,3,0,0,2,1,24,3,10,1,0,3,5,7,7,0,0,8,7,3,1,1,3,0,0,3,562
12,3,15,4,4,7,0,0,4,5,33,13,16,1,0,7,8,4,11,3,0,13,7,17,3,1,0,0,3,2,562
4,2,32,2,5,2,0,0,2,3,42,10,21,2,5,10,2,13,9,0,0,12,6,21,0,2,0,0,3,1,625
3,0,7,1,1,0,0,0,0,2,9,0,3,0,0,1,1,0,3,0,0,7,5,1,0,0,2,0,1,1,438
10,0,20,2,4,2,0,0,0,3,25,3,15,3,1,5,20,10,10,0,0,9,3,22,0,3,0,0,1,4,688
11,0,29,1,2,4,0,0,0,2,37,4,15,4,3,5,14,10,5,0,0,7,1,11,5,4,2,0,0,6,625
18,4,29,5,9,19,1,0,4,9,56,5,27,3,0,10,16,6,35,6,0,19,7,14,5,3,10,0,0,9,625
5,2,14,1,0,4,0,0,2,1,32,4,15,1,0,4,8,3,5,0,0,11,4,7,4,1,1,0,3,0,500
28,3,40,1,7,6,0,0,3,1,75,25,37,3,1,14,26,5,23,3,0,22,6,37,3,3,3,0,5,7,438
8,0,8,0,1,3,0,0,0,0,11,2,7,0,0,1,15,0,5,0,0,5,2,4,0,0,3,0,0,1,312
15,3,18,2,6,3,0,0,3,5,39,13,15,0,0,10,19,2,12,2,0,11,6,12,0,0,10,0,1,5,562
3,1,11,0,0,8,0,0,1,0,17,3,9,1,0,0,10,0,1,0,0,4,0,3,2,1,1,0,1,2,250
16,2,25,0,6,12,0,0,2,1,35,14,16,0,1,5,8,4,11,0,0,17,11,22,3,0,0,0,0,2,562
4,1,11,0,3,2,0,0,1,0,17,6,9,0,1,3,4,0,3,0,0,7,3,3,0,0,2,0,0,1,312
15,0,20,0,2,1,0,0,0,0,24,0,19,2,2,11,18,12,4,2,0,5,1,4,0,2,1,0,0,1,250
3,1,10,3,5,8,1,0,1,4,14,1,10,2,1,5,9,2,8,0,0,4,3,3,2,2,8,0,0,4,500
10,2,22,1,3,5,1,0,2,6,46,2,15,2,1,3,15,6,15,5,0,11,1,22,2,2,10,0,6,3,625
8,0,22,2,6,3,0,0,0,3,25,6,12,0,3,1,18,4,8,4,0,5,1,14,2,0,5,0,1,4,750
14,6,26,4,4,14,0,0,6,6,39,9,20,4,1,5,17,2,16,3,0,15,8,15,1,4,5,0,2,3,562
8,1,10,0,9,0,0,0,1,0,12,3,4,0,1,1,9,4,5,1,0,6,3,10,2,0,0,0,1,6,250
3,0,15,2,3,3,0,0,0,3,22,6,14,3,0,4,11,1,10,4,0,12,4,5,0,3,2,0,3,5,375
20,1,20,5,12,9,0,0,1,9,43,17,18,5,2,3,20,11,25,3,0,24,16,18,1,7,1,0,6,7,562
4,3,10,1,3,4,0,0,3,1,19,7,12,2,0,2,8,3,7,2,0,9,1,5,1,2,5,0,1,1,562
5,1,14,0,4,6,0,0,1,0,38,2,26,0,0,9,22,0,4,0,0,10,4,13,0,0,11,0,0,4,312
5,0,8,1,3,4,0,0,1,3,13,3,9,2,0,4,12,5,4,0,0,6,4,8,2,2,7,0,1,1,562
9,1,22,3,6,7,0,0,1,3,44,10,22,4,2,13,11,6,15,1,0,15,9,19,0,4,0,0,3,7,875
9,0,14,0,0,4,0,0,1,1,32,8,21,0,1,8,10,4,3,1,0,4,1,13,1,0,3,0,1,1,375
11,1,17,0,14,8,0,0,1,3,22,2,18,2,1,7,27,6,13,1,0,12,5,22,4,2,0,0,7,6,562
7,0,9,1,3,0,0,0,0,1,18,5,8,3,0,1,6,3,2,0,0,5,1,11,2,3,0,0,2,2,562
14,2,24,0,7,10,0,0,3,0,46,4,30,0,0,13,22,3,7,0,0,19,11,14,10,0,5,0,2,3,812
13,3,4,0,16,11,1,0,3,4,38,4,12,2,0,1,45,1,21,1,0,15,12,14,1,2,18,0,10,7,250
14,4,52,1,11,9,1,0,4,2,60,10,23,1,6,11,21,9,14,2,0,20,11,39,4,1,5,0,6,5,562
2,0,24,1,1,4,0,0,0,4,17,0,15,0,1,0,18,14,14,1,0,12,6,17,3,0,9,0,3,0,375
15,1,34,0,6,3,0,0,1,2,37,4,21,5,1,6,12,15,14,1,0,14,5,19,1,5,5,1,7,3,562
13,3,23,0,9,16,2,0,4,2,58,8,21,0,1,11,37,7,35,5,0,11,7,32,1,0,5,0,5,4,438
13,1,22,0,4,4,0,0,1,0,30,0,15,1,0,2,25,1,12,2,0,16,6,20,0,1,3,0,3,6,438
3,0,11,2,5,8,0,0,0,2,15,1,8,3,1,1,10,1,16,0,0,0,0,20,2,3,9,0,6,2,438
7,1,23,3,3,6,0,0,1,5,31,7,13,2,1,8,17,4,8,0,0,5,2,13,2,2,5,0,3,4,625
5,0,8,0,5,4,0,0,0,0,15,2,9,1,0,3,8,0,5,1,0,5,1,5,0,1,0,0,2,3,375
0,0,3,0,2,1,0,0,0,0,11,1,7,1,0,5,1,0,1,0,0,3,1,3,1,1,0,0,1,0,188
8,1,6,0,1,10,2,0,1,0,13,0,11,0,0,4,12,2,6,5,0,4,1,4,0,0,7,0,1,1,312
6,2,16,5,9,5,0,0,2,7,30,6,14,5,0,5,10,1,20,2,0,20,17,16,3,5,0,0,1,7,750
3,0,7,0,0,8,0,0,1,0,19,1,13,1,0,6,5,1,1,1,0,6,0,6,0,1,5,0,0,0,312
6,0,13,0,1,0,0,0,0,0,24,5,10,0,0,5,6,7,4,0,0,7,5,3,0,0,0,0,2,0,562
15,2,11,0,2,5,0,0,2,0,18,0,18,1,0,5,26,1,4,0,0,8,2,19,0,1,5,0,0,3,375
6,1,22,2,4,2,0,0,1,3,34,9,13,5,0,6,27,5,10,1,0,6,0,21,0,5,5,0,4,7,625
16,3,41,7,6,10,0,0,3,8,58,18,31,2,6,16,16,8,20,2,0,12,8,4,4,2,6,0,4,4,625
9,1,15,1,1,6,0,0,1,2,14,1,4,1,3,0,9,5,6,0,0,5,2,7,1,1,2,0,0,3,375
15,1,42,2,8,5,0,0,1,4,56,12,25,1,5,11,20,18,13,0,0,14,6,20,6,1,0,0,4,7,500
5,1,10,2,3,8,0,0,1,2,16,5,10,3,1,3,4,3,6,2,0,3,2,8,0,4,0,0,2,3,500
5,1,14,3,4,3,0,0,1,3,29,6,13,1,1,7,6,5,6,1,0,6,3,9,1,1,3,0,1,1,500
6,0,2,0,0,2,0,0,0,0,17,0,13,3,0,8,3,1,0,0,0,3,0,4,0,3,1,0,0,0,62
12,1,9,0,2,11,1,0,3,1,27,9,12,0,0,4,8,4,12,5,0,10,5,9,0,0,1,0,1,0,375
8,0,6,0,0,1,0,0,0,0,14,5,11,0,0,5,5,3,7,0,0,0,0,6,0,0,2,0,1,0,250
45,1,35,1,12,6,0,0,1,5,59,18,38,0,0,10,26,10,26,2,0,27,16,42,3,0,5,0,7,7,562
10,0,16,0,2,2,0,0,1,0,19,6,21,1,0,6,4,5,10,0,0,14,5,20,0,1,4,0,4,2,562
13,1,26,1,8,5,0,0,1,1,43,12,18,2,1,8,22,14,16,0,0,19,11,20,1,2,0,0,4,2,562
13,0,24,6,10,4,0,0,0,6,31,5,13,6,1,9,10,11,16,1,0,4,4,19,2,6,0,0,5,7,625
6,3,14,1,6,7,0,0,3,2,23,3,9,1,2,2,6,6,13,2,0,7,4,9,0,1,1,0,1,4,500
10,1,6,3,1,2,0,0,1,0,3,1,2,0,0,3,0,0,3,0,0,1,0,1,0,0,1,0,0,0,625
7,0,13,0,0,5,0,0,0,0,15,1,6,0,0,2,3,2,3,0,0,2,1,5,0,0,4,0,1,0,375
24,3,30,10,21,13,1,0,4,8,48,15,21,6,1,8,44,1,44,4,0,24,16,24,12,6,21,0,6,11,625
4,1,20,0,5,7,0,0,1,0,25,9,8,0,0,3,7,10,7,0,0,10,7,11,1,0,3,0,2,4,750
25,10,13,3,4,9,0,0,10,4,42,12,24,0,0,5,30,2,19,2,0,18,9,23,6,0,0,0,3,3,438
8,1,16,1,2,5,0,0,2,2,33,5,17,1,0,8,29,2,9,2,0,9,5,17,2,1,0,0,1,5,562
12,1,30,2,6,4,0,0,1,6,26,5,19,1,0,11,17,1,13,1,0,10,5,18,3,1,3,0,0,5,625
11,2,16,1,10,12,0,0,2,5,25,8,10,0,1,0,22,6,19,5,0,13,5,22,2,0,4,0,4,5,750
5,0,10,0,2,8,0,0,0,0,15,3,4,1,0,2,7,3,3,0,0,3,2,2,0,1,0,0,2,1,500
18,4,37,4,9,11,0,0,4,6,53,7,15,4,0,6,17,6,20,4,0,17,13,21,2,4,2,0,1,3,750
8,1,20,0,8,9,1,0,1,0,29,1,14,1,0,7,22,6,13,2,0,7,4,12,3,1,4,0,6,4,562
6,0,13,0,1,0,0,0,0,0,24,6,10,0,0,5,6,7,4,0,0,7,5,3,0,0,0,0,2,0,500
5,1,16,0,1,4,0,0,1,0,26,5,9,1,1,3,10,9,2,0,0,7,5,10,2,1,2,0,0,0,562
5,5,22,0,5,6,0,0,5,1,44,1,17,3,0,7,8,2,4,1,0,11,5,12,1,3,8,0,1,3,125
13,1,8,7,6,7,1,0,1,9,25,4,15,5,0,8,24,1,17,1,0,6,6,16,2,5,5,0,4,6,812
13,2,11,0,1,2,0,0,3,0,20,2,12,0,1,2,11,4,5,1,0,8,2,6,1,0,1,0,0,1,250
12,1,17,7,13,8,0,0,1,7,27,9,14,2,2,7,23,3,13,1,0,12,8,17,3,2,0,0,1,9,625
14,6,25,4,5,15,0,0,6,5,40,9,20,3,1,6,15,2,16,3,0,16,9,15,2,3,4,0,2,2,500
6,2,9,1,4,1,0,0,2,3,18,1,11,1,0,4,18,3,7,0,0,8,4,6,0,1,6,0,2,4,438
5,0,1,0,0,0,0,0,0,0,7,0,6,0,0,0,7,0,7,1,0,4,0,4,3,0,0,0,0,0,438
6,1,8,0,2,11,0,0,1,0,10,4,5,1,0,2,8,0,8,1,0,2,1,10,0,1,0,0,0,2,500
15,1,20,0,5,5,0,0,1,0,23,0,14,1,4,6,7,6,3,0,0,8,0,8,0,1,0,0,1,2,375
14,5,22,1,5,3,0,0,5,3,28,6,21,0,4,10,25,6,19,0,0,8,7,21,1,0,4,0,4,3,750
4,1,22,2,10,1,0,0,1,3,28,7,20,2,5,7,19,10,16,0,0,12,6,22,1,2,0,0,2,6,562
11,3,18,4,7,4,0,0,3,4,26,16,11,3,0,1,19,5,19,4,0,17,11,20,1,3,0,0,1,5,500
6,2,8,4,2,4,0,0,2,0,14,6,19,0,0,11,4,5,12,2,0,4,0,2,0,0,1,1,3,7,688
17,3,33,3,12,13,1,0,3,4,44,10,25,2,5,6,25,10,14,3,0,18,9,28,6,2,4,0,5,11,562
13,0,15,2,5,11,0,0,3,2,30,4,15,1,0,6,16,1,7,0,0,5,1,12,0,1,18,0,1,3,562
0,0,13,1,1,4,0,0,0,1,20,3,7,0,0,4,7,2,4,0,0,1,0,4,0,0,1,0,0,3,500
3,0,19,2,2,9,0,0,1,5,29,4,9,4,1,3,11,10,3,0,0,7,4,8,0,4,4,0,0,3,625
7,0,22,0,4,3,0,0,1,1,27,4,11,1,2,2,6,10,10,0,0,6,2,16,2,1,4,0,6,4,562
10,0,12,0,6,4,0,0,0,0,18,1,10,0,0,1,10,0,9,0,0,11,6,14,1,0,0,0,0,1,500
10,0,32,2,7,9,2,0,1,4,59,8,35,2,1,9,20,10,26,3,0,15,5,22,5,2,9,0,6,3,562
16,0,21,0,2,16,0,0,3,0,37,13,5,0,1,2,4,1,4,0,0,7,4,5,0,0,1,0,0,3,375
3,0,14,0,2,5,0,0,1,1,17,4,10,0,1,0,13,5,14,9,0,8,0,15,2,0,1,0,0,3,500
10,0,18,1,3,3,0,0,0,1,28,4,14,1,1,4,2,3,3,0,0,8,5,16,3,1,0,0,2,2,562
5,0,7,1,3,4,0,0,0,3,13,3,6,2,0,2,6,1,8,0,0,6,6,7,0,2,4,0,0,1,375
4,0,17,1,5,8,1,0,0,1,24,3,11,0,0,3,12,0,11,2,0,9,3,10,4,0,0,0,3,1,875
9,1,12,0,2,2,0,0,2,0,19,3,13,0,0,1,4,7,4,0,0,8,1,11,1,0,2,0,1,1,438
3,0,11,2,3,8,0,0,0,2,15,1,8,4,1,1,11,1,15,0,0,0,0,19,0,4,11,0,6,2,500
19,2,29,9,22,12,0,0,2,14,46,6,20,7,0,4,31,4,19,0,0,26,19,28,4,7,1,0,4,11,688
9,1,29,4,13,2,0,0,2,5,43,19,11,6,0,8,24,0,11,2,0,13,13,12,10,6,10,0,7,6,500
9,1,12,1,1,8,0,0,1,2,22,9,9,0,0,4,5,0,1,1,0,7,5,10,0,0,2,0,0,2,438
18,5,33,3,9,18,0,0,5,3,60,8,35,1,0,12,45,0,29,1,0,23,7,44,1,1,3,0,6,1,562
9,5,26,2,7,7,1,0,5,2,41,3,14,3,1,7,11,0,14,0,0,7,1,12,0,3,4,0,2,4,438
19,0,45,0,8,10,0,0,0,4,59,16,24,4,5,10,17,22,11,1,0,27,19,26,5,4,3,0,2,5,625
13,3,15,1,2,3,0,0,3,1,19,4,6,2,2,2,16,6,9,0,0,3,0,9,0,2,1,0,0,3,438
2,0,15,1,7,2,0,0,1,4,17,5,14,1,0,5,19,8,5,0,0,6,1,16,0,1,2,0,1,8,562
6,0,26,0,2,4,0,0,0,1,27,1,11,0,6,4,12,8,10,1,0,4,1,10,1,0,2,0,0,1,250
8,0,21,1,6,2,1,0,0,1,24,6,12,1,3,1,29,9,9,0,0,11,3,26,1,1,1,0,1,7,500
12,1,8,1,7,13,0,0,1,6,28,3,17,0,0,3,20,3,9,0,0,8,0,7,3,0,7,0,6,3,188
11,1,9,7,5,7,1,0,1,9,24,3,16,5,0,8,25,1,17,1,0,6,5,16,2,5,4,0,4,6,688
7,1,13,2,9,9,0,0,1,3,30,1,22,2,0,8,7,2,8,0,0,11,3,2,3,2,12,0,2,7,312
12,0,19,2,7,8,0,0,0,2,35,4,14,2,0,5,21,11,4,1,0,11,8,22,0,2,1,0,1,4,688
9,1,22,0,13,14,1,0,1,1,39,7,26,1,1,12,21,9,16,3,0,27,23,5,0,1,7,0,0,6,688
16,0,27,7,9,4,1,0,0,8,35,8,20,7,0,8,36,11,23,1,0,16,13,21,3,7,2,0,5,4,750
12,1,16,7,13,9,0,0,1,7,28,10,14,2,2,7,23,3,11,1,0,12,8,17,3,2,0,0,1,9,688
2,0,19,4,9,6,1,0,0,5,31,10,17,8,2,7,10,6,2,0,0,8,6,12,2,8,1,0,3,6,750
4,1,17,2,9,4,0,0,1,2,28,4,11,1,0,4,8,11,18,0,0,22,14,25,1,1,1,0,6,2,562
6,0,11,2,4,6,0,0,0,1,11,1,2,1,3,2,14,3,9,2,0,3,3,3,1,1,3,0,2,2,375
9,0,16,1,2,6,0,0,1,1,24,6,15,1,1,5,16,0,12,1,0,8,1,13,0,1,0,0,1,3,688
3,1,24,1,6,10,2,0,1,1,54,13,37,2,1,18,14,5,15,3,0,7,0,13,1,2,6,0,3,3,375
27,2,34,2,8,13,0,0,2,2,40,13,17,2,0,7,15,5,14,3,0,15,11,19,0,2,3,0,6,2,625
14,0,20,0,5,2,0,0,1,0,29,4,16,0,4,10,15,10,5,0,0,8,4,20,0,0,5,0,2,4,562
23,0,26,0,1,6,0,0,0,0,24,6,16,0,1,7,3,12,1,1,0,6,1,11,0,0,3,0,0,0,562
4,3,9,0,0,2,0,0,3,0,11,4,9,0,0,5,3,14,1,0,0,2,0,1,0,0,16,0,0,0,375
12,0,15,0,0,1,0,0,0,0,16,0,0,0,0,0,0,0,0,0,0,0,0,0,0,0,0,0,0,0,0
15,1,36,3,7,6,0,0,1,10,37,19,22,6,4,2,30,9,35,5,0,24,12,31,6,6,11,1,1,8,812
1,1,5,0,0,3,0,0,3,0,11,3,3,0,0,1,1,4,2,0,0,3,0,0,0,0,0,0,1,1,562
7,1,13,3,3,9,0,0,1,6,26,7,17,2,1,6,7,4,5,0,0,7,4,7,1,2,1,0,2,2,375
15,2,24,0,2,8,0,0,2,0,42,4,13,2,0,6,15,9,11,1,0,7,2,17,0,2,4,0,0,0,500
12,1,22,3,4,3,0,0,1,3,26,5,10,3,3,4,17,6,9,0,0,10,8,12,1,3,0,0,2,4,562
1,1,9,0,1,5,0,0,1,1,11,0,9,2,2,2,9,5,2,0,0,1,0,0,0,2,3,0,0,1,375
8,2,24,3,7,1,0,0,2,4,51,9,22,3,0,10,16,5,9,1,0,13,6,21,0,3,7,0,1,7,562
8,0,11,0,1,3,0,0,0,0,11,2,4,0,0,1,11,0,4,0,0,2,2,4,0,0,4,0,0,1,375
1,0,3,0,1,1,0,0,0,0,10,1,8,1,0,4,10,0,4,1,0,3,0,6,0,1,3,0,1,3,312
6,0,7,0,0,1,0,0,0,0,11,0,7,0,0,2,1,0,5,0,0,6,2,12,0,0,0,0,2,0,562
11,0,11,1,10,5,0,0,0,1,19,3,10,2,2,6,22,2,13,0,0,8,6,16,2,2,1,0,0,6,500
25,0,29,4,10,4,0,0,0,6,41,8,20,4,5,4,49,9,23,3,0,15,7,44,1,4,8,0,7,6,562
4,2,9,1,3,2,0,0,2,3,15,0,14,0,0,2,11,2,10,1,0,7,4,9,2,0,3,0,2,2,438
6,0,17,0,3,7,0,0,3,0,33,6,20,4,0,8,19,1,9,1,0,15,5,17,3,4,1,0,0,1,500
9,0,22,2,7,3,0,0,0,3,34,4,11,4,2,6,27,9,21,3,0,9,5,34,0,4,6,0,1,6,500
5,0,20,1,7,12,2,0,0,6,32,1,11,0,3,7,10,3,5,0,0,10,7,5,0,0,4,0,0,6,562
2,0,10,0,2,2,0,0,0,2,19,4,11,0,1,3,15,5,7,1,0,4,0,8,3,0,3,0,1,2,375
3,1,7,0,0,10,0,0,1,1,21,1,7,2,0,0,6,0,2,0,0,3,0,6,0,2,2,0,0,1,0
5,0,14,0,2,2,0,0,0,2,19,2,8,0,0,4,2,0,3,0,0,6,2,8,2,0,2,0,0,1,438
5,1,11,1,6,6,0,0,1,1,25,2,7,0,0,3,9,2,11,3,0,6,3,13,2,0,4,0,0,6,562
0,0,2,0,2,11,0,0,0,0,25,5,26,0,0,6,0,0,4,0,0,3,3,0,0,0,1,0,0,0,0
13,0,21,1,5,5,0,0,0,1,38,7,30,1,0,8,12,11,9,0,0,18,5,8,0,1,3,0,3,2,375
6,2,25,4,4,12,1,0,2,4,35,7,17,3,3,6,8,7,13,0,0,9,2,8,2,3,0,0,0,3,438
14,2,19,6,19,7,1,0,2,11,27,2,15,3,0,7,59,3,32,2,0,15,11,32,4,3,3,0,1,14,625
6,1,10,1,2,4,0,0,1,1,18,3,7,0,0,0,12,1,6,0,0,7,3,10,1,0,1,0,2,1,500
12,4,31,3,15,10,1,0,4,6,51,8,29,3,0,15,36,6,26,1,0,22,12,31,7,3,9,0,7,11,562
31,0,31,1,4,10,0,0,0,2,50,14,19,2,0,7,10,6,28,6,0,12,7,41,0,2,2,0,2,4,562
4,1,14,3,8,4,0,0,2,4,22,5,10,2,0,3,8,1,12,2,0,9,6,10,0,2,4,0,2,3,438
8,0,9,0,0,1,0,0,0,0,18,0,10,0,0,5,3,1,0,0,0,5,0,3,0,0,2,0,0,1,562
9,0,24,5,8,13,0,0,0,6,43,10,20,4,0,10,19,10,13,0,0,17,8,21,0,4,4,0,3,5,812
12,0,12,0,2,5,0,0,1,0,28,9,13,1,1,5,7,1,5,0,0,12,6,12,2,1,0,0,3,2,562
6,0,19,2,3,7,0,0,0,2,40,6,16,4,0,6,26,1,16,1,0,3,1,4,5,4,14,0,0,2,500
3,3,6,1,0,2,0,0,3,0,5,4,4,0,0,0,1,13,7,0,0,4,1,2,0,0,3,0,4,2,438
7,1,20,2,11,3,1,0,1,5,26,2,10,0,1,3,12,6,20,5,0,13,11,17,0,0,2,0,4,7,562
0,0,5,0,0,11,0,0,0,0,42,8,23,3,0,16,25,1,3,1,0,1,0,3,1,3,3,0,0,0,0
12,0,25,4,13,6,0,0,0,6,41,4,17,5,0,6,20,2,21,2,0,16,12,24,3,5,2,0,3,6,625
2,1,14,1,0,2,0,0,1,1,18,0,6,1,0,2,13,2,7,0,0,5,2,7,2,1,11,0,1,2,438
6,2,15,0,4,6,1,0,3,0,21,0,13,0,1,4,10,6,7,0,0,10,3,10,2,0,2,0,0,2,500
1,0,11,2,2,0,0,0,0,3,20,7,7,3,0,3,7,0,7,0,0,5,2,3,0,3,2,0,1,4,438
4,1,10,1,6,0,0,0,1,2,15,7,9,2,0,3,13,8,10,2,0,7,2,13,5,2,0,0,2,5,562
7,3,28,1,9,16,0,0,3,1,45,9,21,4,2,8,29,3,24,6,0,13,6,12,4,4,4,0,3,9,438
15,1,11,2,1,5,0,0,1,1,9,4,10,0,0,4,4,9,14,5,0,2,1,3,0,0,7,0,3,6,375
2,0,16,0,6,6,0,0,0,0,21,3,13,0,1,5,15,3,3,0,0,8,3,12,1,0,1,0,3,1,625
13,3,24,0,6,7,0,0,3,2,40,11,18,4,2,10,28,4,10,0,0,11,6,26,1,4,2,0,0,5,750
5,1,11,0,1,3,0,0,1,0,8,1,11,1,1,2,7,2,0,0,0,6,0,2,0,1,1,0,0,4,125
5,3,21,3,6,4,0,0,3,5,43,10,25,5,0,9,22,8,6,0,0,11,4,13,5,5,2,0,3,3,750
8,0,17,1,4,6,2,0,0,1,24,5,7,1,2,3,5,5,2,1,0,8,4,8,2,1,2,0,0,0,438
4,0,11,0,3,4,0,0,0,0,17,5,6,2,0,2,2,3,2,0,0,5,2,10,0,2,0,0,1,0,562
7,1,12,0,7,5,0,0,1,3,30,3,21,1,0,7,18,7,15,2,0,15,7,15,2,1,2,0,2,2,562
24,0,30,1,9,4,0,0,0,2,39,7,22,3,5,4,48,9,22,3,0,17,7,41,1,3,9,0,6,7,500
9,0,17,1,2,5,0,0,1,1,25,4,12,1,1,4,14,6,9,1,0,9,4,11,5,1,0,0,2,2,562
9,3,18,2,11,4,0,0,3,3,35,7,24,3,1,6,16,8,18,2,0,14,5,18,0,3,3,0,5,4,938
13,2,7,0,3,6,0,0,2,0,12,2,10,0,1,6,11,1,7,4,0,4,2,8,0,0,2,0,1,6,250
20,2,28,9,22,13,0,0,2,14,47,8,23,7,0,4,32,4,21,0,0,28,19,29,4,7,2,0,4,11,750
13,0,15,0,4,6,0,0,0,0,21,1,13,0,1,7,8,1,5,0,0,4,2,8,0,0,7,0,0,1,500
3,1,15,2,3,4,0,0,1,2,24,6,16,1,1,8,15,4,4,0,0,5,4,10,2,1,0,0,2,3,625
20,2,41,5,18,10,0,0,4,10,54,5,41,5,5,15,38,18,26,4,0,31,19,17,4,5,8,0,3,12,625
11,0,17,1,8,4,0,0,0,4,33,5,12,1,1,3,18,6,9,3,0,4,4,6,1,1,15,0,4,2,438
7,3,7,0,3,3,1,0,3,0,10,3,9,0,0,3,6,0,4,1,0,2,0,6,1,0,0,0,4,1,250
1,3,17,0,5,9,4,0,3,1,17,6,14,0,0,5,14,9,23,11,0,7,2,18,0,0,5,0,1,1,375
20,0,20,2,3,7,0,0,0,3,28,5,13,0,0,6,22,5,6,0,0,12,8,17,2,0,4,0,0,3,438
2,2,15,8,8,4,0,0,2,8,14,0,15,6,1,3,31,1,5,2,0,17,10,6,3,6,11,0,0,9,562
23,4,16,1,1,7,0,0,4,1,30,11,20,0,0,12,0,14,13,1,0,11,3,1,0,0,3,0,1,4,812
10,5,27,1,6,10,0,0,6,3,42,7,27,4,2,13,8,7,9,3,0,13,7,11,1,4,6,0,2,3,625
0,0,0,0,0,1,0,0,0,0,1,0,1,0,0,1,0,0,0,0,0,0,0,0,0,0,0,0,0,0,0
16,1,5,1,1,1,0,0,1,0,6,1,2,0,0,0,1,0,1,0,0,1,0,1,0,0,2,0,1,0,250
11,0,9,1,1,13,0,0,0,1,25,7,9,1,1,5,7,1,1,0,0,5,5,13,0,1,6,0,0,1,562
3,0,21,3,12,2,0,0,1,8,28,7,17,3,2,6,25,13,20,2,0,10,4,23,3,3,1,0,5,8,625
0,0,0,0,0,5,0,0,0,0,15,0,0,0,0,0,1,0,0,0,0,0,0,1,0,0,2,0,0,0,312
9,3,19,0,2,9,0,0,3,2,42,11,27,1,1,7,27,5,6,1,0,17,1,21,2,1,3,0,1,11,438
20,0,9,0,3,12,1,0,0,3,28,6,11,3,0,4,38,0,17,1,0,17,13,10,0,3,14,0,3,2,375
5,0,10,0,1,4,0,0,1,1,12,4,7,2,1,4,5,0,3,0,0,4,1,3,0,2,4,0,0,2,438
7,2,21,2,5,6,1,0,2,4,32,9,14,2,0,8,11,5,5,0,0,7,4,13,0,2,1,0,0,3,688
6,1,10,0,11,3,0,0,1,0,18,0,6,1,0,3,9,1,5,0,0,4,2,8,0,1,0,0,1,13,438
16,2,27,3,5,5,0,0,2,5,34,7,17,3,3,6,16,7,8,0,0,14,6,12,0,3,12,0,0,4,625
15,0,26,1,7,5,0,0,0,1,43,7,25,3,2,15,19,4,16,4,0,6,1,24,1,3,4,0,6,3,625
0,0,5,0,5,5,0,0,0,0,18,0,10,3,0,4,13,0,14,2,0,4,0,0,0,3,4,0,6,0,250
3,0,22,6,10,8,0,0,2,7,32,4,22,9,1,5,17,10,14,3,0,13,6,13,2,9,3,0,4,5,500
9,1,21,0,4,6,0,0,1,1,30,7,13,4,4,4,9,5,6,0,0,10,7,11,1,4,0,0,0,1,562
7,4,16,0,14,3,0,0,6,1,17,4,17,2,1,6,17,4,10,3,0,10,5,17,0,2,1,0,5,6,500
9,2,29,5,12,9,0,0,3,5,41,4,17,2,1,5,1,8,7,0,0,7,4,13,0,2,0,0,0,3,688
3,0,16,2,4,3,0,0,0,2,24,4,13,2,1,4,7,3,4,0,0,8,5,10,2,2,0,0,1,2,562
16,1,49,8,18,13,1,0,1,9,66,17,30,4,9,12,32,15,13,3,0,19,7,30,3,4,7,0,3,10,562
10,0,21,3,7,8,0,0,0,5,29,6,27,3,2,5,14,1,17,1,0,15,3,14,1,3,1,0,4,4,438
4,0,11,1,8,1,0,0,0,4,14,4,3,1,1,3,12,4,6,1,0,3,3,3,1,1,2,0,1,7,375
6,0,16,0,1,3,0,0,0,0,26,11,11,2,1,3,7,5,3,0,0,11,9,12,1,2,0,0,1,1,562
6,1,8,0,1,3,1,0,1,1,27,10,15,1,1,6,1,2,3,1,0,7,2,5,0,1,2,0,2,0,500
11,2,32,3,12,5,0,0,3,6,48,15,30,2,2,9,30,17,13,2,0,18,4,20,4,2,5,0,7,16,562
9,4,25,7,11,11,0,0,5,7,53,12,26,2,1,8,21,7,12,1,0,20,5,21,3,2,3,0,4,10,812
7,0,10,2,5,5,0,0,0,3,20,5,16,2,0,5,21,3,8,3,0,7,0,6,6,2,1,0,4,0,625
5,0,11,0,2,4,0,0,0,0,14,1,12,1,0,2,2,4,7,0,0,4,0,8,0,1,0,0,1,2,312
7,0,20,1,14,2,1,0,0,1,24,9,11,0,1,4,10,2,7,0,0,7,6,11,1,0,2,1,1,6,438
14,0,30,7,12,9,0,0,0,12,35,3,10,5,1,2,45,12,24,2,0,14,9,35,2,6,3,0,1,13,625
16,1,15,0,3,5,0,0,1,2,30,0,8,1,0,1,11,0,5,0,0,11,6,8,1,1,1,0,0,2,375
7,1,17,2,7,4,0,0,1,4,30,11,16,2,0,6,11,2,8,0,0,12,7,13,2,2,3,0,2,4,625
9,2,19,2,16,15,1,0,2,8,26,6,17,1,0,5,38,2,27,1,0,16,9,20,6,1,2,0,3,10,750
18,7,35,2,10,16,0,0,7,5,59,14,21,1,0,10,29,10,27,5,0,13,7,21,1,1,1,0,8,4,625
2,0,13,0,0,1,0,0,0,0,18,4,15,0,0,0,2,12,3,0,0,12,0,5,0,0,0,0,2,1,312
1,0,13,0,6,4,0,0,0,0,25,4,11,0,0,1,0,2,5,0,0,14,7,0,0,0,8,1,0,3,500
11,5,22,1,1,1,0,0,5,1,42,11,25,3,3,13,7,5,8,1,0,11,4,15,2,3,1,0,3,2,500
1,4,24,3,11,11,0,0,4,4,34,17,14,1,3,7,27,2,28,0,0,8,2,11,6,1,4,0,2,9,438
10,1,23,0,5,4,0,0,1,0,23,2,12,2,3,3,24,10,11,5,0,10,5,20,5,2,2,0,0,4,562
17,4,30,0,4,9,0,0,4,4,51,6,28,0,1,15,23,1,24,4,0,14,8,44,7,0,3,0,0,1,500
3,8,12,2,9,4,0,0,8,4,30,12,16,1,0,10,12,2,9,0,0,7,6,14,0,1,1,0,2,6,562
7,0,10,1,1,1,0,0,0,1,19,4,9,0,0,3,10,0,4,0,0,5,3,7,2,0,2,0,0,1,500
6,0,14,0,2,2,0,0,0,1,16,10,4,0,1,1,5,4,3,0,0,3,3,6,3,0,0,0,2,0,750
16,0,23,1,8,8,0,0,0,5,28,7,16,3,1,0,18,10,11,0,0,12,4,14,2,3,11,0,1,4,562
10,0,14,0,1,2,0,0,2,0,23,6,20,1,0,6,6,5,11,0,0,15,7,20,0,1,4,0,4,2,562
13,1,16,1,2,8,0,0,1,1,47,3,24,0,0,12,15,0,6,0,0,7,0,25,0,0,6,0,1,3,500
5,1,13,0,4,3,0,0,1,0,24,5,12,1,0,5,9,5,3,0,0,7,4,10,1,1,0,0,1,1,500
4,2,31,2,5,4,0,0,2,3,42,9,21,0,5,10,2,13,9,0,0,12,6,20,0,0,0,0,3,1,562
3,1,19,0,2,2,0,0,1,2,32,6,12,0,1,2,3,0,6,3,0,6,3,9,1,0,4,0,2,2,562
3,0,13,1,2,8,1,0,0,2,19,8,11,2,3,4,3,5,6,1,0,7,6,3,2,2,2,0,1,1,688
8,0,19,2,2,3,0,0,0,4,23,5,6,6,0,1,10,11,11,0,0,7,5,16,0,6,4,0,2,1,688
7,0,13,1,3,3,0,0,0,1,19,0,10,1,1,2,11,5,16,1,0,8,5,15,0,1,7,0,0,3,312
0,0,6,0,0,2,0,0,0,0,10,0,7,1,0,1,5,5,1,0,0,5,0,4,0,1,0,0,0,0,250
7,0,11,0,2,2,0,0,0,0,18,3,9,0,0,4,8,0,7,1,0,8,4,10,0,0,0,0,1,2,438
10,0,20,1,6,10,2,0,0,4,34,7,25,1,3,11,38,9,15,3,0,16,12,19,2,1,9,0,4,5,562
2,0,1,0,0,2,0,0,1,0,4,1,7,1,0,4,1,1,2,0,0,2,0,0,0,1,0,0,0,0,562
18,1,8,0,2,17,0,0,1,0,22,5,5,1,0,2,9,0,0,0,0,2,0,2,0,1,2,0,0,3,125
8,1,11,0,8,0,0,0,1,0,12,3,3,0,2,1,10,4,4,1,0,5,3,10,3,0,0,0,1,6,500
2,1,13,0,3,0,0,0,1,1,15,1,6,1,1,2,10,6,6,2,0,9,5,8,0,1,0,0,1,1,500
8,3,15,0,4,3,0,0,3,0,13,2,8,1,2,4,6,4,1,0,0,4,1,4,1,1,3,0,1,7,375
13,1,16,1,7,6,1,0,1,4,26,4,11,1,0,4,33,0,25,0,0,5,2,26,0,1,13,0,4,2,438
3,1,20,2,11,6,0,0,2,2,33,8,13,0,1,6,18,3,6,0,0,15,10,15,2,0,0,0,4,7,688
0,0,10,0,6,0,0,0,0,1,11,5,7,0,0,2,7,4,4,0,0,7,4,3,2,0,0,0,1,4,500
9,1,5,1,0,2,0,0,1,0,6,5,7,0,0,3,0,2,1,0,0,1,0,0,0,0,0,0,0,0,562
1,0,11,2,7,1,0,0,0,3,15,1,8,1,2,2,11,6,4,2,0,7,4,2,0,2,4,0,1,4,438
4,0,4,0,0,5,0,0,0,1,6,0,5,0,1,1,7,1,7,2,0,4,0,4,0,0,0,0,0,0,375
15,0,26,2,7,7,0,0,0,7,27,7,14,0,1,5,15,7,17,3,0,9,5,15,1,0,8,0,3,4,562
4,0,16,4,2,3,0,0,0,4,30,7,19,5,1,6,21,6,13,6,0,7,2,14,3,5,3,0,4,4,625
4,0,9,0,3,5,0,0,0,0,19,8,9,0,1,4,5,4,1,0,0,3,0,5,1,0,1,0,0,3,625
4,0,10,1,3,3,0,0,1,2,17,3,8,2,0,4,15,6,4,0,0,5,4,7,3,2,9,0,1,4,500
4,1,23,0,5,5,1,0,1,1,35,3,17,1,0,8,18,8,17,6,0,12,9,18,4,1,1,0,2,6,562
3,2,27,4,8,2,1,0,2,6,37,26,15,1,1,9,17,8,12,4,0,9,6,11,0,1,3,0,1,12,625
4,0,19,1,5,5,0,0,0,5,27,6,16,3,0,7,10,3,7,0,0,11,7,15,0,3,1,0,2,4,688
12,0,18,0,3,3,0,0,0,1,29,0,8,2,0,4,28,9,13,0,0,12,11,23,1,2,5,0,4,4,438
6,1,11,2,1,2,0,0,1,4,23,6,13,2,0,5,15,4,8,2,0,7,4,3,0,2,4,0,0,4,375
24,1,35,3,10,2,0,0,2,3,53,19,25,4,1,9,5,13,31,9,0,25,16,14,2,4,0,0,2,5,562
2,1,9,0,1,8,0,0,1,0,11,1,8,0,0,3,5,2,1,0,0,8,4,2,0,0,0,0,0,1,438
12,2,19,0,5,10,0,0,2,1,25,5,11,0,0,3,12,3,17,1,0,11,7,12,2,0,4,0,2,2,812
1,0,15,2,7,5,1,0,0,3,23,9,10,3,0,1,12,13,12,4,0,12,7,17,0,3,0,0,3,1,500
6,0,11,2,4,4,0,0,0,1,12,1,3,0,2,2,14,4,10,3,0,3,3,5,1,0,2,0,2,2,500
3,1,15,2,3,3,0,0,1,3,23,6,16,0,1,8,15,4,4,0,0,5,4,10,3,0,0,0,2,3,625
10,1,14,0,1,4,0,0,1,0,19,1,8,0,0,5,9,5,3,0,0,4,1,9,0,0,0,0,0,2,562
11,1,14,3,7,5,0,0,1,4,17,4,7,0,2,4,12,2,9,1,0,10,9,15,1,0,1,0,1,3,562
11,4,13,2,1,6,0,0,4,2,35,11,19,1,1,4,24,1,4,1,0,9,2,17,1,1,1,0,1,4,625
18,2,38,0,2,10,0,0,5,2,47,9,17,1,1,6,9,3,7,0,0,10,6,33,0,1,2,0,0,4,312
6,3,11,2,4,8,0,0,3,2,25,1,13,1,0,4,4,3,3,0,0,7,5,5,1,1,0,0,0,2,750
10,3,23,3,7,3,0,0,3,3,31,8,19,0,3,5,17,6,8,5,0,14,8,13,1,0,1,0,1,6,500
10,4,17,1,7,4,0,0,4,3,25,6,9,2,2,4,4,0,8,0,0,9,5,14,3,2,1,0,1,3,312
4,4,15,5,2,4,0,0,4,5,30,1,20,4,0,7,6,3,12,2,0,5,0,11,2,4,4,0,3,3,438
6,0,21,1,4,6,0,0,0,1,25,12,14,1,2,4,11,6,12,4,0,11,3,10,0,1,0,0,4,1,562
4,0,11,1,9,0,0,0,0,4,14,4,2,1,1,2,12,4,6,1,0,3,3,2,1,1,2,0,1,7,375
1,0,15,0,0,3,0,0,0,0,17,2,9,3,2,3,19,2,7,3,0,6,4,4,0,3,9,0,3,2,562
6,1,16,1,0,2,0,0,2,2,17,2,6,1,3,1,5,8,6,1,0,5,1,6,0,1,1,0,1,0,500
7,5,15,0,5,8,0,0,5,2,42,7,25,1,0,13,9,1,8,0,0,8,1,18,1,1,6,0,4,3,562
10,1,18,1,5,5,1,0,1,1,21,5,4,2,2,0,14,0,14,0,0,4,1,17,2,2,0,0,0,6,438
1,0,2,1,1,2,0,0,0,2,7,0,3,0,0,2,8,0,1,0,0,1,0,5,2,0,1,0,0,1,250
7,1,10,1,2,3,0,0,1,3,23,1,12,0,0,3,7,3,1,0,0,6,1,9,0,0,0,0,0,2,250
3,2,27,1,3,4,0,0,2,2,41,12,17,2,1,4,13,0,16,6,0,10,1,5,7,2,7,0,1,4,438
5,1,4,4,1,3,0,0,2,4,12,6,15,0,0,7,7,4,6,2,0,4,0,2,1,0,1,0,1,4,812
15,5,25,0,3,3,0,0,6,2,33,9,17,1,0,10,15,5,5,0,0,13,8,17,1,1,4,0,1,3,500
15,3,31,0,3,13,0,0,3,0,41,2,22,1,0,11,21,2,10,2,0,9,0,13,3,1,10,0,0,3,500
9,1,10,0,1,3,0,0,1,0,16,0,7,1,0,0,16,4,6,0,0,6,2,11,0,1,1,0,3,0,500
2,0,20,0,4,1,0,0,0,0,24,0,8,0,0,2,4,6,2,0,0,7,2,6,0,0,0,0,1,2,250
11,1,23,3,2,7,0,0,1,3,21,1,11,2,4,1,11,7,6,0,0,7,1,11,1,2,0,0,1,1,438
7,1,2,0,0,1,0,0,1,0,0,0,4,0,0,4,0,0,4,1,0,1,0,0,0,0,0,0,2,2,250
0,1,2,0,0,3,0,0,1,0,8,0,2,2,0,2,5,0,0,0,0,0,0,0,0,2,0,0,0,2,0
14,0,31,7,12,9,0,0,0,12,37,3,10,5,1,2,45,12,26,2,0,13,9,35,2,6,3,0,1,13,750
15,3,9,0,2,5,0,0,3,0,16,0,9,0,0,2,9,0,2,0,0,9,4,9,2,0,0,0,0,0,438
10,2,16,3,12,7,0,0,2,3,27,5,13,2,2,6,20,4,12,1,0,18,11,9,6,2,10,1,5,4,500
2,1,7,0,1,1,0,0,1,0,10,1,6,0,0,1,3,2,1,0,0,7,3,6,1,0,1,0,1,1,562
14,1,7,0,0,5,0,0,3,0,10,0,10,1,0,7,0,6,2,0,0,2,0,0,0,1,2,0,0,0,250
22,1,12,0,1,8,0,0,1,0,30,4,16,5,0,4,9,2,1,0,0,6,0,10,0,5,2,0,0,1,62
3,0,6,0,1,5,0,0,0,0,7,1,4,1,0,1,5,0,6,0,0,0,0,3,2,1,0,0,0,1,500
3,1,7,2,1,6,0,0,1,3,11,2,5,1,0,1,4,2,5,0,0,3,1,2,2,1,2,0,2,1,500
13,0,18,0,0,3,0,0,1,0,23,4,19,1,0,13,13,5,4,0,0,12,11,13,0,1,0,0,0,2,562
8,2,21,1,6,6,0,0,4,3,25,11,14,3,1,5,14,2,10,0,0,8,4,16,2,3,4,0,2,8,812
12,0,22,0,1,18,0,0,0,0,25,6,9,0,0,3,18,11,11,1,0,8,6,24,0,0,3,0,0,3,562
11,3,40,5,13,7,0,0,3,5,59,13,36,5,0,9,27,6,22,0,0,22,9,18,4,5,11,0,4,10,562
5,1,18,1,6,5,0,0,1,2,34,10,14,2,2,3,13,6,5,0,0,16,9,14,0,2,3,0,2,4,562
14,3,28,4,5,10,0,0,3,5,44,16,21,5,0,4,19,21,13,0,0,14,9,12,2,5,1,0,2,7,562
4,1,25,2,11,1,0,0,1,3,29,8,20,2,7,7,20,13,16,0,0,12,6,22,1,2,1,0,2,7,562
11,0,11,0,0,3,0,0,0,0,17,4,12,1,0,7,9,0,0,0,0,4,0,8,0,1,3,0,0,1,375
13,3,16,0,1,3,0,0,3,0,30,3,20,0,1,15,18,2,3,0,0,3,1,16,1,0,4,0,0,0,500
5,0,29,0,7,5,0,0,1,0,40,9,22,2,2,13,11,6,11,3,0,8,2,16,2,2,0,0,4,3,625
4,2,28,6,9,4,0,0,2,10,47,8,24,2,0,4,19,16,16,1,0,22,15,14,1,2,10,0,4,4,562
4,0,11,1,8,0,0,0,0,4,14,4,3,1,1,3,12,4,6,1,0,3,3,3,1,1,2,0,1,7,375
17,3,32,2,14,4,0,0,3,4,66,8,28,4,0,11,27,7,7,0,0,16,10,35,4,4,9,0,4,6,438
22,1,20,2,3,8,0,0,4,2,39,6,19,3,0,7,10,4,12,0,0,12,3,10,0,3,2,0,0,0,438
23,0,40,2,11,7,0,0,1,4,54,13,24,2,2,6,42,18,17,2,0,14,7,33,5,2,6,0,9,8,562
3,1,17,3,7,5,0,0,1,3,23,4,9,1,1,5,12,2,11,7,0,4,2,14,0,1,0,0,5,5,438
13,1,33,0,5,7,0,0,1,0,40,9,20,0,0,9,18,3,12,0,0,11,7,22,1,0,9,0,0,1,625
10,3,34,0,6,7,0,0,3,1,38,16,11,0,0,1,23,1,8,0,0,13,6,19,2,0,3,0,3,3,562
14,2,29,3,3,6,0,0,4,3,33,10,20,9,3,10,19,11,14,4,0,10,6,13,2,10,0,0,0,5,562
3,0,22,8,11,9,0,0,2,10,34,6,25,10,1,5,19,9,16,3,0,15,7,15,2,10,1,0,4,6,1000
5,1,16,1,0,2,0,0,2,2,16,2,6,1,3,1,5,8,6,1,0,5,1,6,0,1,1,0,1,0,500
7,2,15,0,2,8,1,0,2,2,29,4,22,1,0,8,11,2,6,0,0,6,3,15,2,1,0,0,1,2,438
10,7,16,2,2,6,0,0,7,3,33,4,18,2,0,5,20,0,11,4,0,8,3,5,3,2,12,0,0,1,250
19,2,29,1,16,14,1,0,2,9,76,17,30,3,2,7,43,9,33,2,0,26,12,49,6,3,7,0,6,8,688
1,0,4,0,0,5,0,0,0,0,9,2,5,1,1,1,2,3,2,1,0,1,1,1,0,1,0,0,0,0,312
1,0,13,0,1,1,0,0,1,0,16,4,7,0,0,5,4,0,4,0,0,0,0,3,0,0,5,0,2,3,438
6,2,8,1,4,5,0,0,2,1,9,2,5,0,0,1,3,5,13,4,0,4,0,1,0,0,5,0,4,6,625
10,0,17,0,1,5,0,0,0,0,17,2,17,0,1,7,4,7,3,0,0,8,1,4,0,0,0,0,1,0,375
11,2,18,1,5,1,0,0,2,1,29,2,15,1,2,6,16,6,8,2,0,10,2,17,7,1,0,0,1,1,562
16,0,29,0,5,4,1,0,0,2,45,6,20,1,0,13,7,9,7,0,0,11,6,12,5,1,1,0,0,4,438
14,3,25,0,4,6,0,0,4,1,45,7,23,5,1,4,26,7,17,5,0,19,6,22,2,5,11,0,2,8,250
8,0,5,0,1,1,0,0,0,0,9,4,8,0,0,5,2,5,5,0,0,2,0,0,0,0,0,0,1,4,500
5,4,3,1,0,1,0,0,4,0,13,8,13,0,0,7,4,3,9,3,0,4,1,1,0,0,0,0,1,5,500
10,0,16,0,2,4,0,0,0,1,24,6,12,2,0,2,23,8,28,1,0,14,7,34,2,2,4,1,3,5,562
5,0,12,0,5,2,0,0,0,0,17,6,9,1,0,5,8,2,3,0,0,4,3,7,5,1,2,0,1,3,562
1,2,8,0,2,11,0,0,2,0,10,2,16,1,1,4,2,1,2,0,0,5,1,3,0,1,3,0,1,0,250
2,0,21,1,5,3,0,0,0,3,38,8,16,1,0,6,6,2,7,1,0,13,6,13,1,1,0,0,3,3,625
3,0,14,1,5,5,2,0,0,2,20,0,15,1,3,5,15,2,8,0,0,5,3,8,0,1,0,0,2,6,438
3,0,8,0,1,3,0,0,0,0,13,4,10,0,0,3,5,3,3,0,0,6,5,6,0,0,1,0,2,0,438
16,1,21,1,4,8,0,0,1,1,26,4,15,0,1,6,11,7,8,1,0,9,6,18,0,0,0,0,1,3,562
9,1,19,3,6,9,2,0,1,6,35,8,20,2,1,10,21,9,10,2,0,13,8,9,1,2,3,0,2,3,562
10,2,18,0,2,8,0,0,6,0,41,8,31,0,0,10,2,11,5,1,0,17,3,11,1,0,1,0,0,1,500
9,0,24,1,2,5,0,0,1,3,32,12,14,5,1,8,10,3,7,0,0,9,3,20,0,5,0,0,0,3,562
8,0,7,1,0,6,0,0,0,1,12,3,6,0,0,1,4,0,2,0,0,2,0,4,1,0,0,0,0,0,438
9,2,28,2,5,4,0,0,2,5,41,12,22,4,1,13,14,5,29,4,0,13,10,14,2,4,4,0,4,6,1000
19,5,18,1,3,3,0,0,5,1,13,2,21,1,0,6,7,7,23,5,0,12,2,1,0,1,4,0,1,6,500
5,1,13,0,5,5,0,0,1,2,23,10,7,1,1,4,6,5,2,0,0,6,4,10,1,1,1,0,1,2,562
5,0,18,0,2,4,0,0,1,0,33,7,9,0,0,4,4,7,5,0,0,7,3,12,0,0,5,0,1,0,500
15,0,13,0,7,3,0,0,0,0,18,1,8,1,0,1,21,1,17,2,0,13,7,15,0,1,3,0,0,5,562
14,3,34,0,0,10,0,0,3,0,38,2,21,3,0,11,18,2,9,2,0,9,0,11,1,3,8,0,0,0,312
14,6,28,5,2,7,0,0,6,5,40,4,23,1,3,7,20,9,11,0,0,11,2,19,0,1,6,0,4,3,562
4,1,12,1,0,4,0,0,1,1,22,5,16,0,0,7,6,4,4,0,0,6,3,10,2,0,2,0,0,0,688
12,3,15,1,5,15,0,0,4,1,25,4,15,2,0,3,12,6,9,0,0,12,6,14,1,2,1,0,0,0,500
13,4,25,6,13,3,0,0,4,11,34,10,13,2,1,4,23,7,17,0,0,20,14,21,3,2,1,0,2,10,812
5,2,12,0,3,1,0,0,2,1,19,2,4,0,0,3,6,1,9,1,0,6,6,6,0,0,0,0,0,1,375
10,0,10,0,0,5,0,0,0,2,24,6,19,3,0,8,10,0,4,0,0,3,0,4,0,3,5,0,0,0,375
9,4,11,1,0,1,0,0,4,0,11,2,22,0,0,13,2,0,11,2,0,6,0,1,0,0,4,0,1,1,438
10,0,18,0,0,0,0,0,0,0,29,11,17,2,3,3,7,3,7,1,0,14,6,12,0,2,0,0,2,0,562
0,0,19,0,0,2,0,0,0,0,35,13,21,0,0,21,0,0,0,0,0,0,0,0,0,0,18,0,0,0,62
5,1,11,2,6,5,0,0,2,5,13,2,4,1,0,1,11,0,7,0,0,9,7,6,0,1,5,0,1,2,375
3,1,7,0,3,1,0,0,1,0,14,0,12,1,1,3,1,0,5,0,0,7,3,2,1,1,1,0,1,1,438
9,2,27,6,8,4,0,0,2,6,32,2,12,4,1,5,17,17,11,1,0,6,5,26,0,4,2,0,2,7,625
12,1,24,1,5,15,0,0,1,2,35,3,37,2,3,10,9,3,4,1,0,20,2,1,0,2,7,0,0,2,250
11,0,21,3,5,19,0,0,0,4,35,5,15,4,2,5,13,2,9,1,0,8,4,19,2,4,1,0,0,5,562
12,1,10,0,2,17,0,0,2,0,19,3,13,2,1,6,8,0,4,2,0,4,1,6,1,2,4,0,0,1,375
2,2,6,0,0,3,0,0,2,0,14,5,15,1,0,7,2,2,8,1,0,6,2,5,0,1,1,0,1,0,312
7,0,11,0,2,2,0,0,1,0,11,0,5,0,3,0,7,6,6,1,0,7,4,11,0,0,2,0,0,1,312
5,2,9,0,1,2,0,0,3,0,17,3,13,0,0,5,4,0,6,0,0,8,2,6,2,0,1,0,0,1,500
6,9,31,5,2,12,0,0,9,7,57,23,18,3,2,6,19,1,4,0,0,7,2,9,2,3,5,0,0,9,312
12,0,15,2,5,4,0,0,0,3,25,11,13,5,2,4,9,3,8,0,0,6,4,14,2,5,0,0,0,6,562
20,3,22,2,6,4,0,0,3,4,35,6,19,3,2,6,18,4,11,0,0,8,3,21,5,3,4,0,3,2,438
10,3,12,0,5,2,0,0,3,2,21,9,12,0,0,2,9,4,11,0,0,12,9,7,0,0,8,0,1,3,438
11,2,23,2,12,4,0,0,2,4,45,6,31,2,1,14,8,0,18,1,0,15,4,16,2,2,3,0,2,9,438
15,2,23,0,9,16,0,0,2,2,29,1,20,1,1,6,18,5,25,1,0,19,14,17,1,1,3,0,6,4,500
4,0,15,3,3,2,0,0,0,4,17,0,8,0,0,5,13,1,8,1,0,4,4,8,1,0,2,0,0,4,375
5,2,13,0,3,3,0,0,2,0,20,10,19,0,0,5,11,3,5,0,0,8,4,11,0,0,2,0,0,1,438
10,1,19,1,6,6,0,0,1,0,24,8,16,2,4,5,24,5,8,1,0,7,2,16,0,2,1,0,1,8,562
1,0,4,0,2,2,0,0,0,0,8,1,5,1,0,2,0,1,4,0,0,1,0,2,0,1,0,0,0,2,188
4,2,20,3,7,7,0,0,2,6,32,8,14,1,1,3,22,1,14,1,0,11,8,8,3,1,6,2,2,13,625
